cyclone_id,cyclone_name,basin,timestamp,latitude,longitude,wind_speed,pressure,pressure_drop,forward_speed_kmh,is_severe,classification
CYC-2018-NIO-001,Mocha,Bay of Bengal,2018-05-21T00:00:00Z,11.08,85.47,31.9,996.9,15.09,19.33,0,Deep Depression
CYC-2018-NIO-001,Mocha,Bay of Bengal,2018-05-21T06:00:00Z,11.58,85.71,34.2,989.6,22.37,12.87,0,Cyclonic Storm
CYC-2018-NIO-001,Mocha,Bay of Bengal,2018-05-21T12:00:00Z,11.91,85.98,39.0,982.5,29.51,10.23,0,Cyclonic Storm
CYC-2018-NIO-001,Mocha,Bay of Bengal,2018-05-21T18:00:00Z,12.37,86.07,45.2,984.0,28.01,11.19,0,Cyclonic Storm
CYC-2018-NIO-001,Mocha,Bay of Bengal,2018-05-22T00:00:00Z,13.11,86.3,48.6,980.8,31.24,10.73,1,Severe Cyclonic Storm
CYC-2018-NIO-001,Mocha,Bay of Bengal,2018-05-22T06:00:00Z,13.59,86.47,50.6,989.0,22.98,9.95,1,Severe Cyclonic Storm
CYC-2018-NIO-001,Mocha,Bay of Bengal,2018-05-22T12:00:00Z,14.08,86.67,53.4,981.5,30.48,18.6,1,Severe Cyclonic Storm
CYC-2018-NIO-001,Mocha,Bay of Bengal,2018-05-22T18:00:00Z,14.63,86.71,54.0,980.4,31.59,23.51,1,Severe Cyclonic Storm
CYC-2018-NIO-001,Mocha,Bay of Bengal,2018-05-23T00:00:00Z,15.18,86.98,55.2,972.6,39.42,12.34,1,Severe Cyclonic Storm
CYC-2018-NIO-001,Mocha,Bay of Bengal,2018-05-23T06:00:00Z,15.68,87.27,59.1,969.5,42.48,10.25,1,Severe Cyclonic Storm
CYC-2018-NIO-001,Mocha,Bay of Bengal,2018-05-23T12:00:00Z,16.26,87.54,64.1,976.6,35.41,9.18,1,Very Severe Cyclonic Storm
CYC-2018-NIO-001,Mocha,Bay of Bengal,2018-05-23T18:00:00Z,16.73,87.71,67.9,975.1,36.86,13.29,1,Very Severe Cyclonic Storm
CYC-2018-NIO-001,Mocha,Bay of Bengal,2018-05-24T00:00:00Z,17.25,87.87,60.4,972.2,39.83,18.2,1,Severe Cyclonic Storm
CYC-2018-NIO-001,Mocha,Bay of Bengal,2018-05-24T06:00:00Z,17.78,88.15,54.9,976.5,35.53,20.17,1,Severe Cyclonic Storm
CYC-2018-NIO-001,Mocha,Bay of Bengal,2018-05-24T12:00:00Z,18.43,88.38,41.9,983.2,28.82,14.84,0,Cyclonic Storm
CYC-2018-NIO-001,Mocha,Bay of Bengal,2018-05-24T18:00:00Z,18.97,88.55,37.1,981.8,30.2,22.52,0,Cyclonic Storm
CYC-2018-NIO-001,Mocha,Bay of Bengal,2018-05-25T00:00:00Z,19.46,88.63,34.5,994.3,17.71,9.23,0,Cyclonic Storm
CYC-2018-NIO-001,Mocha,Bay of Bengal,2018-05-25T06:00:00Z,19.93,88.79,27.6,996.8,15.25,20.86,0,Depression
CYC-2018-NIO-001,Mocha,Bay of Bengal,2018-05-25T12:00:00Z,20.58,89.0,23.8,1000.4,11.58,9.76,0,Depression
CYC-2018-NIO-001,Mocha,Bay of Bengal,2018-05-25T18:00:00Z,21.08,89.08,20.0,1001.0,10.96,8.11,0,Depression
CYC-2018-NIO-001,Mocha,Bay of Bengal,2018-05-26T00:00:00Z,21.4,89.31,20.0,998.8,13.16,13.4,0,Depression
CYC-2018-NIO-002,Biparjoy,Bay of Bengal,2018-06-21T06:00:00Z,9.32,84.52,36.7,999.8,12.17,8.82,0,Cyclonic Storm
CYC-2018-NIO-002,Biparjoy,Bay of Bengal,2018-06-21T12:00:00Z,9.73,84.52,42.3,985.0,27.04,15.83,0,Cyclonic Storm
CYC-2018-NIO-002,Biparjoy,Bay of Bengal,2018-06-21T18:00:00Z,10.2,84.61,50.5,978.0,33.96,13.88,1,Severe Cyclonic Storm
CYC-2018-NIO-002,Biparjoy,Bay of Bengal,2018-06-22T00:00:00Z,10.69,84.74,55.5,979.0,32.99,21.36,1,Severe Cyclonic Storm
CYC-2018-NIO-002,Biparjoy,Bay of Bengal,2018-06-22T06:00:00Z,10.98,84.72,62.4,972.5,39.45,18.84,1,Severe Cyclonic Storm
CYC-2018-NIO-002,Biparjoy,Bay of Bengal,2018-06-22T12:00:00Z,11.36,84.71,70.4,964.9,47.13,10.79,1,Very Severe Cyclonic Storm
CYC-2018-NIO-002,Biparjoy,Bay of Bengal,2018-06-22T18:00:00Z,11.66,84.86,75.5,965.4,46.61,22.8,1,Very Severe Cyclonic Storm
CYC-2018-NIO-002,Biparjoy,Bay of Bengal,2018-06-23T00:00:00Z,12.01,84.93,84.3,963.5,48.49,16.88,1,Very Severe Cyclonic Storm
CYC-2018-NIO-002,Biparjoy,Bay of Bengal,2018-06-23T06:00:00Z,12.26,84.97,91.6,960.2,51.81,13.42,1,Extremely Severe Cyclonic Storm
CYC-2018-NIO-002,Biparjoy,Bay of Bengal,2018-06-23T12:00:00Z,12.74,84.92,99.5,957.2,54.83,9.35,1,Extremely Severe Cyclonic Storm
CYC-2018-NIO-002,Biparjoy,Bay of Bengal,2018-06-23T18:00:00Z,13.14,84.89,109.9,947.9,64.07,18.43,1,Extremely Severe Cyclonic Storm
CYC-2018-NIO-002,Biparjoy,Bay of Bengal,2018-06-24T00:00:00Z,13.57,84.83,115.1,938.4,73.61,19.94,1,Extremely Severe Cyclonic Storm
CYC-2018-NIO-002,Biparjoy,Bay of Bengal,2018-06-24T06:00:00Z,14.03,84.89,123.5,945.5,66.51,9.5,1,Super Cyclonic Storm
CYC-2018-NIO-002,Biparjoy,Bay of Bengal,2018-06-24T12:00:00Z,14.29,84.85,132.0,931.9,80.13,18.1,1,Super Cyclonic Storm
CYC-2018-NIO-002,Biparjoy,Bay of Bengal,2018-06-24T18:00:00Z,14.67,84.99,122.8,949.2,62.78,11.12,1,Super Cyclonic Storm
CYC-2018-NIO-002,Biparjoy,Bay of Bengal,2018-06-25T00:00:00Z,14.97,85.09,112.8,943.8,68.25,10.83,1,Extremely Severe Cyclonic Storm
CYC-2018-NIO-002,Biparjoy,Bay of Bengal,2018-06-25T06:00:00Z,15.33,85.17,101.8,950.6,61.37,23.42,1,Extremely Severe Cyclonic Storm
CYC-2018-NIO-002,Biparjoy,Bay of Bengal,2018-06-25T12:00:00Z,15.67,85.26,89.3,957.0,54.98,13.07,1,Very Severe Cyclonic Storm
CYC-2018-NIO-002,Biparjoy,Bay of Bengal,2018-06-25T18:00:00Z,16.06,85.18,79.1,966.1,45.9,17.12,1,Very Severe Cyclonic Storm
CYC-2018-NIO-002,Biparjoy,Bay of Bengal,2018-06-26T00:00:00Z,16.46,85.14,66.6,972.3,39.75,19.85,1,Very Severe Cyclonic Storm
CYC-2018-NIO-002,Biparjoy,Bay of Bengal,2018-06-26T06:00:00Z,16.92,85.25,60.2,972.1,39.87,20.95,1,Severe Cyclonic Storm
CYC-2018-NIO-002,Biparjoy,Bay of Bengal,2018-06-26T12:00:00Z,17.32,85.29,50.3,985.3,26.69,16.02,1,Severe Cyclonic Storm
CYC-2018-NIO-002,Biparjoy,Bay of Bengal,2018-06-26T18:00:00Z,17.74,85.41,38.1,991.8,20.23,22.24,0,Cyclonic Storm
CYC-2018-NIO-003,Tej,Arabian Sea,2018-07-18T00:00:00Z,10.79,68.34,27.7,987.9,24.14,13.23,0,Depression
CYC-2018-NIO-003,Tej,Arabian Sea,2018-07-18T06:00:00Z,11.14,68.4,29.4,996.4,15.55,21.47,0,Deep Depression
CYC-2018-NIO-003,Tej,Arabian Sea,2018-07-18T12:00:00Z,11.49,68.29,29.6,995.9,16.09,10.12,0,Deep Depression
CYC-2018-NIO-003,Tej,Arabian Sea,2018-07-18T18:00:00Z,11.87,68.25,34.6,989.5,22.49,12.01,0,Cyclonic Storm
CYC-2018-NIO-003,Tej,Arabian Sea,2018-07-19T00:00:00Z,12.4,68.19,33.3,990.7,21.33,9.5,0,Deep Depression
CYC-2018-NIO-003,Tej,Arabian Sea,2018-07-19T06:00:00Z,12.81,68.36,33.5,999.6,12.39,19.68,0,Deep Depression
CYC-2018-NIO-003,Tej,Arabian Sea,2018-07-19T12:00:00Z,13.2,68.31,33.9,990.6,21.38,9.51,0,Deep Depression
CYC-2018-NIO-003,Tej,Arabian Sea,2018-07-19T18:00:00Z,13.64,68.35,34.7,982.8,29.19,18.4,0,Cyclonic Storm
CYC-2018-NIO-003,Tej,Arabian Sea,2018-07-20T00:00:00Z,14.0,68.39,42.8,986.6,25.37,18.94,0,Cyclonic Storm
CYC-2018-NIO-003,Tej,Arabian Sea,2018-07-20T06:00:00Z,14.43,68.4,47.0,985.9,26.06,18.83,0,Cyclonic Storm
CYC-2018-NIO-003,Tej,Arabian Sea,2018-07-20T12:00:00Z,14.74,68.41,49.7,984.0,27.96,18.02,1,Severe Cyclonic Storm
CYC-2018-NIO-003,Tej,Arabian Sea,2018-07-20T18:00:00Z,15.16,68.49,50.1,978.4,33.56,11.43,1,Severe Cyclonic Storm
CYC-2018-NIO-003,Tej,Arabian Sea,2018-07-21T00:00:00Z,15.51,68.48,48.8,987.2,24.83,18.49,1,Severe Cyclonic Storm
CYC-2018-NIO-003,Tej,Arabian Sea,2018-07-21T06:00:00Z,16.02,68.4,48.1,979.8,32.18,15.94,1,Severe Cyclonic Storm
CYC-2018-NIO-003,Tej,Arabian Sea,2018-07-21T12:00:00Z,16.33,68.5,50.8,981.2,30.8,16.77,1,Severe Cyclonic Storm
CYC-2018-NIO-003,Tej,Arabian Sea,2018-07-21T18:00:00Z,16.85,68.34,55.8,980.6,31.37,10.04,1,Severe Cyclonic Storm
CYC-2018-NIO-003,Tej,Arabian Sea,2018-07-22T00:00:00Z,17.27,68.22,57.9,981.5,30.48,11.82,1,Severe Cyclonic Storm
CYC-2018-NIO-003,Tej,Arabian Sea,2018-07-22T06:00:00Z,17.75,68.28,58.5,971.6,40.45,16.55,1,Severe Cyclonic Storm
CYC-2018-NIO-003,Tej,Arabian Sea,2018-07-22T12:00:00Z,17.94,68.27,59.1,975.4,36.63,8.86,1,Severe Cyclonic Storm
CYC-2018-NIO-003,Tej,Arabian Sea,2018-07-22T18:00:00Z,18.36,68.25,60.4,983.8,28.17,15.89,1,Severe Cyclonic Storm
CYC-2018-NIO-003,Tej,Arabian Sea,2018-07-23T00:00:00Z,18.83,68.42,58.8,977.7,34.27,22.89,1,Severe Cyclonic Storm
CYC-2018-NIO-003,Tej,Arabian Sea,2018-07-23T06:00:00Z,19.36,68.45,56.0,978.7,33.3,21.42,1,Severe Cyclonic Storm
CYC-2018-NIO-003,Tej,Arabian Sea,2018-07-23T12:00:00Z,19.63,68.41,51.3,980.3,31.73,10.35,1,Severe Cyclonic Storm
CYC-2018-NIO-003,Tej,Arabian Sea,2018-07-23T18:00:00Z,19.89,68.42,46.2,985.3,26.74,22.09,0,Cyclonic Storm
CYC-2018-NIO-003,Tej,Arabian Sea,2018-07-24T00:00:00Z,20.3,68.4,48.0,987.5,24.52,19.33,0,Cyclonic Storm
CYC-2018-NIO-003,Tej,Arabian Sea,2018-07-24T06:00:00Z,20.5,68.36,48.0,986.5,25.49,13.28,1,Severe Cyclonic Storm
CYC-2018-NIO-003,Tej,Arabian Sea,2018-07-24T12:00:00Z,20.76,68.32,41.9,979.2,32.81,19.86,0,Cyclonic Storm
CYC-2018-NIO-003,Tej,Arabian Sea,2018-07-24T18:00:00Z,21.2,68.36,37.3,994.2,17.85,11.8,0,Cyclonic Storm
CYC-2018-NIO-003,Tej,Arabian Sea,2018-07-25T00:00:00Z,21.54,68.16,34.6,987.8,24.16,14.98,0,Cyclonic Storm
CYC-2018-NIO-003,Tej,Arabian Sea,2018-07-25T06:00:00Z,21.77,68.2,32.5,993.6,18.39,19.13,0,Deep Depression
CYC-2018-NIO-003,Tej,Arabian Sea,2018-07-25T12:00:00Z,22.1,68.12,26.4,993.3,18.67,22.64,0,Depression
CYC-2018-NIO-003,Tej,Arabian Sea,2018-07-25T18:00:00Z,22.42,68.1,26.4,994.2,17.8,18.35,0,Depression
CYC-2018-NIO-003,Tej,Arabian Sea,2018-07-26T00:00:00Z,22.7,68.05,25.9,991.1,20.88,12.16,0,Depression
CYC-2018-NIO-004,Hamoon,Bay of Bengal,2018-09-05T06:00:00Z,9.35,88.82,39.5,994.2,17.77,14.69,0,Cyclonic Storm
CYC-2018-NIO-004,Hamoon,Bay of Bengal,2018-09-05T12:00:00Z,9.83,88.75,48.5,988.3,23.67,23.52,1,Severe Cyclonic Storm
CYC-2018-NIO-004,Hamoon,Bay of Bengal,2018-09-05T18:00:00Z,10.23,88.74,56.0,974.8,37.21,12.37,1,Severe Cyclonic Storm
CYC-2018-NIO-004,Hamoon,Bay of Bengal,2018-09-06T00:00:00Z,10.61,88.71,67.5,974.0,38.03,15.21,1,Very Severe Cyclonic Storm
CYC-2018-NIO-004,Hamoon,Bay of Bengal,2018-09-06T06:00:00Z,10.88,88.72,82.1,968.9,43.09,13.73,1,Very Severe Cyclonic Storm
CYC-2018-NIO-004,Hamoon,Bay of Bengal,2018-09-06T12:00:00Z,11.29,88.63,97.6,953.9,58.12,16.32,1,Extremely Severe Cyclonic Storm
CYC-2018-NIO-004,Hamoon,Bay of Bengal,2018-09-06T18:00:00Z,11.69,88.69,112.1,945.4,66.61,14.46,1,Extremely Severe Cyclonic Storm
CYC-2018-NIO-004,Hamoon,Bay of Bengal,2018-09-07T00:00:00Z,12.12,88.76,122.6,941.2,70.84,10.18,1,Super Cyclonic Storm
CYC-2018-NIO-004,Hamoon,Bay of Bengal,2018-09-07T06:00:00Z,12.36,88.84,136.9,929.3,82.66,13.57,1,Super Cyclonic Storm
CYC-2018-NIO-004,Hamoon,Bay of Bengal,2018-09-07T12:00:00Z,12.86,88.82,114.5,937.8,74.19,21.8,1,Extremely Severe Cyclonic Storm
CYC-2018-NIO-004,Hamoon,Bay of Bengal,2018-09-07T18:00:00Z,13.24,88.85,96.8,947.2,64.76,23.68,1,Extremely Severe Cyclonic Storm
CYC-2018-NIO-004,Hamoon,Bay of Bengal,2018-09-08T00:00:00Z,13.46,88.81,81.8,965.6,46.38,9.21,1,Very Severe Cyclonic Storm
CYC-2018-NIO-004,Hamoon,Bay of Bengal,2018-09-08T06:00:00Z,13.75,88.81,61.6,973.9,38.11,15.58,1,Severe Cyclonic Storm
CYC-2018-NIO-004,Hamoon,Bay of Bengal,2018-09-08T12:00:00Z,14.05,88.82,44.6,982.1,29.92,10.83,0,Cyclonic Storm
CYC-2018-NIO-004,Hamoon,Bay of Bengal,2018-09-08T18:00:00Z,14.32,88.77,26.1,987.2,24.8,19.05,0,Depression
CYC-2018-NIO-005,Midhili,Bay of Bengal,2018-10-21T00:00:00Z,11.64,84.49,35.0,991.3,20.73,11.78,0,Cyclonic Storm
CYC-2018-NIO-005,Midhili,Bay of Bengal,2018-10-21T06:00:00Z,12.04,84.92,37.7,989.9,22.1,10.36,0,Cyclonic Storm
CYC-2018-NIO-005,Midhili,Bay of Bengal,2018-10-21T12:00:00Z,12.46,85.16,41.8,989.5,22.48,8.49,0,Cyclonic Storm
CYC-2018-NIO-005,Midhili,Bay of Bengal,2018-10-21T18:00:00Z,12.81,85.54,43.2,985.1,26.86,19.8,0,Cyclonic Storm
CYC-2018-NIO-005,Midhili,Bay of Bengal,2018-10-22T00:00:00Z,13.22,85.73,43.3,986.8,25.16,13.49,0,Cyclonic Storm
CYC-2018-NIO-005,Midhili,Bay of Bengal,2018-10-22T06:00:00Z,13.42,86.01,45.9,993.2,18.84,17.35,0,Cyclonic Storm
CYC-2018-NIO-005,Midhili,Bay of Bengal,2018-10-22T12:00:00Z,13.84,86.44,52.0,988.7,23.27,14.06,1,Severe Cyclonic Storm
CYC-2018-NIO-005,Midhili,Bay of Bengal,2018-10-22T18:00:00Z,14.28,86.72,52.4,983.0,29.04,15.97,1,Severe Cyclonic Storm
CYC-2018-NIO-005,Midhili,Bay of Bengal,2018-10-23T00:00:00Z,14.7,87.01,55.1,969.8,42.2,21.61,1,Severe Cyclonic Storm
CYC-2018-NIO-005,Midhili,Bay of Bengal,2018-10-23T06:00:00Z,15.1,87.38,58.3,978.8,33.18,19.57,1,Severe Cyclonic Storm
CYC-2018-NIO-005,Midhili,Bay of Bengal,2018-10-23T12:00:00Z,15.53,87.75,58.0,987.7,24.33,21.42,1,Severe Cyclonic Storm
CYC-2018-NIO-005,Midhili,Bay of Bengal,2018-10-23T18:00:00Z,15.84,88.11,61.6,981.9,30.12,19.32,1,Severe Cyclonic Storm
CYC-2018-NIO-005,Midhili,Bay of Bengal,2018-10-24T00:00:00Z,16.2,88.42,66.3,972.3,39.74,13.13,1,Very Severe Cyclonic Storm
CYC-2018-NIO-005,Midhili,Bay of Bengal,2018-10-24T06:00:00Z,16.45,88.83,73.6,960.0,51.95,16.78,1,Very Severe Cyclonic Storm
CYC-2018-NIO-005,Midhili,Bay of Bengal,2018-10-24T12:00:00Z,16.88,89.05,81.6,960.6,51.37,20.71,1,Very Severe Cyclonic Storm
CYC-2018-NIO-005,Midhili,Bay of Bengal,2018-10-24T18:00:00Z,17.22,89.47,78.3,960.1,51.94,22.82,1,Very Severe Cyclonic Storm
CYC-2018-NIO-005,Midhili,Bay of Bengal,2018-10-25T00:00:00Z,17.65,89.81,71.8,971.5,40.53,21.2,1,Very Severe Cyclonic Storm
CYC-2018-NIO-005,Midhili,Bay of Bengal,2018-10-25T06:00:00Z,17.99,90.06,65.4,973.7,38.26,13.06,1,Very Severe Cyclonic Storm
CYC-2018-NIO-005,Midhili,Bay of Bengal,2018-10-25T12:00:00Z,18.51,90.43,56.4,976.6,35.42,22.39,1,Severe Cyclonic Storm
CYC-2018-NIO-005,Midhili,Bay of Bengal,2018-10-25T18:00:00Z,18.95,90.91,46.8,977.6,34.41,13.69,0,Cyclonic Storm
CYC-2018-NIO-005,Midhili,Bay of Bengal,2018-10-26T00:00:00Z,19.38,91.03,48.0,988.9,23.05,13.33,0,Cyclonic Storm
CYC-2018-NIO-005,Midhili,Bay of Bengal,2018-10-26T06:00:00Z,19.84,91.42,39.1,988.4,23.61,17.17,0,Cyclonic Storm
CYC-2018-NIO-005,Midhili,Bay of Bengal,2018-10-26T12:00:00Z,20.3,91.78,35.5,989.0,22.97,19.43,0,Cyclonic Storm
CYC-2018-NIO-005,Midhili,Bay of Bengal,2018-10-26T18:00:00Z,20.82,92.08,30.7,989.8,22.19,14.06,0,Deep Depression
CYC-2018-NIO-005,Midhili,Bay of Bengal,2018-10-27T00:00:00Z,21.38,92.31,20.0,1000.7,11.27,15.78,0,Depression
CYC-2018-NIO-006,Michaung,Arabian Sea,2018-11-26T06:00:00Z,12.16,68.34,31.0,987.6,24.39,12.61,0,Deep Depression
CYC-2018-NIO-006,Michaung,Arabian Sea,2018-11-26T12:00:00Z,12.6,68.23,38.2,985.3,26.68,17.49,0,Cyclonic Storm
CYC-2018-NIO-006,Michaung,Arabian Sea,2018-11-26T18:00:00Z,13.07,68.16,42.5,985.8,26.22,9.24,0,Cyclonic Storm
CYC-2018-NIO-006,Michaung,Arabian Sea,2018-11-27T00:00:00Z,13.4,67.99,48.8,981.1,30.86,13.31,1,Severe Cyclonic Storm
CYC-2018-NIO-006,Michaung,Arabian Sea,2018-11-27T06:00:00Z,13.69,67.81,51.2,987.0,25.05,19.91,1,Severe Cyclonic Storm
CYC-2018-NIO-006,Michaung,Arabian Sea,2018-11-27T12:00:00Z,14.11,67.63,54.9,980.1,31.94,14.63,1,Severe Cyclonic Storm
CYC-2018-NIO-006,Michaung,Arabian Sea,2018-11-27T18:00:00Z,14.36,67.28,60.7,978.7,33.32,8.53,1,Severe Cyclonic Storm
CYC-2018-NIO-006,Michaung,Arabian Sea,2018-11-28T00:00:00Z,14.72,67.18,63.8,974.8,37.19,8.54,1,Severe Cyclonic Storm
CYC-2018-NIO-006,Michaung,Arabian Sea,2018-11-28T06:00:00Z,15.18,66.99,67.5,968.6,43.41,11.4,1,Very Severe Cyclonic Storm
CYC-2018-NIO-006,Michaung,Arabian Sea,2018-11-28T12:00:00Z,15.59,66.87,77.6,958.9,53.08,21.77,1,Very Severe Cyclonic Storm
CYC-2018-NIO-006,Michaung,Arabian Sea,2018-11-28T18:00:00Z,15.86,66.75,81.0,958.9,53.07,14.36,1,Very Severe Cyclonic Storm
CYC-2018-NIO-006,Michaung,Arabian Sea,2018-11-29T00:00:00Z,16.35,66.6,85.6,952.1,59.87,18.0,1,Very Severe Cyclonic Storm
CYC-2018-NIO-006,Michaung,Arabian Sea,2018-11-29T06:00:00Z,16.81,66.44,87.8,962.1,49.9,19.42,1,Very Severe Cyclonic Storm
CYC-2018-NIO-006,Michaung,Arabian Sea,2018-11-29T12:00:00Z,17.38,66.47,92.2,942.4,69.61,20.25,1,Extremely Severe Cyclonic Storm
CYC-2018-NIO-006,Michaung,Arabian Sea,2018-11-29T18:00:00Z,17.73,66.28,98.0,952.5,59.51,12.36,1,Extremely Severe Cyclonic Storm
CYC-2018-NIO-006,Michaung,Arabian Sea,2018-11-30T00:00:00Z,18.11,66.23,105.9,939.7,72.25,12.06,1,Extremely Severe Cyclonic Storm
CYC-2018-NIO-006,Michaung,Arabian Sea,2018-11-30T06:00:00Z,18.49,65.99,108.0,951.2,60.77,17.11,1,Extremely Severe Cyclonic Storm
CYC-2018-NIO-006,Michaung,Arabian Sea,2018-11-30T12:00:00Z,18.88,65.94,115.3,945.3,66.66,23.82,1,Extremely Severe Cyclonic Storm
CYC-2018-NIO-006,Michaung,Arabian Sea,2018-11-30T18:00:00Z,19.35,65.85,120.2,935.6,76.37,13.18,1,Super Cyclonic Storm
CYC-2018-NIO-006,Michaung,Arabian Sea,2018-12-01T00:00:00Z,19.75,65.67,127.1,937.6,74.4,9.96,1,Super Cyclonic Storm
CYC-2018-NIO-006,Michaung,Arabian Sea,2018-12-01T06:00:00Z,20.15,65.61,117.7,942.4,69.56,18.0,1,Extremely Severe Cyclonic Storm
CYC-2018-NIO-006,Michaung,Arabian Sea,2018-12-01T12:00:00Z,20.6,65.44,110.4,945.4,66.62,21.29,1,Extremely Severe Cyclonic Storm
CYC-2018-NIO-006,Michaung,Arabian Sea,2018-12-01T18:00:00Z,21.07,65.26,99.9,950.6,61.37,11.51,1,Extremely Severe Cyclonic Storm
CYC-2018-NIO-006,Michaung,Arabian Sea,2018-12-02T00:00:00Z,21.46,65.06,91.8,958.2,53.75,10.91,1,Extremely Severe Cyclonic Storm
CYC-2018-NIO-006,Michaung,Arabian Sea,2018-12-02T06:00:00Z,22.02,64.71,81.5,967.3,44.68,14.44,1,Very Severe Cyclonic Storm
CYC-2018-NIO-006,Michaung,Arabian Sea,2018-12-02T12:00:00Z,22.45,64.48,76.0,965.5,46.49,22.41,1,Very Severe Cyclonic Storm
CYC-2018-NIO-006,Michaung,Arabian Sea,2018-12-02T18:00:00Z,22.91,64.45,67.6,976.7,35.3,21.04,1,Very Severe Cyclonic Storm
CYC-2018-NIO-006,Michaung,Arabian Sea,2018-12-03T00:00:00Z,23.22,64.32,59.6,965.9,46.09,19.52,1,Severe Cyclonic Storm
CYC-2018-NIO-006,Michaung,Arabian Sea,2018-12-03T06:00:00Z,23.53,64.12,53.8,983.1,28.88,18.13,1,Severe Cyclonic Storm
CYC-2018-NIO-006,Michaung,Arabian Sea,2018-12-03T12:00:00Z,24.12,63.98,46.5,988.7,23.3,20.33,0,Cyclonic Storm
CYC-2018-NIO-006,Michaung,Arabian Sea,2018-12-03T18:00:00Z,24.35,63.77,38.0,988.3,23.67,9.09,0,Cyclonic Storm
CYC-2018-NIO-006,Michaung,Arabian Sea,2018-12-04T00:00:00Z,24.71,63.74,29.3,996.2,15.83,17.77,0,Deep Depression
CYC-2018-NIO-006,Michaung,Arabian Sea,2018-12-04T06:00:00Z,25.07,63.66,25.5,996.2,15.81,16.64,0,Depression
CYC-2018-NIO-007,Remal,Bay of Bengal,2019-01-16T12:00:00Z,8.2,88.99,30.3,1001.0,10.96,11.94,0,Deep Depression
CYC-2018-NIO-007,Remal,Bay of Bengal,2019-01-16T18:00:00Z,8.68,89.1,32.3,996.3,15.67,17.44,0,Deep Depression
CYC-2018-NIO-007,Remal,Bay of Bengal,2019-01-17T00:00:00Z,9.06,89.15,36.3,992.7,19.3,10.96,0,Cyclonic Storm
CYC-2018-NIO-007,Remal,Bay of Bengal,2019-01-17T06:00:00Z,9.59,89.24,42.1,989.2,22.77,18.54,0,Cyclonic Storm
CYC-2018-NIO-007,Remal,Bay of Bengal,2019-01-17T12:00:00Z,10.1,89.34,46.1,977.7,34.29,11.54,0,Cyclonic Storm
CYC-2018-NIO-007,Remal,Bay of Bengal,2019-01-17T18:00:00Z,10.61,89.43,51.1,980.5,31.52,23.54,1,Severe Cyclonic Storm
CYC-2018-NIO-007,Remal,Bay of Bengal,2019-01-18T00:00:00Z,11.05,89.55,55.3,978.9,33.07,13.11,1,Severe Cyclonic Storm
CYC-2018-NIO-007,Remal,Bay of Bengal,2019-01-18T06:00:00Z,11.38,89.67,57.4,982.7,29.31,19.6,1,Severe Cyclonic Storm
CYC-2018-NIO-007,Remal,Bay of Bengal,2019-01-18T12:00:00Z,11.8,89.7,64.4,974.1,37.86,13.1,1,Very Severe Cyclonic Storm
CYC-2018-NIO-007,Remal,Bay of Bengal,2019-01-18T18:00:00Z,12.31,89.8,65.8,974.8,37.17,8.39,1,Very Severe Cyclonic Storm
CYC-2018-NIO-007,Remal,Bay of Bengal,2019-01-19T00:00:00Z,12.76,89.96,69.0,976.3,35.74,15.68,1,Very Severe Cyclonic Storm
CYC-2018-NIO-007,Remal,Bay of Bengal,2019-01-19T06:00:00Z,13.28,90.05,69.7,963.1,48.87,19.8,1,Very Severe Cyclonic Storm
CYC-2018-NIO-007,Remal,Bay of Bengal,2019-01-19T12:00:00Z,13.69,90.1,71.2,965.6,46.38,12.74,1,Very Severe Cyclonic Storm
CYC-2018-NIO-007,Remal,Bay of Bengal,2019-01-19T18:00:00Z,13.98,90.08,73.2,970.8,41.18,23.2,1,Very Severe Cyclonic Storm
CYC-2018-NIO-007,Remal,Bay of Bengal,2019-01-20T00:00:00Z,14.5,90.13,77.2,968.4,43.64,17.81,1,Very Severe Cyclonic Storm
CYC-2018-NIO-007,Remal,Bay of Bengal,2019-01-20T06:00:00Z,15.03,90.34,78.2,965.4,46.64,10.82,1,Very Severe Cyclonic Storm
CYC-2018-NIO-007,Remal,Bay of Bengal,2019-01-20T12:00:00Z,15.42,90.36,73.8,972.5,39.52,8.93,1,Very Severe Cyclonic Storm
CYC-2018-NIO-007,Remal,Bay of Bengal,2019-01-20T18:00:00Z,15.84,90.34,65.8,976.7,35.27,10.46,1,Very Severe Cyclonic Storm
CYC-2018-NIO-007,Remal,Bay of Bengal,2019-01-21T00:00:00Z,16.24,90.46,59.2,970.4,41.61,17.49,1,Severe Cyclonic Storm
CYC-2018-NIO-007,Remal,Bay of Bengal,2019-01-21T06:00:00Z,16.61,90.55,54.1,981.9,30.14,10.07,1,Severe Cyclonic Storm
CYC-2018-NIO-007,Remal,Bay of Bengal,2019-01-21T12:00:00Z,17.08,90.65,46.5,992.2,19.83,9.39,0,Cyclonic Storm
CYC-2018-NIO-007,Remal,Bay of Bengal,2019-01-21T18:00:00Z,17.38,90.62,38.2,985.3,26.73,15.93,0,Cyclonic Storm
CYC-2018-NIO-007,Remal,Bay of Bengal,2019-01-22T00:00:00Z,17.78,90.71,32.2,997.4,14.58,15.69,0,Deep Depression
CYC-2018-NIO-007,Remal,Bay of Bengal,2019-01-22T06:00:00Z,18.32,90.81,22.9,993.7,18.26,17.05,0,Depression
CYC-2018-NIO-007,Remal,Bay of Bengal,2019-01-22T12:00:00Z,18.81,90.85,20.0,1004.4,7.57,21.61,0,Depression
CYC-2018-NIO-007,Remal,Bay of Bengal,2019-01-22T18:00:00Z,19.28,90.98,20.0,1003.4,8.57,18.88,0,Depression
CYC-2018-NIO-007,Remal,Bay of Bengal,2019-01-23T00:00:00Z,19.83,91.11,20.0,1000.6,11.41,13.36,0,Depression
CYC-2019-NIO-008,Asna,Bay of Bengal,2019-02-26T06:00:00Z,11.24,88.06,40.8,984.0,27.99,8.15,0,Cyclonic Storm
CYC-2019-NIO-008,Asna,Bay of Bengal,2019-02-26T12:00:00Z,11.53,88.12,55.2,978.0,34.05,14.27,1,Severe Cyclonic Storm
CYC-2019-NIO-008,Asna,Bay of Bengal,2019-02-26T18:00:00Z,11.88,88.11,66.1,974.3,37.68,20.33,1,Very Severe Cyclonic Storm
CYC-2019-NIO-008,Asna,Bay of Bengal,2019-02-27T00:00:00Z,12.24,88.23,76.7,965.8,46.19,9.2,1,Very Severe Cyclonic Storm
CYC-2019-NIO-008,Asna,Bay of Bengal,2019-02-27T06:00:00Z,12.49,88.42,90.9,964.3,47.66,14.14,1,Extremely Severe Cyclonic Storm
CYC-2019-NIO-008,Asna,Bay of Bengal,2019-02-27T12:00:00Z,12.89,88.43,102.7,945.5,66.54,23.11,1,Extremely Severe Cyclonic Storm
CYC-2019-NIO-008,Asna,Bay of Bengal,2019-02-27T18:00:00Z,13.29,88.48,116.4,940.2,71.83,20.37,1,Extremely Severe Cyclonic Storm
CYC-2019-NIO-008,Asna,Bay of Bengal,2019-02-28T00:00:00Z,13.55,88.5,124.7,934.9,77.11,13.13,1,Super Cyclonic Storm
CYC-2019-NIO-008,Asna,Bay of Bengal,2019-02-28T06:00:00Z,13.93,88.61,137.5,928.4,83.64,19.44,1,Super Cyclonic Storm
CYC-2019-NIO-008,Asna,Bay of Bengal,2019-02-28T12:00:00Z,14.14,88.86,122.8,938.9,73.06,11.26,1,Super Cyclonic Storm
CYC-2019-NIO-008,Asna,Bay of Bengal,2019-02-28T18:00:00Z,14.57,88.7,103.8,948.7,63.3,23.48,1,Extremely Severe Cyclonic Storm
CYC-2019-NIO-008,Asna,Bay of Bengal,2019-03-01T00:00:00Z,14.86,88.64,89.6,960.6,51.36,16.93,1,Very Severe Cyclonic Storm
CYC-2019-NIO-008,Asna,Bay of Bengal,2019-03-01T06:00:00Z,15.12,88.65,75.2,971.5,40.52,17.44,1,Very Severe Cyclonic Storm
CYC-2019-NIO-008,Asna,Bay of Bengal,2019-03-01T12:00:00Z,15.44,88.69,57.8,972.6,39.4,18.89,1,Severe Cyclonic Storm
CYC-2019-NIO-008,Asna,Bay of Bengal,2019-03-01T18:00:00Z,15.77,88.72,37.8,994.4,17.61,20.11,0,Cyclonic Storm
CYC-2019-NIO-008,Asna,Bay of Bengal,2019-03-02T00:00:00Z,16.15,88.84,20.9,999.6,12.37,15.72,0,Depression
CYC-2019-NIO-009,Dana,Arabian Sea,2019-04-14T06:00:00Z,9.96,68.14,28.5,991.0,21.02,21.14,0,Deep Depression
CYC-2019-NIO-009,Dana,Arabian Sea,2019-04-14T12:00:00Z,10.29,68.0,30.9,997.0,15.05,17.87,0,Deep Depression
CYC-2019-NIO-009,Dana,Arabian Sea,2019-04-14T18:00:00Z,10.5,67.94,35.5,992.9,19.06,17.8,0,Cyclonic Storm
CYC-2019-NIO-009,Dana,Arabian Sea,2019-04-15T00:00:00Z,10.99,67.8,41.8,991.6,20.4,20.54,0,Cyclonic Storm
CYC-2019-NIO-009,Dana,Arabian Sea,2019-04-15T06:00:00Z,11.27,67.67,43.4,981.1,30.89,19.6,0,Cyclonic Storm
CYC-2019-NIO-009,Dana,Arabian Sea,2019-04-15T12:00:00Z,11.74,67.63,50.1,980.2,31.78,13.26,1,Severe Cyclonic Storm
CYC-2019-NIO-009,Dana,Arabian Sea,2019-04-15T18:00:00Z,12.2,67.49,51.8,985.1,26.9,8.7,1,Severe Cyclonic Storm
CYC-2019-NIO-009,Dana,Arabian Sea,2019-04-16T00:00:00Z,12.42,67.46,52.8,992.7,19.31,9.3,1,Severe Cyclonic Storm
CYC-2019-NIO-009,Dana,Arabian Sea,2019-04-16T06:00:00Z,12.64,67.3,52.1,979.2,32.77,21.45,1,Severe Cyclonic Storm
CYC-2019-NIO-009,Dana,Arabian Sea,2019-04-16T12:00:00Z,13.05,67.15,56.9,980.9,31.13,20.28,1,Severe Cyclonic Storm
CYC-2019-NIO-009,Dana,Arabian Sea,2019-04-16T18:00:00Z,13.63,67.06,64.1,975.2,36.83,8.47,1,Very Severe Cyclonic Storm
CYC-2019-NIO-009,Dana,Arabian Sea,2019-04-17T00:00:00Z,14.08,66.81,68.8,972.5,39.51,18.48,1,Very Severe Cyclonic Storm
CYC-2019-NIO-009,Dana,Arabian Sea,2019-04-17T06:00:00Z,14.3,66.56,73.3,967.5,44.48,11.77,1,Very Severe Cyclonic Storm
CYC-2019-NIO-009,Dana,Arabian Sea,2019-04-17T12:00:00Z,14.59,66.55,78.6,969.9,42.07,13.97,1,Very Severe Cyclonic Storm
CYC-2019-NIO-009,Dana,Arabian Sea,2019-04-17T18:00:00Z,14.71,66.45,80.4,960.8,51.19,9.56,1,Very Severe Cyclonic Storm
CYC-2019-NIO-009,Dana,Arabian Sea,2019-04-18T00:00:00Z,15.16,66.2,86.1,963.9,48.09,9.52,1,Very Severe Cyclonic Storm
CYC-2019-NIO-009,Dana,Arabian Sea,2019-04-18T06:00:00Z,15.38,66.16,90.2,956.7,55.28,8.14,1,Extremely Severe Cyclonic Storm
CYC-2019-NIO-009,Dana,Arabian Sea,2019-04-18T12:00:00Z,15.85,66.16,89.4,956.2,55.83,11.75,1,Very Severe Cyclonic Storm
CYC-2019-NIO-009,Dana,Arabian Sea,2019-04-18T18:00:00Z,16.16,66.11,90.2,950.1,61.93,18.71,1,Extremely Severe Cyclonic Storm
CYC-2019-NIO-009,Dana,Arabian Sea,2019-04-19T00:00:00Z,16.48,65.89,85.9,960.9,51.06,12.04,1,Very Severe Cyclonic Storm
CYC-2019-NIO-009,Dana,Arabian Sea,2019-04-19T06:00:00Z,16.7,65.65,87.1,964.6,47.43,16.54,1,Very Severe Cyclonic Storm
CYC-2019-NIO-009,Dana,Arabian Sea,2019-04-19T12:00:00Z,17.08,65.6,81.5,962.5,49.54,16.93,1,Very Severe Cyclonic Storm
CYC-2019-NIO-009,Dana,Arabian Sea,2019-04-19T18:00:00Z,17.37,65.48,81.7,965.5,46.51,10.88,1,Very Severe Cyclonic Storm
CYC-2019-NIO-009,Dana,Arabian Sea,2019-04-20T00:00:00Z,17.83,65.42,80.1,954.1,57.85,18.98,1,Very Severe Cyclonic Storm
CYC-2019-NIO-009,Dana,Arabian Sea,2019-04-20T06:00:00Z,18.16,65.32,76.8,959.2,52.79,13.48,1,Very Severe Cyclonic Storm
CYC-2019-NIO-009,Dana,Arabian Sea,2019-04-20T12:00:00Z,18.4,65.21,73.8,968.2,43.79,10.6,1,Very Severe Cyclonic Storm
CYC-2019-NIO-009,Dana,Arabian Sea,2019-04-20T18:00:00Z,18.78,65.02,72.1,966.4,45.62,23.41,1,Very Severe Cyclonic Storm
CYC-2019-NIO-009,Dana,Arabian Sea,2019-04-21T00:00:00Z,19.17,64.8,69.3,971.2,40.81,8.28,1,Very Severe Cyclonic Storm
CYC-2019-NIO-009,Dana,Arabian Sea,2019-04-21T06:00:00Z,19.55,64.63,65.5,974.7,37.29,9.81,1,Very Severe Cyclonic Storm
CYC-2019-NIO-009,Dana,Arabian Sea,2019-04-21T12:00:00Z,19.92,64.52,61.4,979.1,32.88,17.23,1,Severe Cyclonic Storm
CYC-2019-NIO-009,Dana,Arabian Sea,2019-04-21T18:00:00Z,20.17,64.36,62.6,978.2,33.82,21.86,1,Severe Cyclonic Storm
CYC-2019-NIO-009,Dana,Arabian Sea,2019-04-22T00:00:00Z,20.48,64.19,59.0,973.5,38.51,20.24,1,Severe Cyclonic Storm
CYC-2019-NIO-010,Amphan,Bay of Bengal,2019-05-28T06:00:00Z,11.45,86.54,29.4,988.6,23.42,14.34,0,Deep Depression
CYC-2019-NIO-010,Amphan,Bay of Bengal,2019-05-28T12:00:00Z,11.94,86.75,30.9,992.3,19.73,13.97,0,Deep Depression
CYC-2019-NIO-010,Amphan,Bay of Bengal,2019-05-28T18:00:00Z,12.63,86.92,34.0,1000.6,11.4,14.08,0,Cyclonic Storm
CYC-2019-NIO-010,Amphan,Bay of Bengal,2019-05-29T00:00:00Z,13.2,87.1,37.7,989.3,22.67,13.46,0,Cyclonic Storm
CYC-2019-NIO-010,Amphan,Bay of Bengal,2019-05-29T06:00:00Z,13.65,87.05,44.2,995.2,16.79,17.73,0,Cyclonic Storm
CYC-2019-NIO-010,Amphan,Bay of Bengal,2019-05-29T12:00:00Z,14.26,87.19,48.3,984.6,27.4,22.83,1,Severe Cyclonic Storm
CYC-2019-NIO-010,Amphan,Bay of Bengal,2019-05-29T18:00:00Z,14.76,87.25,49.4,981.9,30.05,12.56,1,Severe Cyclonic Storm
CYC-2019-NIO-010,Amphan,Bay of Bengal,2019-05-30T00:00:00Z,15.4,87.29,50.1,983.5,28.5,17.77,1,Severe Cyclonic Storm
CYC-2019-NIO-010,Amphan,Bay of Bengal,2019-05-30T06:00:00Z,15.88,87.45,52.7,979.5,32.53,10.9,1,Severe Cyclonic Storm
CYC-2019-NIO-010,Amphan,Bay of Bengal,2019-05-30T12:00:00Z,16.37,87.59,61.0,976.3,35.68,9.71,1,Severe Cyclonic Storm
CYC-2019-NIO-010,Amphan,Bay of Bengal,2019-05-30T18:00:00Z,16.8,87.71,65.5,974.9,37.06,20.9,1,Very Severe Cyclonic Storm
CYC-2019-NIO-010,Amphan,Bay of Bengal,2019-05-31T00:00:00Z,17.31,87.8,70.9,970.0,42.01,17.63,1,Very Severe Cyclonic Storm
CYC-2019-NIO-010,Amphan,Bay of Bengal,2019-05-31T06:00:00Z,17.88,87.89,74.1,964.9,47.1,17.78,1,Very Severe Cyclonic Storm
CYC-2019-NIO-010,Amphan,Bay of Bengal,2019-05-31T12:00:00Z,18.53,87.96,78.1,968.2,43.83,11.79,1,Very Severe Cyclonic Storm
CYC-2019-NIO-010,Amphan,Bay of Bengal,2019-05-31T18:00:00Z,19.03,88.12,82.0,967.8,44.22,18.68,1,Very Severe Cyclonic Storm
CYC-2019-NIO-010,Amphan,Bay of Bengal,2019-06-01T00:00:00Z,19.61,88.14,91.0,952.4,59.55,10.69,1,Extremely Severe Cyclonic Storm
CYC-2019-NIO-010,Amphan,Bay of Bengal,2019-06-01T06:00:00Z,20.22,88.26,95.2,954.4,57.62,8.38,1,Extremely Severe Cyclonic Storm
CYC-2019-NIO-010,Amphan,Bay of Bengal,2019-06-01T12:00:00Z,20.88,88.48,96.6,955.1,56.91,14.25,1,Extremely Severe Cyclonic Storm
CYC-2019-NIO-010,Amphan,Bay of Bengal,2019-06-01T18:00:00Z,21.44,88.77,99.6,958.8,53.19,14.85,1,Extremely Severe Cyclonic Storm
CYC-2019-NIO-010,Amphan,Bay of Bengal,2019-06-02T00:00:00Z,22.08,88.95,92.2,954.6,57.43,17.25,1,Extremely Severe Cyclonic Storm
CYC-2019-NIO-010,Amphan,Bay of Bengal,2019-06-02T06:00:00Z,22.61,89.02,87.0,955.8,56.23,11.63,1,Very Severe Cyclonic Storm
CYC-2019-NIO-010,Amphan,Bay of Bengal,2019-06-02T12:00:00Z,23.12,89.09,82.2,962.8,49.19,20.81,1,Very Severe Cyclonic Storm
CYC-2019-NIO-010,Amphan,Bay of Bengal,2019-06-02T18:00:00Z,23.7,89.06,74.7,970.5,41.5,16.53,1,Very Severe Cyclonic Storm
CYC-2019-NIO-010,Amphan,Bay of Bengal,2019-06-03T00:00:00Z,24.17,89.05,66.3,980.0,32.01,19.69,1,Very Severe Cyclonic Storm
CYC-2019-NIO-010,Amphan,Bay of Bengal,2019-06-03T06:00:00Z,24.67,89.13,58.3,977.3,34.66,10.8,1,Severe Cyclonic Storm
CYC-2019-NIO-010,Amphan,Bay of Bengal,2019-06-03T12:00:00Z,25.15,89.27,53.9,980.0,32.02,15.21,1,Severe Cyclonic Storm
CYC-2019-NIO-010,Amphan,Bay of Bengal,2019-06-03T18:00:00Z,25.65,89.45,44.5,987.7,24.28,22.83,0,Cyclonic Storm
CYC-2019-NIO-010,Amphan,Bay of Bengal,2019-06-04T00:00:00Z,26.17,89.43,37.7,992.5,19.5,21.47,0,Cyclonic Storm
CYC-2019-NIO-010,Amphan,Bay of Bengal,2019-06-04T06:00:00Z,26.92,89.55,30.6,992.4,19.57,10.04,0,Deep Depression
CYC-2019-NIO-010,Amphan,Bay of Bengal,2019-06-04T12:00:00Z,27.52,89.68,26.6,992.5,19.51,13.76,0,Depression
CYC-2019-NIO-010,Amphan,Bay of Bengal,2019-06-04T18:00:00Z,27.93,89.81,22.7,989.8,22.22,17.61,0,Depression
CYC-2019-NIO-010,Amphan,Bay of Bengal,2019-06-05T00:00:00Z,28.56,89.9,20.0,1000.0,12.01,21.62,0,Depression
CYC-2019-NIO-011,Fani,Bay of Bengal,2019-06-23T06:00:00Z,11.41,90.45,29.3,992.2,19.75,23.32,0,Deep Depression
CYC-2019-NIO-011,Fani,Bay of Bengal,2019-06-23T12:00:00Z,12.0,90.51,32.5,1003.0,8.96,13.02,0,Deep Depression
CYC-2019-NIO-011,Fani,Bay of Bengal,2019-06-23T18:00:00Z,12.46,90.59,37.6,989.0,23.04,21.2,0,Cyclonic Storm
CYC-2019-NIO-011,Fani,Bay of Bengal,2019-06-24T00:00:00Z,12.93,90.67,44.1,972.0,40.03,11.72,0,Cyclonic Storm
CYC-2019-NIO-011,Fani,Bay of Bengal,2019-06-24T06:00:00Z,13.48,90.64,50.2,980.1,31.95,8.01,1,Severe Cyclonic Storm
CYC-2019-NIO-011,Fani,Bay of Bengal,2019-06-24T12:00:00Z,14.03,90.67,52.2,974.5,37.55,17.03,1,Severe Cyclonic Storm
CYC-2019-NIO-011,Fani,Bay of Bengal,2019-06-24T18:00:00Z,14.52,90.68,60.0,975.6,36.42,17.91,1,Severe Cyclonic Storm
CYC-2019-NIO-011,Fani,Bay of Bengal,2019-06-25T00:00:00Z,15.01,90.59,63.2,977.5,34.52,10.84,1,Severe Cyclonic Storm
CYC-2019-NIO-011,Fani,Bay of Bengal,2019-06-25T06:00:00Z,15.62,90.77,65.3,975.3,36.66,11.72,1,Very Severe Cyclonic Storm
CYC-2019-NIO-011,Fani,Bay of Bengal,2019-06-25T12:00:00Z,16.11,90.78,71.8,970.6,41.37,19.59,1,Very Severe Cyclonic Storm
CYC-2019-NIO-011,Fani,Bay of Bengal,2019-06-25T18:00:00Z,16.61,90.94,73.8,973.1,38.92,16.41,1,Very Severe Cyclonic Storm
CYC-2019-NIO-011,Fani,Bay of Bengal,2019-06-26T00:00:00Z,17.04,90.98,79.3,964.0,47.97,11.98,1,Very Severe Cyclonic Storm
CYC-2019-NIO-011,Fani,Bay of Bengal,2019-06-26T06:00:00Z,17.56,90.95,84.6,966.7,45.32,18.9,1,Very Severe Cyclonic Storm
CYC-2019-NIO-011,Fani,Bay of Bengal,2019-06-26T12:00:00Z,18.13,90.91,91.1,955.4,56.65,18.07,1,Extremely Severe Cyclonic Storm
CYC-2019-NIO-011,Fani,Bay of Bengal,2019-06-26T18:00:00Z,18.66,90.93,82.4,957.3,54.66,15.99,1,Very Severe Cyclonic Storm
CYC-2019-NIO-011,Fani,Bay of Bengal,2019-06-27T00:00:00Z,19.14,90.94,73.9,962.7,49.27,20.97,1,Very Severe Cyclonic Storm
CYC-2019-NIO-011,Fani,Bay of Bengal,2019-06-27T06:00:00Z,19.76,91.02,65.9,972.0,40.03,10.13,1,Very Severe Cyclonic Storm
CYC-2019-NIO-011,Fani,Bay of Bengal,2019-06-27T12:00:00Z,20.32,91.01,59.7,974.6,37.36,22.89,1,Severe Cyclonic Storm
CYC-2019-NIO-011,Fani,Bay of Bengal,2019-06-27T18:00:00Z,20.92,91.01,53.1,985.4,26.6,14.18,1,Severe Cyclonic Storm
CYC-2019-NIO-011,Fani,Bay of Bengal,2019-06-28T00:00:00Z,21.34,91.04,46.7,987.9,24.12,22.12,0,Cyclonic Storm
CYC-2019-NIO-011,Fani,Bay of Bengal,2019-06-28T06:00:00Z,21.83,91.09,37.3,991.9,20.06,9.69,0,Cyclonic Storm
CYC-2019-NIO-011,Fani,Bay of Bengal,2019-06-28T12:00:00Z,22.37,91.09,32.5,983.4,28.59,23.87,0,Deep Depression
CYC-2019-NIO-011,Fani,Bay of Bengal,2019-06-28T18:00:00Z,22.85,91.24,22.7,989.6,22.43,21.29,0,Depression
CYC-2019-NIO-011,Fani,Bay of Bengal,2019-06-29T00:00:00Z,23.38,91.24,20.0,996.6,15.39,22.38,0,Depression
CYC-2019-NIO-012,Hudhud,Arabian Sea,2019-08-13T06:00:00Z,12.0,64.08,36.0,994.1,17.91,23.68,0,Cyclonic Storm
CYC-2019-NIO-012,Hudhud,Arabian Sea,2019-08-13T12:00:00Z,12.5,64.06,49.4,984.8,27.24,18.5,1,Severe Cyclonic Storm
CYC-2019-NIO-012,Hudhud,Arabian Sea,2019-08-13T18:00:00Z,12.84,63.82,59.1,968.7,43.32,15.03,1,Severe Cyclonic Storm
CYC-2019-NIO-012,Hudhud,Arabian Sea,2019-08-14T00:00:00Z,13.27,63.66,70.0,968.7,43.3,11.16,1,Very Severe Cyclonic Storm
CYC-2019-NIO-012,Hudhud,Arabian Sea,2019-08-14T06:00:00Z,13.67,63.56,83.5,959.6,52.44,21.78,1,Very Severe Cyclonic Storm
CYC-2019-NIO-012,Hudhud,Arabian Sea,2019-08-14T12:00:00Z,14.11,63.32,97.8,952.8,59.22,19.66,1,Extremely Severe Cyclonic Storm
CYC-2019-NIO-012,Hudhud,Arabian Sea,2019-08-14T18:00:00Z,14.54,63.25,110.0,940.8,71.17,23.75,1,Extremely Severe Cyclonic Storm
CYC-2019-NIO-012,Hudhud,Arabian Sea,2019-08-15T00:00:00Z,14.91,63.07,123.4,940.3,71.74,11.42,1,Super Cyclonic Storm
CYC-2019-NIO-012,Hudhud,Arabian Sea,2019-08-15T06:00:00Z,15.39,62.9,135.9,937.3,74.71,17.45,1,Super Cyclonic Storm
CYC-2019-NIO-012,Hudhud,Arabian Sea,2019-08-15T12:00:00Z,15.61,62.74,113.9,946.1,65.85,21.97,1,Extremely Severe Cyclonic Storm
CYC-2019-NIO-012,Hudhud,Arabian Sea,2019-08-15T18:00:00Z,16.09,62.62,96.8,949.0,62.99,8.15,1,Extremely Severe Cyclonic Storm
CYC-2019-NIO-012,Hudhud,Arabian Sea,2019-08-16T00:00:00Z,16.53,62.38,76.2,964.6,47.39,11.26,1,Very Severe Cyclonic Storm
CYC-2019-NIO-012,Hudhud,Arabian Sea,2019-08-16T06:00:00Z,17.04,62.24,61.7,976.7,35.25,13.69,1,Severe Cyclonic Storm
CYC-2019-NIO-012,Hudhud,Arabian Sea,2019-08-16T12:00:00Z,17.44,62.19,47.9,978.8,33.17,10.38,0,Cyclonic Storm
CYC-2019-NIO-012,Hudhud,Arabian Sea,2019-08-16T18:00:00Z,17.88,61.99,26.2,994.7,17.29,22.18,0,Depression
CYC-2019-NIO-012,Hudhud,Arabian Sea,2019-08-17T00:00:00Z,18.12,61.94,20.0,997.0,15.0,8.05,0,Depression
CYC-2019-NIO-013,Vardah,Bay of Bengal,2019-10-01T06:00:00Z,7.92,88.71,30.0,994.5,17.55,15.79,0,Deep Depression
CYC-2019-NIO-013,Vardah,Bay of Bengal,2019-10-01T12:00:00Z,8.49,89.05,33.0,993.7,18.27,19.13,0,Deep Depression
CYC-2019-NIO-013,Vardah,Bay of Bengal,2019-10-01T18:00:00Z,8.98,89.23,33.4,993.4,18.58,9.96,0,Deep Depression
CYC-2019-NIO-013,Vardah,Bay of Bengal,2019-10-02T00:00:00Z,9.35,89.52,37.3,988.9,23.05,20.82,0,Cyclonic Storm
CYC-2019-NIO-013,Vardah,Bay of Bengal,2019-10-02T06:00:00Z,9.86,89.81,40.5,985.5,26.48,18.2,0,Cyclonic Storm
CYC-2019-NIO-013,Vardah,Bay of Bengal,2019-10-02T12:00:00Z,10.2,90.03,47.3,987.1,24.85,23.21,0,Cyclonic Storm
CYC-2019-NIO-013,Vardah,Bay of Bengal,2019-10-02T18:00:00Z,10.67,90.14,53.7,986.5,25.53,17.38,1,Severe Cyclonic Storm
CYC-2019-NIO-013,Vardah,Bay of Bengal,2019-10-03T00:00:00Z,11.15,90.38,57.9,979.4,32.63,14.03,1,Severe Cyclonic Storm
CYC-2019-NIO-013,Vardah,Bay of Bengal,2019-10-03T06:00:00Z,11.48,90.37,64.3,973.0,39.0,19.3,1,Very Severe Cyclonic Storm
CYC-2019-NIO-013,Vardah,Bay of Bengal,2019-10-03T12:00:00Z,11.88,90.61,68.8,966.7,45.27,22.76,1,Very Severe Cyclonic Storm
CYC-2019-NIO-013,Vardah,Bay of Bengal,2019-10-03T18:00:00Z,12.3,90.83,75.6,963.9,48.12,23.6,1,Very Severe Cyclonic Storm
CYC-2019-NIO-013,Vardah,Bay of Bengal,2019-10-04T00:00:00Z,12.66,90.89,79.6,967.1,44.92,10.5,1,Very Severe Cyclonic Storm
CYC-2019-NIO-013,Vardah,Bay of Bengal,2019-10-04T06:00:00Z,13.19,91.28,82.0,958.4,53.6,20.35,1,Very Severe Cyclonic Storm
CYC-2019-NIO-013,Vardah,Bay of Bengal,2019-10-04T12:00:00Z,13.62,91.48,87.7,966.1,45.89,10.05,1,Very Severe Cyclonic Storm
CYC-2019-NIO-013,Vardah,Bay of Bengal,2019-10-04T18:00:00Z,14.04,91.77,93.7,958.0,54.02,17.99,1,Extremely Severe Cyclonic Storm
CYC-2019-NIO-013,Vardah,Bay of Bengal,2019-10-05T00:00:00Z,14.52,91.99,99.7,949.4,62.6,11.06,1,Extremely Severe Cyclonic Storm
CYC-2019-NIO-013,Vardah,Bay of Bengal,2019-10-05T06:00:00Z,14.86,92.13,93.8,962.2,49.78,9.42,1,Extremely Severe Cyclonic Storm
CYC-2019-NIO-013,Vardah,Bay of Bengal,2019-10-05T12:00:00Z,15.35,92.5,84.0,952.5,59.51,20.67,1,Very Severe Cyclonic Storm
CYC-2019-NIO-013,Vardah,Bay of Bengal,2019-10-05T18:00:00Z,15.96,92.8,75.2,965.1,46.88,14.86,1,Very Severe Cyclonic Storm
CYC-2019-NIO-013,Vardah,Bay of Bengal,2019-10-06T00:00:00Z,16.44,92.95,68.4,970.4,41.6,21.79,1,Very Severe Cyclonic Storm
CYC-2019-NIO-013,Vardah,Bay of Bengal,2019-10-06T06:00:00Z,17.02,93.15,58.7,974.0,37.97,9.79,1,Severe Cyclonic Storm
CYC-2019-NIO-013,Vardah,Bay of Bengal,2019-10-06T12:00:00Z,17.47,93.37,51.4,987.0,25.0,13.44,1,Severe Cyclonic Storm
CYC-2019-NIO-013,Vardah,Bay of Bengal,2019-10-06T18:00:00Z,17.92,93.68,42.0,990.0,21.99,8.29,0,Cyclonic Storm
CYC-2019-NIO-013,Vardah,Bay of Bengal,2019-10-07T00:00:00Z,18.39,93.83,36.0,987.7,24.32,23.15,0,Cyclonic Storm
CYC-2019-NIO-013,Vardah,Bay of Bengal,2019-10-07T06:00:00Z,18.96,94.08,24.0,1005.7,6.35,9.51,0,Depression
CYC-2019-NIO-013,Vardah,Bay of Bengal,2019-10-07T12:00:00Z,19.31,94.23,20.0,998.1,13.85,13.95,0,Depression
CYC-2019-NIO-013,Vardah,Bay of Bengal,2019-10-07T18:00:00Z,19.57,94.37,20.0,996.5,15.51,11.13,0,Depression
CYC-2019-NIO-014,Gaja,Bay of Bengal,2019-11-07T00:00:00Z,11.09,87.17,33.8,987.3,24.74,13.81,0,Deep Depression
CYC-2019-NIO-014,Gaja,Bay of Bengal,2019-11-07T06:00:00Z,11.87,87.35,40.5,986.4,25.58,19.72,0,Cyclonic Storm
CYC-2019-NIO-014,Gaja,Bay of Bengal,2019-11-07T12:00:00Z,12.4,87.59,45.7,989.2,22.84,23.81,0,Cyclonic Storm
CYC-2019-NIO-014,Gaja,Bay of Bengal,2019-11-07T18:00:00Z,12.89,87.75,50.7,986.3,25.75,23.95,1,Severe Cyclonic Storm
CYC-2019-NIO-014,Gaja,Bay of Bengal,2019-11-08T00:00:00Z,13.49,87.86,56.6,980.3,31.75,14.06,1,Severe Cyclonic Storm
CYC-2019-NIO-014,Gaja,Bay of Bengal,2019-11-08T06:00:00Z,14.11,88.01,64.1,971.8,40.18,23.81,1,Very Severe Cyclonic Storm
CYC-2019-NIO-014,Gaja,Bay of Bengal,2019-11-08T12:00:00Z,14.7,88.23,68.8,967.4,44.64,21.11,1,Very Severe Cyclonic Storm
CYC-2019-NIO-014,Gaja,Bay of Bengal,2019-11-08T18:00:00Z,15.28,88.48,74.8,965.9,46.08,9.39,1,Very Severe Cyclonic Storm
CYC-2019-NIO-014,Gaja,Bay of Bengal,2019-11-09T00:00:00Z,15.81,88.78,82.2,964.4,47.63,11.06,1,Very Severe Cyclonic Storm
CYC-2019-NIO-014,Gaja,Bay of Bengal,2019-11-09T06:00:00Z,16.29,89.11,92.3,958.7,53.31,20.9,1,Extremely Severe Cyclonic Storm
CYC-2019-NIO-014,Gaja,Bay of Bengal,2019-11-09T12:00:00Z,16.83,89.33,98.5,950.2,61.82,8.06,1,Extremely Severe Cyclonic Storm
CYC-2019-NIO-014,Gaja,Bay of Bengal,2019-11-09T18:00:00Z,17.33,89.53,107.2,946.2,65.82,11.45,1,Extremely Severe Cyclonic Storm
CYC-2019-NIO-014,Gaja,Bay of Bengal,2019-11-10T00:00:00Z,17.86,89.68,113.1,949.9,62.07,20.15,1,Extremely Severe Cyclonic Storm
CYC-2019-NIO-014,Gaja,Bay of Bengal,2019-11-10T06:00:00Z,18.42,89.88,102.2,953.6,58.36,21.99,1,Extremely Severe Cyclonic Storm
CYC-2019-NIO-014,Gaja,Bay of Bengal,2019-11-10T12:00:00Z,18.87,89.93,93.5,950.6,61.41,10.06,1,Extremely Severe Cyclonic Storm
CYC-2019-NIO-014,Gaja,Bay of Bengal,2019-11-10T18:00:00Z,19.55,90.06,84.4,961.3,50.68,14.74,1,Very Severe Cyclonic Storm
CYC-2019-NIO-014,Gaja,Bay of Bengal,2019-11-11T00:00:00Z,20.15,90.17,72.1,970.7,41.29,23.71,1,Very Severe Cyclonic Storm
CYC-2019-NIO-014,Gaja,Bay of Bengal,2019-11-11T06:00:00Z,20.81,90.51,60.6,984.6,27.4,18.16,1,Severe Cyclonic Storm
CYC-2019-NIO-014,Gaja,Bay of Bengal,2019-11-11T12:00:00Z,21.26,90.65,54.7,981.3,30.69,21.19,1,Severe Cyclonic Storm
CYC-2019-NIO-014,Gaja,Bay of Bengal,2019-11-11T18:00:00Z,21.89,90.94,45.4,987.9,24.09,13.45,0,Cyclonic Storm
CYC-2019-NIO-014,Gaja,Bay of Bengal,2019-11-12T00:00:00Z,22.56,91.12,36.7,983.2,28.79,12.28,0,Cyclonic Storm
CYC-2019-NIO-014,Gaja,Bay of Bengal,2019-11-12T06:00:00Z,23.17,91.39,29.6,997.4,14.64,11.52,0,Deep Depression
CYC-2019-NIO-015,Titli,Arabian Sea,2019-12-16T12:00:00Z,12.02,70.63,33.4,995.4,16.56,10.2,0,Deep Depression
CYC-2019-NIO-015,Titli,Arabian Sea,2019-12-16T18:00:00Z,12.5,70.58,41.3,986.1,25.85,18.23,0,Cyclonic Storm
CYC-2019-NIO-015,Titli,Arabian Sea,2019-12-17T00:00:00Z,13.0,70.6,47.7,980.7,31.32,23.53,0,Cyclonic Storm
CYC-2019-NIO-015,Titli,Arabian Sea,2019-12-17T06:00:00Z,13.49,70.51,53.4,979.9,32.1,12.3,1,Severe Cyclonic Storm
CYC-2019-NIO-015,Titli,Arabian Sea,2019-12-17T12:00:00Z,14.13,70.48,60.0,976.8,35.15,11.82,1,Severe Cyclonic Storm
CYC-2019-NIO-015,Titli,Arabian Sea,2019-12-17T18:00:00Z,14.49,70.34,69.5,968.3,43.74,15.52,1,Very Severe Cyclonic Storm
CYC-2019-NIO-015,Titli,Arabian Sea,2019-12-18T00:00:00Z,14.95,70.12,76.4,975.6,36.4,21.67,1,Very Severe Cyclonic Storm
CYC-2019-NIO-015,Titli,Arabian Sea,2019-12-18T06:00:00Z,15.48,70.17,76.6,960.3,51.74,11.5,1,Very Severe Cyclonic Storm
CYC-2019-NIO-015,Titli,Arabian Sea,2019-12-18T12:00:00Z,16.0,70.14,83.2,959.7,52.28,12.55,1,Very Severe Cyclonic Storm
CYC-2019-NIO-015,Titli,Arabian Sea,2019-12-18T18:00:00Z,16.57,70.24,88.6,962.8,49.2,8.47,1,Very Severe Cyclonic Storm
CYC-2019-NIO-015,Titli,Arabian Sea,2019-12-19T00:00:00Z,17.11,70.23,95.1,954.6,57.41,10.64,1,Extremely Severe Cyclonic Storm
CYC-2019-NIO-015,Titli,Arabian Sea,2019-12-19T06:00:00Z,17.8,70.16,100.8,954.6,57.38,12.13,1,Extremely Severe Cyclonic Storm
CYC-2019-NIO-015,Titli,Arabian Sea,2019-12-19T12:00:00Z,18.26,70.23,107.1,949.4,62.58,8.03,1,Extremely Severe Cyclonic Storm
CYC-2019-NIO-015,Titli,Arabian Sea,2019-12-19T18:00:00Z,18.89,70.26,113.7,939.0,73.04,20.81,1,Extremely Severe Cyclonic Storm
CYC-2019-NIO-015,Titli,Arabian Sea,2019-12-20T00:00:00Z,19.4,70.26,103.6,958.6,53.39,22.41,1,Extremely Severe Cyclonic Storm
CYC-2019-NIO-015,Titli,Arabian Sea,2019-12-20T06:00:00Z,19.83,70.18,97.7,959.4,52.61,18.34,1,Extremely Severe Cyclonic Storm
CYC-2019-NIO-015,Titli,Arabian Sea,2019-12-20T12:00:00Z,20.46,70.19,90.3,968.0,44.02,10.22,1,Extremely Severe Cyclonic Storm
CYC-2019-NIO-015,Titli,Arabian Sea,2019-12-20T18:00:00Z,21.06,70.09,82.6,969.2,42.8,21.26,1,Very Severe Cyclonic Storm
CYC-2019-NIO-015,Titli,Arabian Sea,2019-12-21T00:00:00Z,21.65,70.23,77.4,965.1,46.87,14.39,1,Very Severe Cyclonic Storm
CYC-2019-NIO-015,Titli,Arabian Sea,2019-12-21T06:00:00Z,22.2,70.09,67.6,970.1,41.88,14.46,1,Very Severe Cyclonic Storm
CYC-2019-NIO-015,Titli,Arabian Sea,2019-12-21T12:00:00Z,22.77,70.01,59.7,980.4,31.6,11.62,1,Severe Cyclonic Storm
CYC-2019-NIO-015,Titli,Arabian Sea,2019-12-21T18:00:00Z,23.26,69.83,48.7,984.6,27.39,9.58,1,Severe Cyclonic Storm
CYC-2019-NIO-015,Titli,Arabian Sea,2019-12-22T00:00:00Z,23.8,69.81,40.0,978.4,33.58,16.19,0,Cyclonic Storm
CYC-2019-NIO-016,Nivar,Bay of Bengal,2020-02-05T06:00:00Z,9.06,85.24,32.9,989.1,22.94,18.83,0,Deep Depression
CYC-2019-NIO-016,Nivar,Bay of Bengal,2020-02-05T12:00:00Z,9.23,85.56,43.4,984.1,27.9,10.25,0,Cyclonic Storm
CYC-2019-NIO-016,Nivar,Bay of Bengal,2020-02-05T18:00:00Z,9.5,85.78,51.3,981.3,30.74,14.15,1,Severe Cyclonic Storm
CYC-2019-NIO-016,Nivar,Bay of Bengal,2020-02-06T00:00:00Z,9.72,85.98,54.4,977.9,34.09,22.4,1,Severe Cyclonic Storm
CYC-2019-NIO-016,Nivar,Bay of Bengal,2020-02-06T06:00:00Z,10.09,86.17,63.6,975.3,36.66,23.74,1,Severe Cyclonic Storm
CYC-2019-NIO-016,Nivar,Bay of Bengal,2020-02-06T12:00:00Z,10.27,86.28,71.4,961.0,50.99,10.47,1,Very Severe Cyclonic Storm
CYC-2019-NIO-016,Nivar,Bay of Bengal,2020-02-06T18:00:00Z,10.72,86.68,79.4,966.3,45.66,15.05,1,Very Severe Cyclonic Storm
CYC-2019-NIO-016,Nivar,Bay of Bengal,2020-02-07T00:00:00Z,10.94,86.83,83.7,958.3,53.68,23.46,1,Very Severe Cyclonic Storm
CYC-2019-NIO-016,Nivar,Bay of Bengal,2020-02-07T06:00:00Z,11.09,87.11,88.3,960.0,52.04,15.1,1,Very Severe Cyclonic Storm
CYC-2019-NIO-016,Nivar,Bay of Bengal,2020-02-07T12:00:00Z,11.38,87.52,77.8,968.9,43.06,17.11,1,Very Severe Cyclonic Storm
CYC-2019-NIO-016,Nivar,Bay of Bengal,2020-02-07T18:00:00Z,11.59,87.79,69.1,970.1,41.89,15.61,1,Very Severe Cyclonic Storm
CYC-2019-NIO-016,Nivar,Bay of Bengal,2020-02-08T00:00:00Z,11.78,88.03,58.6,983.9,28.09,21.92,1,Severe Cyclonic Storm
CYC-2019-NIO-016,Nivar,Bay of Bengal,2020-02-08T06:00:00Z,12.11,88.22,48.1,981.8,30.24,12.41,1,Severe Cyclonic Storm
CYC-2019-NIO-016,Nivar,Bay of Bengal,2020-02-08T12:00:00Z,12.41,88.35,38.3,990.6,21.43,21.82,0,Cyclonic Storm
CYC-2019-NIO-016,Nivar,Bay of Bengal,2020-02-08T18:00:00Z,12.57,88.67,30.8,990.9,21.07,20.19,0,Deep Depression
CYC-2020-NIO-017,Tauktae,Bay of Bengal,2020-03-06T00:00:00Z,10.1,90.92,35.5,996.3,15.72,23.94,0,Cyclonic Storm
CYC-2020-NIO-017,Tauktae,Bay of Bengal,2020-03-06T06:00:00Z,10.58,91.11,38.8,984.4,27.61,12.1,0,Cyclonic Storm
CYC-2020-NIO-017,Tauktae,Bay of Bengal,2020-03-06T12:00:00Z,11.23,91.14,48.2,984.9,27.07,18.31,1,Severe Cyclonic Storm
CYC-2020-NIO-017,Tauktae,Bay of Bengal,2020-03-06T18:00:00Z,11.79,91.33,53.5,986.8,25.2,20.69,1,Severe Cyclonic Storm
CYC-2020-NIO-017,Tauktae,Bay of Bengal,2020-03-07T00:00:00Z,12.48,91.31,58.8,977.3,34.68,19.2,1,Severe Cyclonic Storm
CYC-2020-NIO-017,Tauktae,Bay of Bengal,2020-03-07T06:00:00Z,13.05,91.35,61.7,978.9,33.15,19.0,1,Severe Cyclonic Storm
CYC-2020-NIO-017,Tauktae,Bay of Bengal,2020-03-07T12:00:00Z,13.82,91.51,70.1,972.6,39.37,8.1,1,Very Severe Cyclonic Storm
CYC-2020-NIO-017,Tauktae,Bay of Bengal,2020-03-07T18:00:00Z,14.35,91.65,74.0,970.1,41.92,15.65,1,Very Severe Cyclonic Storm
CYC-2020-NIO-017,Tauktae,Bay of Bengal,2020-03-08T00:00:00Z,14.98,91.69,76.7,968.5,43.5,21.81,1,Very Severe Cyclonic Storm
CYC-2020-NIO-017,Tauktae,Bay of Bengal,2020-03-08T06:00:00Z,15.45,91.73,80.7,960.8,51.21,8.35,1,Very Severe Cyclonic Storm
CYC-2020-NIO-017,Tauktae,Bay of Bengal,2020-03-08T12:00:00Z,16.14,91.86,82.6,963.4,48.56,8.54,1,Very Severe Cyclonic Storm
CYC-2020-NIO-017,Tauktae,Bay of Bengal,2020-03-08T18:00:00Z,16.7,91.85,86.1,962.6,49.35,19.52,1,Very Severe Cyclonic Storm
CYC-2020-NIO-017,Tauktae,Bay of Bengal,2020-03-09T00:00:00Z,17.28,92.04,91.5,962.3,49.73,18.19,1,Extremely Severe Cyclonic Storm
CYC-2020-NIO-017,Tauktae,Bay of Bengal,2020-03-09T06:00:00Z,17.67,92.29,94.8,951.0,61.04,12.64,1,Extremely Severe Cyclonic Storm
CYC-2020-NIO-017,Tauktae,Bay of Bengal,2020-03-09T12:00:00Z,18.19,92.41,100.2,953.6,58.41,14.42,1,Extremely Severe Cyclonic Storm
CYC-2020-NIO-017,Tauktae,Bay of Bengal,2020-03-09T18:00:00Z,18.83,92.58,103.8,943.6,68.42,9.64,1,Extremely Severe Cyclonic Storm
CYC-2020-NIO-017,Tauktae,Bay of Bengal,2020-03-10T00:00:00Z,19.46,92.63,110.1,952.3,59.65,22.33,1,Extremely Severe Cyclonic Storm
CYC-2020-NIO-017,Tauktae,Bay of Bengal,2020-03-10T06:00:00Z,19.98,92.93,115.9,941.8,70.25,9.32,1,Extremely Severe Cyclonic Storm
CYC-2020-NIO-017,Tauktae,Bay of Bengal,2020-03-10T12:00:00Z,20.59,92.95,121.2,943.5,68.5,22.52,1,Super Cyclonic Storm
CYC-2020-NIO-017,Tauktae,Bay of Bengal,2020-03-10T18:00:00Z,21.18,93.1,127.3,934.9,77.08,18.8,1,Super Cyclonic Storm
CYC-2020-NIO-017,Tauktae,Bay of Bengal,2020-03-11T00:00:00Z,21.83,93.22,119.0,944.2,67.78,10.23,1,Extremely Severe Cyclonic Storm
CYC-2020-NIO-017,Tauktae,Bay of Bengal,2020-03-11T06:00:00Z,22.47,93.29,113.2,940.7,71.27,10.07,1,Extremely Severe Cyclonic Storm
CYC-2020-NIO-017,Tauktae,Bay of Bengal,2020-03-11T12:00:00Z,23.09,93.41,106.5,941.1,70.87,18.15,1,Extremely Severe Cyclonic Storm
CYC-2020-NIO-017,Tauktae,Bay of Bengal,2020-03-11T18:00:00Z,23.49,93.51,99.5,956.7,55.25,9.78,1,Extremely Severe Cyclonic Storm
CYC-2020-NIO-017,Tauktae,Bay of Bengal,2020-03-12T00:00:00Z,24.19,93.66,91.8,951.6,60.36,14.65,1,Extremely Severe Cyclonic Storm
CYC-2020-NIO-017,Tauktae,Bay of Bengal,2020-03-12T06:00:00Z,24.72,93.88,83.6,964.4,47.63,18.36,1,Very Severe Cyclonic Storm
CYC-2020-NIO-017,Tauktae,Bay of Bengal,2020-03-12T12:00:00Z,25.36,94.04,76.6,964.3,47.71,22.89,1,Very Severe Cyclonic Storm
CYC-2020-NIO-017,Tauktae,Bay of Bengal,2020-03-12T18:00:00Z,25.99,94.1,70.3,977.7,34.31,17.27,1,Very Severe Cyclonic Storm
CYC-2020-NIO-017,Tauktae,Bay of Bengal,2020-03-13T00:00:00Z,26.66,94.25,62.5,980.4,31.59,9.6,1,Severe Cyclonic Storm
CYC-2020-NIO-017,Tauktae,Bay of Bengal,2020-03-13T06:00:00Z,27.17,94.41,54.9,979.4,32.6,8.5,1,Severe Cyclonic Storm
CYC-2020-NIO-017,Tauktae,Bay of Bengal,2020-03-13T12:00:00Z,27.69,94.61,48.3,984.8,27.22,19.6,1,Severe Cyclonic Storm
CYC-2020-NIO-017,Tauktae,Bay of Bengal,2020-03-13T18:00:00Z,28.4,94.67,45.4,983.5,28.53,11.52,0,Cyclonic Storm
CYC-2020-NIO-017,Tauktae,Bay of Bengal,2020-03-14T00:00:00Z,28.93,94.79,42.0,981.4,30.6,10.91,0,Cyclonic Storm
CYC-2020-NIO-018,Yaas,Arabian Sea,2020-04-18T06:00:00Z,12.43,65.79,40.1,990.6,21.37,15.33,0,Cyclonic Storm
CYC-2020-NIO-018,Yaas,Arabian Sea,2020-04-18T12:00:00Z,12.8,65.71,49.7,975.6,36.42,19.96,1,Severe Cyclonic Storm
CYC-2020-NIO-018,Yaas,Arabian Sea,2020-04-18T18:00:00Z,13.24,65.69,60.6,975.8,36.18,9.21,1,Severe Cyclonic Storm
CYC-2020-NIO-018,Yaas,Arabian Sea,2020-04-19T00:00:00Z,13.63,65.62,69.7,968.9,43.09,17.96,1,Very Severe Cyclonic Storm
CYC-2020-NIO-018,Yaas,Arabian Sea,2020-04-19T06:00:00Z,14.15,65.72,80.2,962.4,49.58,18.18,1,Very Severe Cyclonic Storm
CYC-2020-NIO-018,Yaas,Arabian Sea,2020-04-19T12:00:00Z,14.77,65.63,88.4,953.9,58.05,22.68,1,Very Severe Cyclonic Storm
CYC-2020-NIO-018,Yaas,Arabian Sea,2020-04-19T18:00:00Z,15.24,65.46,98.8,955.2,56.83,9.0,1,Extremely Severe Cyclonic Storm
CYC-2020-NIO-018,Yaas,Arabian Sea,2020-04-20T00:00:00Z,15.67,65.62,105.4,949.5,62.53,16.01,1,Extremely Severe Cyclonic Storm
CYC-2020-NIO-018,Yaas,Arabian Sea,2020-04-20T06:00:00Z,16.12,65.62,116.9,939.4,72.64,15.35,1,Extremely Severe Cyclonic Storm
CYC-2020-NIO-018,Yaas,Arabian Sea,2020-04-20T12:00:00Z,16.43,65.73,106.1,947.3,64.74,8.8,1,Extremely Severe Cyclonic Storm
CYC-2020-NIO-018,Yaas,Arabian Sea,2020-04-20T18:00:00Z,16.96,65.74,91.6,958.4,53.63,12.15,1,Extremely Severe Cyclonic Storm
CYC-2020-NIO-018,Yaas,Arabian Sea,2020-04-21T00:00:00Z,17.62,65.62,76.7,963.3,48.69,23.7,1,Very Severe Cyclonic Storm
CYC-2020-NIO-018,Yaas,Arabian Sea,2020-04-21T06:00:00Z,18.15,65.56,62.3,976.9,35.08,23.64,1,Severe Cyclonic Storm
CYC-2020-NIO-018,Yaas,Arabian Sea,2020-04-21T12:00:00Z,18.59,65.58,43.4,985.2,26.79,11.96,0,Cyclonic Storm
CYC-2020-NIO-018,Yaas,Arabian Sea,2020-04-21T18:00:00Z,19.2,65.66,28.4,990.1,21.85,20.35,0,Deep Depression
CYC-2020-NIO-019,Gulab,Bay of Bengal,2020-05-17T00:00:00Z,9.11,91.41,34.8,991.4,20.63,12.06,0,Cyclonic Storm
CYC-2020-NIO-019,Gulab,Bay of Bengal,2020-05-17T06:00:00Z,9.43,91.51,47.3,977.8,34.24,15.7,0,Cyclonic Storm
CYC-2020-NIO-019,Gulab,Bay of Bengal,2020-05-17T12:00:00Z,9.74,91.75,49.4,980.7,31.33,17.95,1,Severe Cyclonic Storm
CYC-2020-NIO-019,Gulab,Bay of Bengal,2020-05-17T18:00:00Z,9.96,92.09,53.3,983.0,28.99,23.3,1,Severe Cyclonic Storm
CYC-2020-NIO-019,Gulab,Bay of Bengal,2020-05-18T00:00:00Z,10.37,92.24,58.0,971.3,40.68,19.51,1,Severe Cyclonic Storm
CYC-2020-NIO-019,Gulab,Bay of Bengal,2020-05-18T06:00:00Z,10.58,92.59,65.4,970.9,41.13,10.3,1,Very Severe Cyclonic Storm
CYC-2020-NIO-019,Gulab,Bay of Bengal,2020-05-18T12:00:00Z,11.02,92.8,70.3,974.3,37.74,20.21,1,Very Severe Cyclonic Storm
CYC-2020-NIO-019,Gulab,Bay of Bengal,2020-05-18T18:00:00Z,11.27,93.03,74.0,963.5,48.54,17.5,1,Very Severe Cyclonic Storm
CYC-2020-NIO-019,Gulab,Bay of Bengal,2020-05-19T00:00:00Z,11.65,93.22,76.7,962.2,49.75,22.07,1,Very Severe Cyclonic Storm
CYC-2020-NIO-019,Gulab,Bay of Bengal,2020-05-19T06:00:00Z,11.95,93.43,84.0,964.6,47.43,13.64,1,Very Severe Cyclonic Storm
CYC-2020-NIO-019,Gulab,Bay of Bengal,2020-05-19T12:00:00Z,12.32,93.76,88.3,958.8,53.17,12.64,1,Very Severe Cyclonic Storm
CYC-2020-NIO-019,Gulab,Bay of Bengal,2020-05-19T18:00:00Z,12.68,94.03,76.2,976.0,35.96,17.45,1,Very Severe Cyclonic Storm
CYC-2020-NIO-019,Gulab,Bay of Bengal,2020-05-20T00:00:00Z,13.03,94.2,70.4,972.4,39.63,11.26,1,Very Severe Cyclonic Storm
CYC-2020-NIO-019,Gulab,Bay of Bengal,2020-05-20T06:00:00Z,13.4,94.4,63.9,969.8,42.19,19.71,1,Severe Cyclonic Storm
CYC-2020-NIO-019,Gulab,Bay of Bengal,2020-05-20T12:00:00Z,13.68,94.76,54.4,984.9,27.08,22.34,1,Severe Cyclonic Storm
CYC-2020-NIO-019,Gulab,Bay of Bengal,2020-05-20T18:00:00Z,14.0,95.04,48.0,981.7,30.31,13.39,1,Severe Cyclonic Storm
CYC-2020-NIO-019,Gulab,Bay of Bengal,2020-05-21T00:00:00Z,14.43,95.19,43.0,986.8,25.22,14.09,0,Cyclonic Storm
CYC-2020-NIO-019,Gulab,Bay of Bengal,2020-05-21T06:00:00Z,14.91,95.37,39.4,988.9,23.1,18.05,0,Cyclonic Storm
CYC-2020-NIO-020,Jawad,Bay of Bengal,2020-06-16T12:00:00Z,10.71,90.07,29.8,993.4,18.6,10.88,0,Deep Depression
CYC-2020-NIO-020,Jawad,Bay of Bengal,2020-06-16T18:00:00Z,11.01,90.3,32.7,990.5,21.46,18.64,0,Deep Depression
CYC-2020-NIO-020,Jawad,Bay of Bengal,2020-06-17T00:00:00Z,11.4,90.55,39.6,979.7,32.34,12.99,0,Cyclonic Storm
CYC-2020-NIO-020,Jawad,Bay of Bengal,2020-06-17T06:00:00Z,11.84,90.44,44.8,984.2,27.79,8.26,0,Cyclonic Storm
CYC-2020-NIO-020,Jawad,Bay of Bengal,2020-06-17T12:00:00Z,12.13,90.62,49.5,987.3,24.68,21.49,1,Severe Cyclonic Storm
CYC-2020-NIO-020,Jawad,Bay of Bengal,2020-06-17T18:00:00Z,12.48,90.7,56.9,977.9,34.08,16.55,1,Severe Cyclonic Storm
CYC-2020-NIO-020,Jawad,Bay of Bengal,2020-06-18T00:00:00Z,12.62,90.97,60.1,968.1,43.88,9.9,1,Severe Cyclonic Storm
CYC-2020-NIO-020,Jawad,Bay of Bengal,2020-06-18T06:00:00Z,12.97,91.14,65.9,978.4,33.56,13.06,1,Very Severe Cyclonic Storm
CYC-2020-NIO-020,Jawad,Bay of Bengal,2020-06-18T12:00:00Z,13.3,91.41,69.1,968.6,43.36,22.96,1,Very Severe Cyclonic Storm
CYC-2020-NIO-020,Jawad,Bay of Bengal,2020-06-18T18:00:00Z,13.52,91.62,72.0,967.1,44.88,8.32,1,Very Severe Cyclonic Storm
CYC-2020-NIO-020,Jawad,Bay of Bengal,2020-06-19T00:00:00Z,13.75,91.74,77.0,965.3,46.74,14.89,1,Very Severe Cyclonic Storm
CYC-2020-NIO-020,Jawad,Bay of Bengal,2020-06-19T06:00:00Z,14.1,91.98,79.2,959.4,52.62,9.34,1,Very Severe Cyclonic Storm
CYC-2020-NIO-020,Jawad,Bay of Bengal,2020-06-19T12:00:00Z,14.53,92.04,83.1,962.0,50.05,20.56,1,Very Severe Cyclonic Storm
CYC-2020-NIO-020,Jawad,Bay of Bengal,2020-06-19T18:00:00Z,14.82,92.22,88.1,961.8,50.23,17.62,1,Very Severe Cyclonic Storm
CYC-2020-NIO-020,Jawad,Bay of Bengal,2020-06-20T00:00:00Z,15.15,92.36,92.5,956.6,55.37,16.89,1,Extremely Severe Cyclonic Storm
CYC-2020-NIO-020,Jawad,Bay of Bengal,2020-06-20T06:00:00Z,15.51,92.41,96.4,948.4,63.61,9.18,1,Extremely Severe Cyclonic Storm
CYC-2020-NIO-020,Jawad,Bay of Bengal,2020-06-20T12:00:00Z,15.87,92.77,101.5,956.6,55.45,16.79,1,Extremely Severe Cyclonic Storm
CYC-2020-NIO-020,Jawad,Bay of Bengal,2020-06-20T18:00:00Z,16.13,92.96,99.2,953.9,58.13,22.81,1,Extremely Severe Cyclonic Storm
CYC-2020-NIO-020,Jawad,Bay of Bengal,2020-06-21T00:00:00Z,16.46,93.06,94.9,962.5,49.46,9.47,1,Extremely Severe Cyclonic Storm
CYC-2020-NIO-020,Jawad,Bay of Bengal,2020-06-21T06:00:00Z,16.95,93.28,91.9,962.7,49.3,17.02,1,Extremely Severe Cyclonic Storm
CYC-2020-NIO-020,Jawad,Bay of Bengal,2020-06-21T12:00:00Z,17.44,93.39,84.6,971.3,40.68,11.99,1,Very Severe Cyclonic Storm
CYC-2020-NIO-020,Jawad,Bay of Bengal,2020-06-21T18:00:00Z,17.76,93.47,82.6,964.5,47.52,23.02,1,Very Severe Cyclonic Storm
CYC-2020-NIO-020,Jawad,Bay of Bengal,2020-06-22T00:00:00Z,17.97,93.74,76.9,963.8,48.16,14.17,1,Very Severe Cyclonic Storm
CYC-2020-NIO-020,Jawad,Bay of Bengal,2020-06-22T06:00:00Z,18.31,93.95,69.7,976.0,36.01,19.83,1,Very Severe Cyclonic Storm
CYC-2020-NIO-020,Jawad,Bay of Bengal,2020-06-22T12:00:00Z,18.69,94.02,60.2,975.8,36.18,13.23,1,Severe Cyclonic Storm
CYC-2020-NIO-020,Jawad,Bay of Bengal,2020-06-22T18:00:00Z,19.05,94.2,54.8,984.5,27.48,15.01,1,Severe Cyclonic Storm
CYC-2020-NIO-020,Jawad,Bay of Bengal,2020-06-23T00:00:00Z,19.54,94.4,51.9,983.5,28.53,18.46,1,Severe Cyclonic Storm
CYC-2020-NIO-020,Jawad,Bay of Bengal,2020-06-23T06:00:00Z,19.79,94.41,45.4,979.3,32.66,17.52,0,Cyclonic Storm
CYC-2020-NIO-020,Jawad,Bay of Bengal,2020-06-23T12:00:00Z,20.0,94.47,40.8,991.1,20.92,15.9,0,Cyclonic Storm
CYC-2020-NIO-021,Mocha,Arabian Sea,2020-08-07T18:00:00Z,11.08,66.03,37.3,999.1,12.92,12.3,0,Cyclonic Storm
CYC-2020-NIO-021,Mocha,Arabian Sea,2020-08-08T00:00:00Z,11.74,65.85,44.2,988.0,23.98,15.27,0,Cyclonic Storm
CYC-2020-NIO-021,Mocha,Arabian Sea,2020-08-08T06:00:00Z,12.23,65.75,47.8,990.2,21.79,15.08,0,Cyclonic Storm
CYC-2020-NIO-021,Mocha,Arabian Sea,2020-08-08T12:00:00Z,12.87,65.61,51.6,974.0,38.03,8.35,1,Severe Cyclonic Storm
CYC-2020-NIO-021,Mocha,Arabian Sea,2020-08-08T18:00:00Z,13.47,65.3,56.3,975.5,36.53,22.83,1,Severe Cyclonic Storm
CYC-2020-NIO-021,Mocha,Arabian Sea,2020-08-09T00:00:00Z,14.09,65.12,64.5,969.2,42.79,12.16,1,Very Severe Cyclonic Storm
CYC-2020-NIO-021,Mocha,Arabian Sea,2020-08-09T06:00:00Z,14.66,64.94,70.9,970.8,41.15,21.03,1,Very Severe Cyclonic Storm
CYC-2020-NIO-021,Mocha,Arabian Sea,2020-08-09T12:00:00Z,15.2,64.82,73.6,963.4,48.62,12.0,1,Very Severe Cyclonic Storm
CYC-2020-NIO-021,Mocha,Arabian Sea,2020-08-09T18:00:00Z,16.03,64.76,75.6,961.3,50.67,21.26,1,Very Severe Cyclonic Storm
CYC-2020-NIO-021,Mocha,Arabian Sea,2020-08-10T00:00:00Z,16.58,64.69,78.1,959.7,52.3,16.09,1,Very Severe Cyclonic Storm
CYC-2020-NIO-021,Mocha,Arabian Sea,2020-08-10T06:00:00Z,17.15,64.47,83.2,974.0,37.97,11.1,1,Very Severe Cyclonic Storm
CYC-2020-NIO-021,Mocha,Arabian Sea,2020-08-10T12:00:00Z,17.78,64.38,88.3,959.7,52.31,19.97,1,Very Severe Cyclonic Storm
CYC-2020-NIO-021,Mocha,Arabian Sea,2020-08-10T18:00:00Z,18.54,64.13,94.0,951.9,60.09,10.87,1,Extremely Severe Cyclonic Storm
CYC-2020-NIO-021,Mocha,Arabian Sea,2020-08-11T00:00:00Z,19.06,64.04,98.9,959.6,52.38,10.58,1,Extremely Severe Cyclonic Storm
CYC-2020-NIO-021,Mocha,Arabian Sea,2020-08-11T06:00:00Z,19.6,63.78,92.6,955.2,56.78,16.31,1,Extremely Severe Cyclonic Storm
CYC-2020-NIO-021,Mocha,Arabian Sea,2020-08-11T12:00:00Z,20.08,63.68,86.0,958.0,53.99,11.75,1,Very Severe Cyclonic Storm
CYC-2020-NIO-021,Mocha,Arabian Sea,2020-08-11T18:00:00Z,20.76,63.69,83.1,954.6,57.37,16.65,1,Very Severe Cyclonic Storm
CYC-2020-NIO-021,Mocha,Arabian Sea,2020-08-12T00:00:00Z,21.44,63.62,76.2,961.1,50.89,14.59,1,Very Severe Cyclonic Storm
CYC-2020-NIO-021,Mocha,Arabian Sea,2020-08-12T06:00:00Z,22.06,63.54,71.8,969.3,42.73,17.69,1,Very Severe Cyclonic Storm
CYC-2020-NIO-021,Mocha,Arabian Sea,2020-08-12T12:00:00Z,22.63,63.32,63.8,970.5,41.5,11.3,1,Severe Cyclonic Storm
CYC-2020-NIO-021,Mocha,Arabian Sea,2020-08-12T18:00:00Z,23.3,63.15,56.8,972.1,39.87,14.71,1,Severe Cyclonic Storm
CYC-2020-NIO-021,Mocha,Arabian Sea,2020-08-13T00:00:00Z,23.89,62.93,44.8,988.9,23.05,19.02,0,Cyclonic Storm
CYC-2020-NIO-021,Mocha,Arabian Sea,2020-08-13T06:00:00Z,24.51,62.92,37.0,991.4,20.63,21.49,0,Cyclonic Storm
CYC-2020-NIO-021,Mocha,Arabian Sea,2020-08-13T12:00:00Z,24.94,62.75,30.7,999.3,12.68,10.94,0,Deep Depression
CYC-2020-NIO-022,Biparjoy,Bay of Bengal,2020-09-17T18:00:00Z,7.57,86.25,30.7,994.4,17.6,14.01,0,Deep Depression
CYC-2020-NIO-022,Biparjoy,Bay of Bengal,2020-09-18T00:00:00Z,7.91,86.28,32.2,989.9,22.06,13.61,0,Deep Depression
CYC-2020-NIO-022,Biparjoy,Bay of Bengal,2020-09-18T06:00:00Z,8.22,86.18,34.6,982.4,29.56,19.56,0,Cyclonic Storm
CYC-2020-NIO-022,Biparjoy,Bay of Bengal,2020-09-18T12:00:00Z,8.69,86.18,37.7,997.8,14.2,8.09,0,Cyclonic Storm
CYC-2020-NIO-022,Biparjoy,Bay of Bengal,2020-09-18T18:00:00Z,9.1,86.15,39.9,988.4,23.59,20.26,0,Cyclonic Storm
CYC-2020-NIO-022,Biparjoy,Bay of Bengal,2020-09-19T00:00:00Z,9.57,86.11,45.0,987.5,24.48,16.29,0,Cyclonic Storm
CYC-2020-NIO-022,Biparjoy,Bay of Bengal,2020-09-19T06:00:00Z,9.97,85.96,51.4,984.0,28.02,10.72,1,Severe Cyclonic Storm
CYC-2020-NIO-022,Biparjoy,Bay of Bengal,2020-09-19T12:00:00Z,10.34,85.87,55.7,979.5,32.53,20.14,1,Severe Cyclonic Storm
CYC-2020-NIO-022,Biparjoy,Bay of Bengal,2020-09-19T18:00:00Z,10.84,85.88,59.6,980.0,32.02,18.12,1,Severe Cyclonic Storm
CYC-2020-NIO-022,Biparjoy,Bay of Bengal,2020-09-20T00:00:00Z,11.19,85.7,61.3,979.0,33.02,11.24,1,Severe Cyclonic Storm
CYC-2020-NIO-022,Biparjoy,Bay of Bengal,2020-09-20T06:00:00Z,11.47,85.56,64.1,967.9,44.09,22.53,1,Very Severe Cyclonic Storm
CYC-2020-NIO-022,Biparjoy,Bay of Bengal,2020-09-20T12:00:00Z,11.72,85.48,68.2,969.2,42.81,14.12,1,Very Severe Cyclonic Storm
CYC-2020-NIO-022,Biparjoy,Bay of Bengal,2020-09-20T18:00:00Z,12.13,85.49,70.4,973.2,38.84,19.08,1,Very Severe Cyclonic Storm
CYC-2020-NIO-022,Biparjoy,Bay of Bengal,2020-09-21T00:00:00Z,12.5,85.4,68.8,975.1,36.87,12.31,1,Very Severe Cyclonic Storm
CYC-2020-NIO-022,Biparjoy,Bay of Bengal,2020-09-21T06:00:00Z,12.91,85.25,62.5,969.0,42.97,12.23,1,Severe Cyclonic Storm
CYC-2020-NIO-022,Biparjoy,Bay of Bengal,2020-09-21T12:00:00Z,13.35,85.21,55.6,981.7,30.29,11.0,1,Severe Cyclonic Storm
CYC-2020-NIO-022,Biparjoy,Bay of Bengal,2020-09-21T18:00:00Z,13.73,85.09,52.9,972.4,39.6,8.5,1,Severe Cyclonic Storm
CYC-2020-NIO-022,Biparjoy,Bay of Bengal,2020-09-22T00:00:00Z,14.07,85.05,49.1,982.8,29.19,18.67,1,Severe Cyclonic Storm
CYC-2020-NIO-022,Biparjoy,Bay of Bengal,2020-09-22T06:00:00Z,14.49,84.95,44.8,988.1,23.92,22.42,0,Cyclonic Storm
CYC-2020-NIO-022,Biparjoy,Bay of Bengal,2020-09-22T12:00:00Z,14.81,84.92,41.4,987.7,24.31,9.52,0,Cyclonic Storm
CYC-2020-NIO-022,Biparjoy,Bay of Bengal,2020-09-22T18:00:00Z,15.23,84.89,38.7,987.8,24.22,8.36,0,Cyclonic Storm
CYC-2020-NIO-022,Biparjoy,Bay of Bengal,2020-09-23T00:00:00Z,15.69,84.76,38.1,991.7,20.3,18.47,0,Cyclonic Storm
CYC-2020-NIO-023,Tej,Bay of Bengal,2020-10-14T06:00:00Z,9.8,84.04,35.1,989.0,23.03,14.23,0,Cyclonic Storm
CYC-2020-NIO-023,Tej,Bay of Bengal,2020-10-14T12:00:00Z,10.42,84.04,39.6,979.8,32.15,11.39,0,Cyclonic Storm
CYC-2020-NIO-023,Tej,Bay of Bengal,2020-10-14T18:00:00Z,11.09,84.19,44.7,991.6,20.44,8.85,0,Cyclonic Storm
CYC-2020-NIO-023,Tej,Bay of Bengal,2020-10-15T00:00:00Z,11.83,84.26,46.3,990.1,21.88,23.07,0,Cyclonic Storm
CYC-2020-NIO-023,Tej,Bay of Bengal,2020-10-15T06:00:00Z,12.41,84.26,52.3,984.9,27.08,18.38,1,Severe Cyclonic Storm
CYC-2020-NIO-023,Tej,Bay of Bengal,2020-10-15T12:00:00Z,12.94,84.33,58.5,983.6,28.38,10.87,1,Severe Cyclonic Storm
CYC-2020-NIO-023,Tej,Bay of Bengal,2020-10-15T18:00:00Z,13.49,84.58,64.2,975.4,36.61,10.72,1,Very Severe Cyclonic Storm
CYC-2020-NIO-023,Tej,Bay of Bengal,2020-10-16T00:00:00Z,14.19,84.76,68.8,972.6,39.4,23.37,1,Very Severe Cyclonic Storm
CYC-2020-NIO-023,Tej,Bay of Bengal,2020-10-16T06:00:00Z,14.7,85.11,70.3,968.6,43.43,17.16,1,Very Severe Cyclonic Storm
CYC-2020-NIO-023,Tej,Bay of Bengal,2020-10-16T12:00:00Z,15.31,85.2,77.6,971.8,40.24,13.68,1,Very Severe Cyclonic Storm
CYC-2020-NIO-023,Tej,Bay of Bengal,2020-10-16T18:00:00Z,15.82,85.3,83.2,963.1,48.85,22.13,1,Very Severe Cyclonic Storm
CYC-2020-NIO-023,Tej,Bay of Bengal,2020-10-17T00:00:00Z,16.32,85.46,88.2,955.9,56.12,12.58,1,Very Severe Cyclonic Storm
CYC-2020-NIO-023,Tej,Bay of Bengal,2020-10-17T06:00:00Z,16.92,85.57,94.3,954.9,57.06,9.0,1,Extremely Severe Cyclonic Storm
CYC-2020-NIO-023,Tej,Bay of Bengal,2020-10-17T12:00:00Z,17.46,85.66,97.6,950.4,61.57,9.14,1,Extremely Severe Cyclonic Storm
CYC-2020-NIO-023,Tej,Bay of Bengal,2020-10-17T18:00:00Z,17.99,85.71,97.9,952.3,59.68,9.62,1,Extremely Severe Cyclonic Storm
CYC-2020-NIO-023,Tej,Bay of Bengal,2020-10-18T00:00:00Z,18.55,85.8,101.5,953.0,59.01,12.45,1,Extremely Severe Cyclonic Storm
CYC-2020-NIO-023,Tej,Bay of Bengal,2020-10-18T06:00:00Z,19.08,85.99,103.3,947.0,65.0,10.07,1,Extremely Severe Cyclonic Storm
CYC-2020-NIO-023,Tej,Bay of Bengal,2020-10-18T12:00:00Z,19.6,85.99,99.0,953.4,58.65,11.37,1,Extremely Severe Cyclonic Storm
CYC-2020-NIO-023,Tej,Bay of Bengal,2020-10-18T18:00:00Z,20.15,86.13,91.3,955.7,56.31,10.48,1,Extremely Severe Cyclonic Storm
CYC-2020-NIO-023,Tej,Bay of Bengal,2020-10-19T00:00:00Z,20.73,86.17,84.4,954.2,57.8,20.86,1,Very Severe Cyclonic Storm
CYC-2020-NIO-023,Tej,Bay of Bengal,2020-10-19T06:00:00Z,21.33,86.19,81.9,962.9,49.06,17.98,1,Very Severe Cyclonic Storm
CYC-2020-NIO-023,Tej,Bay of Bengal,2020-10-19T12:00:00Z,21.91,86.16,76.6,962.7,49.32,12.9,1,Very Severe Cyclonic Storm
CYC-2020-NIO-023,Tej,Bay of Bengal,2020-10-19T18:00:00Z,22.39,86.08,69.8,976.7,35.34,18.68,1,Very Severe Cyclonic Storm
CYC-2020-NIO-023,Tej,Bay of Bengal,2020-10-20T00:00:00Z,23.01,86.21,63.4,966.2,45.76,21.44,1,Severe Cyclonic Storm
CYC-2020-NIO-023,Tej,Bay of Bengal,2020-10-20T06:00:00Z,23.5,86.28,53.7,979.5,32.52,15.88,1,Severe Cyclonic Storm
CYC-2020-NIO-023,Tej,Bay of Bengal,2020-10-20T12:00:00Z,24.18,86.38,45.9,983.0,28.99,14.51,0,Cyclonic Storm
CYC-2020-NIO-023,Tej,Bay of Bengal,2020-10-20T18:00:00Z,24.72,86.33,41.7,988.4,23.61,11.14,0,Cyclonic Storm
CYC-2020-NIO-023,Tej,Bay of Bengal,2020-10-21T00:00:00Z,25.46,86.57,30.7,993.0,19.03,11.68,0,Deep Depression
CYC-2020-NIO-023,Tej,Bay of Bengal,2020-10-21T06:00:00Z,25.87,86.75,27.4,997.1,14.86,17.13,0,Depression
CYC-2020-NIO-024,Hamoon,Arabian Sea,2020-12-10T12:00:00Z,9.1,70.61,38.3,992.2,19.78,23.02,0,Cyclonic Storm
CYC-2020-NIO-024,Hamoon,Arabian Sea,2020-12-10T18:00:00Z,9.46,70.83,47.2,990.2,21.83,13.4,0,Cyclonic Storm
CYC-2020-NIO-024,Hamoon,Arabian Sea,2020-12-11T00:00:00Z,9.85,70.86,60.2,978.4,33.62,20.03,1,Severe Cyclonic Storm
CYC-2020-NIO-024,Hamoon,Arabian Sea,2020-12-11T06:00:00Z,10.35,71.15,67.8,969.2,42.81,11.71,1,Very Severe Cyclonic Storm
CYC-2020-NIO-024,Hamoon,Arabian Sea,2020-12-11T12:00:00Z,10.77,71.19,74.4,963.6,48.37,11.79,1,Very Severe Cyclonic Storm
CYC-2020-NIO-024,Hamoon,Arabian Sea,2020-12-11T18:00:00Z,11.21,71.36,83.2,967.6,44.45,8.1,1,Very Severe Cyclonic Storm
CYC-2020-NIO-024,Hamoon,Arabian Sea,2020-12-12T00:00:00Z,11.65,71.61,93.8,958.1,53.86,16.21,1,Extremely Severe Cyclonic Storm
CYC-2020-NIO-024,Hamoon,Arabian Sea,2020-12-12T06:00:00Z,12.07,71.78,104.6,945.7,66.27,15.61,1,Extremely Severe Cyclonic Storm
CYC-2020-NIO-024,Hamoon,Arabian Sea,2020-12-12T12:00:00Z,12.54,72.01,112.8,942.7,69.31,11.63,1,Extremely Severe Cyclonic Storm
CYC-2020-NIO-024,Hamoon,Arabian Sea,2020-12-12T18:00:00Z,12.9,72.33,119.8,941.4,70.64,18.02,1,Extremely Severe Cyclonic Storm
CYC-2020-NIO-024,Hamoon,Arabian Sea,2020-12-13T00:00:00Z,13.34,72.46,106.7,951.0,60.97,11.45,1,Extremely Severe Cyclonic Storm
CYC-2020-NIO-024,Hamoon,Arabian Sea,2020-12-13T06:00:00Z,13.69,72.46,94.8,955.5,56.52,11.03,1,Extremely Severe Cyclonic Storm
CYC-2020-NIO-024,Hamoon,Arabian Sea,2020-12-13T12:00:00Z,14.1,72.66,86.4,962.0,49.97,8.89,1,Very Severe Cyclonic Storm
CYC-2020-NIO-024,Hamoon,Arabian Sea,2020-12-13T18:00:00Z,14.64,72.9,74.1,961.8,50.18,21.7,1,Very Severe Cyclonic Storm
CYC-2020-NIO-024,Hamoon,Arabian Sea,2020-12-14T00:00:00Z,14.91,72.97,63.6,980.1,31.93,9.4,1,Severe Cyclonic Storm
CYC-2020-NIO-024,Hamoon,Arabian Sea,2020-12-14T06:00:00Z,15.24,73.01,54.6,974.3,37.68,12.7,1,Severe Cyclonic Storm
CYC-2020-NIO-024,Hamoon,Arabian Sea,2020-12-14T12:00:00Z,15.64,73.14,38.8,993.0,18.95,11.08,0,Cyclonic Storm
CYC-2020-NIO-025,Midhili,Bay of Bengal,2021-01-18T18:00:00Z,9.78,86.8,34.5,997.2,14.79,23.84,0,Cyclonic Storm
CYC-2020-NIO-025,Midhili,Bay of Bengal,2021-01-19T00:00:00Z,10.27,86.77,38.8,985.5,26.46,12.18,0,Cyclonic Storm
CYC-2020-NIO-025,Midhili,Bay of Bengal,2021-01-19T06:00:00Z,10.92,86.8,44.6,984.5,27.51,8.99,0,Cyclonic Storm
CYC-2020-NIO-025,Midhili,Bay of Bengal,2021-01-19T12:00:00Z,11.41,86.9,49.0,984.5,27.46,16.02,1,Severe Cyclonic Storm
CYC-2020-NIO-025,Midhili,Bay of Bengal,2021-01-19T18:00:00Z,11.96,86.84,55.9,981.5,30.46,20.06,1,Severe Cyclonic Storm
CYC-2020-NIO-025,Midhili,Bay of Bengal,2021-01-20T00:00:00Z,12.61,86.92,61.6,977.8,34.17,8.89,1,Severe Cyclonic Storm
CYC-2020-NIO-025,Midhili,Bay of Bengal,2021-01-20T06:00:00Z,13.11,87.13,68.0,970.3,41.74,22.33,1,Very Severe Cyclonic Storm
CYC-2020-NIO-025,Midhili,Bay of Bengal,2021-01-20T12:00:00Z,13.66,87.25,70.3,973.5,38.49,11.05,1,Very Severe Cyclonic Storm
CYC-2020-NIO-025,Midhili,Bay of Bengal,2021-01-20T18:00:00Z,14.19,87.23,77.3,964.6,47.41,9.92,1,Very Severe Cyclonic Storm
CYC-2020-NIO-025,Midhili,Bay of Bengal,2021-01-21T00:00:00Z,14.78,87.44,81.7,955.6,56.42,12.8,1,Very Severe Cyclonic Storm
CYC-2020-NIO-025,Midhili,Bay of Bengal,2021-01-21T06:00:00Z,15.25,87.67,88.0,959.6,52.4,13.5,1,Very Severe Cyclonic Storm
CYC-2020-NIO-025,Midhili,Bay of Bengal,2021-01-21T12:00:00Z,15.89,87.84,96.4,957.4,54.59,22.37,1,Extremely Severe Cyclonic Storm
CYC-2020-NIO-025,Midhili,Bay of Bengal,2021-01-21T18:00:00Z,16.33,87.83,100.7,952.0,60.03,17.23,1,Extremely Severe Cyclonic Storm
CYC-2020-NIO-025,Midhili,Bay of Bengal,2021-01-22T00:00:00Z,16.82,87.89,105.5,946.0,66.01,19.82,1,Extremely Severe Cyclonic Storm
CYC-2020-NIO-025,Midhili,Bay of Bengal,2021-01-22T06:00:00Z,17.4,87.95,108.1,947.4,64.56,10.76,1,Extremely Severe Cyclonic Storm
CYC-2020-NIO-025,Midhili,Bay of Bengal,2021-01-22T12:00:00Z,17.83,88.06,112.5,946.3,65.7,13.56,1,Extremely Severe Cyclonic Storm
CYC-2020-NIO-025,Midhili,Bay of Bengal,2021-01-22T18:00:00Z,18.38,88.28,118.2,935.8,76.23,12.05,1,Extremely Severe Cyclonic Storm
CYC-2020-NIO-025,Midhili,Bay of Bengal,2021-01-23T00:00:00Z,18.8,88.44,123.5,939.6,72.39,15.64,1,Super Cyclonic Storm
CYC-2020-NIO-025,Midhili,Bay of Bengal,2021-01-23T06:00:00Z,19.27,88.39,126.9,940.0,71.98,11.34,1,Super Cyclonic Storm
CYC-2020-NIO-025,Midhili,Bay of Bengal,2021-01-23T12:00:00Z,19.84,88.4,133.9,931.4,80.59,11.54,1,Super Cyclonic Storm
CYC-2020-NIO-025,Midhili,Bay of Bengal,2021-01-23T18:00:00Z,20.51,88.43,128.3,939.6,72.35,15.35,1,Super Cyclonic Storm
CYC-2020-NIO-025,Midhili,Bay of Bengal,2021-01-24T00:00:00Z,21.12,88.48,120.8,947.3,64.65,8.52,1,Super Cyclonic Storm
CYC-2020-NIO-025,Midhili,Bay of Bengal,2021-01-24T06:00:00Z,21.49,88.5,113.0,940.3,71.75,23.54,1,Extremely Severe Cyclonic Storm
CYC-2020-NIO-025,Midhili,Bay of Bengal,2021-01-24T12:00:00Z,22.2,88.61,106.7,945.1,66.86,9.86,1,Extremely Severe Cyclonic Storm
CYC-2020-NIO-025,Midhili,Bay of Bengal,2021-01-24T18:00:00Z,22.83,88.69,101.6,952.0,60.03,13.67,1,Extremely Severe Cyclonic Storm
CYC-2020-NIO-025,Midhili,Bay of Bengal,2021-01-25T00:00:00Z,23.22,88.85,93.9,957.4,54.63,17.79,1,Extremely Severe Cyclonic Storm
CYC-2020-NIO-025,Midhili,Bay of Bengal,2021-01-25T06:00:00Z,23.69,88.87,88.0,956.1,55.93,14.61,1,Very Severe Cyclonic Storm
CYC-2020-NIO-025,Midhili,Bay of Bengal,2021-01-25T12:00:00Z,24.36,89.04,81.8,960.2,51.77,10.91,1,Very Severe Cyclonic Storm
CYC-2020-NIO-025,Midhili,Bay of Bengal,2021-01-25T18:00:00Z,24.95,89.08,75.4,964.7,47.33,10.69,1,Very Severe Cyclonic Storm
CYC-2020-NIO-025,Midhili,Bay of Bengal,2021-01-26T00:00:00Z,25.54,89.23,68.7,964.5,47.51,19.7,1,Very Severe Cyclonic Storm
CYC-2020-NIO-025,Midhili,Bay of Bengal,2021-01-26T06:00:00Z,26.13,89.36,65.2,979.7,32.32,20.04,1,Very Severe Cyclonic Storm
CYC-2020-NIO-025,Midhili,Bay of Bengal,2021-01-26T12:00:00Z,26.87,89.46,54.5,977.3,34.72,21.19,1,Severe Cyclonic Storm
CYC-2020-NIO-025,Midhili,Bay of Bengal,2021-01-26T18:00:00Z,27.46,89.51,44.9,985.6,26.36,14.9,0,Cyclonic Storm
CYC-2021-NIO-026,Michaung,Bay of Bengal,2021-02-22T00:00:00Z,8.62,88.38,33.2,995.4,16.58,19.15,0,Deep Depression
CYC-2021-NIO-026,Michaung,Bay of Bengal,2021-02-22T06:00:00Z,8.92,88.67,39.6,986.7,25.25,21.13,0,Cyclonic Storm
CYC-2021-NIO-026,Michaung,Bay of Bengal,2021-02-22T12:00:00Z,9.21,89.01,48.2,977.2,34.8,15.27,1,Severe Cyclonic Storm
CYC-2021-NIO-026,Michaung,Bay of Bengal,2021-02-22T18:00:00Z,9.58,89.25,50.3,979.4,32.65,11.17,1,Severe Cyclonic Storm
CYC-2021-NIO-026,Michaung,Bay of Bengal,2021-02-23T00:00:00Z,9.95,89.38,56.2,974.1,37.94,15.08,1,Severe Cyclonic Storm
CYC-2021-NIO-026,Michaung,Bay of Bengal,2021-02-23T06:00:00Z,10.39,89.8,59.6,981.3,30.65,20.88,1,Severe Cyclonic Storm
CYC-2021-NIO-026,Michaung,Bay of Bengal,2021-02-23T12:00:00Z,10.72,90.14,66.5,970.1,41.94,23.17,1,Very Severe Cyclonic Storm
CYC-2021-NIO-026,Michaung,Bay of Bengal,2021-02-23T18:00:00Z,11.02,90.42,70.1,966.1,45.93,8.57,1,Very Severe Cyclonic Storm
CYC-2021-NIO-026,Michaung,Bay of Bengal,2021-02-24T00:00:00Z,11.39,90.77,76.6,968.7,43.26,23.15,1,Very Severe Cyclonic Storm
CYC-2021-NIO-026,Michaung,Bay of Bengal,2021-02-24T06:00:00Z,11.72,91.2,83.8,957.5,54.48,13.83,1,Very Severe Cyclonic Storm
CYC-2021-NIO-026,Michaung,Bay of Bengal,2021-02-24T12:00:00Z,12.09,91.55,89.5,955.4,56.57,17.06,1,Very Severe Cyclonic Storm
CYC-2021-NIO-026,Michaung,Bay of Bengal,2021-02-24T18:00:00Z,12.43,91.93,92.3,956.9,55.13,9.49,1,Extremely Severe Cyclonic Storm
CYC-2021-NIO-026,Michaung,Bay of Bengal,2021-02-25T00:00:00Z,12.72,92.26,96.5,949.9,62.15,12.15,1,Extremely Severe Cyclonic Storm
CYC-2021-NIO-026,Michaung,Bay of Bengal,2021-02-25T06:00:00Z,12.98,92.68,100.2,947.0,65.0,18.6,1,Extremely Severe Cyclonic Storm
CYC-2021-NIO-026,Michaung,Bay of Bengal,2021-02-25T12:00:00Z,13.4,93.07,105.5,955.8,56.24,19.1,1,Extremely Severe Cyclonic Storm
CYC-2021-NIO-026,Michaung,Bay of Bengal,2021-02-25T18:00:00Z,13.66,93.44,109.8,942.3,69.69,22.57,1,Extremely Severe Cyclonic Storm
CYC-2021-NIO-026,Michaung,Bay of Bengal,2021-02-26T00:00:00Z,14.18,93.82,113.3,937.1,74.9,10.01,1,Extremely Severe Cyclonic Storm
CYC-2021-NIO-026,Michaung,Bay of Bengal,2021-02-26T06:00:00Z,14.59,94.14,115.3,946.5,65.46,20.85,1,Extremely Severe Cyclonic Storm
CYC-2021-NIO-026,Michaung,Bay of Bengal,2021-02-26T12:00:00Z,14.87,94.39,119.4,938.9,73.11,9.78,1,Extremely Severe Cyclonic Storm
CYC-2021-NIO-026,Michaung,Bay of Bengal,2021-02-26T18:00:00Z,15.32,94.77,112.3,946.1,65.95,16.73,1,Extremely Severe Cyclonic Storm
CYC-2021-NIO-026,Michaung,Bay of Bengal,2021-02-27T00:00:00Z,15.74,95.29,103.4,938.1,73.88,9.88,1,Extremely Severe Cyclonic Storm
CYC-2021-NIO-026,Michaung,Bay of Bengal,2021-02-27T06:00:00Z,16.09,95.56,95.1,961.4,50.64,18.21,1,Extremely Severe Cyclonic Storm
CYC-2021-NIO-026,Michaung,Bay of Bengal,2021-02-27T12:00:00Z,16.33,95.74,83.1,966.6,45.41,16.01,1,Very Severe Cyclonic Storm
CYC-2021-NIO-026,Michaung,Bay of Bengal,2021-02-27T18:00:00Z,16.71,96.1,79.0,962.5,49.53,10.07,1,Very Severe Cyclonic Storm
CYC-2021-NIO-026,Michaung,Bay of Bengal,2021-02-28T00:00:00Z,17.11,96.38,75.0,967.7,44.34,15.54,1,Very Severe Cyclonic Storm
CYC-2021-NIO-026,Michaung,Bay of Bengal,2021-02-28T06:00:00Z,17.38,96.73,63.8,976.3,35.74,20.66,1,Severe Cyclonic Storm
CYC-2021-NIO-026,Michaung,Bay of Bengal,2021-02-28T12:00:00Z,17.78,97.28,55.9,977.3,34.71,9.49,1,Severe Cyclonic Storm
CYC-2021-NIO-026,Michaung,Bay of Bengal,2021-02-28T18:00:00Z,18.08,97.6,47.8,981.8,30.16,23.09,0,Cyclonic Storm
CYC-2021-NIO-026,Michaung,Bay of Bengal,2021-03-01T00:00:00Z,18.56,97.85,42.7,989.4,22.56,18.41,0,Cyclonic Storm
CYC-2021-NIO-026,Michaung,Bay of Bengal,2021-03-01T06:00:00Z,18.91,98.18,36.1,991.7,20.31,23.95,0,Cyclonic Storm
CYC-2021-NIO-026,Michaung,Bay of Bengal,2021-03-01T12:00:00Z,19.32,98.43,30.4,992.8,19.2,8.45,0,Deep Depression
CYC-2021-NIO-026,Michaung,Bay of Bengal,2021-03-01T18:00:00Z,19.8,98.82,22.4,1003.5,8.5,20.44,0,Depression
CYC-2021-NIO-027,Remal,Arabian Sea,2021-04-14T00:00:00Z,11.98,71.72,38.8,980.3,31.71,21.44,0,Cyclonic Storm
CYC-2021-NIO-027,Remal,Arabian Sea,2021-04-14T06:00:00Z,12.32,71.84,48.9,985.5,26.52,23.91,1,Severe Cyclonic Storm
CYC-2021-NIO-027,Remal,Arabian Sea,2021-04-14T12:00:00Z,12.51,72.06,58.0,981.6,30.37,17.3,1,Severe Cyclonic Storm
CYC-2021-NIO-027,Remal,Arabian Sea,2021-04-14T18:00:00Z,12.89,72.14,64.7,971.7,40.31,15.08,1,Very Severe Cyclonic Storm
CYC-2021-NIO-027,Remal,Arabian Sea,2021-04-15T00:00:00Z,13.21,72.27,72.8,955.5,56.46,13.09,1,Very Severe Cyclonic Storm
CYC-2021-NIO-027,Remal,Arabian Sea,2021-04-15T06:00:00Z,13.55,72.47,79.1,960.3,51.74,22.26,1,Very Severe Cyclonic Storm
CYC-2021-NIO-027,Remal,Arabian Sea,2021-04-15T12:00:00Z,13.77,72.63,87.7,963.1,48.94,21.0,1,Very Severe Cyclonic Storm
CYC-2021-NIO-027,Remal,Arabian Sea,2021-04-15T18:00:00Z,14.21,72.69,95.2,945.3,66.74,10.21,1,Extremely Severe Cyclonic Storm
CYC-2021-NIO-027,Remal,Arabian Sea,2021-04-16T00:00:00Z,14.52,72.86,103.3,953.9,58.08,13.12,1,Extremely Severe Cyclonic Storm
CYC-2021-NIO-027,Remal,Arabian Sea,2021-04-16T06:00:00Z,14.68,72.99,88.3,958.9,53.11,17.48,1,Very Severe Cyclonic Storm
CYC-2021-NIO-027,Remal,Arabian Sea,2021-04-16T12:00:00Z,14.91,73.25,74.0,972.4,39.57,9.91,1,Very Severe Cyclonic Storm
CYC-2021-NIO-027,Remal,Arabian Sea,2021-04-16T18:00:00Z,15.1,73.43,62.6,979.7,32.25,23.91,1,Severe Cyclonic Storm
CYC-2021-NIO-027,Remal,Arabian Sea,2021-04-17T00:00:00Z,15.43,73.56,47.6,986.3,25.66,12.92,0,Cyclonic Storm
CYC-2021-NIO-027,Remal,Arabian Sea,2021-04-17T06:00:00Z,15.86,73.7,37.3,986.7,25.27,16.82,0,Cyclonic Storm
CYC-2021-NIO-027,Remal,Arabian Sea,2021-04-17T12:00:00Z,16.03,73.86,27.8,991.5,20.51,20.34,0,Depression
CYC-2021-NIO-027,Remal,Arabian Sea,2021-04-17T18:00:00Z,16.43,74.05,20.0,1001.8,10.23,9.07,0,Depression
CYC-2021-NIO-028,Asna,Bay of Bengal,2021-05-15T00:00:00Z,9.85,86.17,34.0,996.7,15.26,19.68,0,Cyclonic Storm
CYC-2021-NIO-028,Asna,Bay of Bengal,2021-05-15T06:00:00Z,10.39,86.27,35.0,990.4,21.62,19.23,0,Cyclonic Storm
CYC-2021-NIO-028,Asna,Bay of Bengal,2021-05-15T12:00:00Z,10.64,86.53,38.1,988.5,23.45,20.26,0,Cyclonic Storm
CYC-2021-NIO-028,Asna,Bay of Bengal,2021-05-15T18:00:00Z,10.98,86.83,39.9,994.6,17.41,20.1,0,Cyclonic Storm
CYC-2021-NIO-028,Asna,Bay of Bengal,2021-05-16T00:00:00Z,11.22,86.93,44.1,981.6,30.36,23.51,0,Cyclonic Storm
CYC-2021-NIO-028,Asna,Bay of Bengal,2021-05-16T06:00:00Z,11.59,87.12,48.0,974.7,37.31,10.59,0,Cyclonic Storm
CYC-2021-NIO-028,Asna,Bay of Bengal,2021-05-16T12:00:00Z,11.85,87.26,49.9,981.1,30.89,22.13,1,Severe Cyclonic Storm
CYC-2021-NIO-028,Asna,Bay of Bengal,2021-05-16T18:00:00Z,12.12,87.35,52.2,988.5,23.52,18.37,1,Severe Cyclonic Storm
CYC-2021-NIO-028,Asna,Bay of Bengal,2021-05-17T00:00:00Z,12.56,87.59,60.9,973.3,38.69,17.31,1,Severe Cyclonic Storm
CYC-2021-NIO-028,Asna,Bay of Bengal,2021-05-17T06:00:00Z,12.84,87.71,64.1,969.7,42.3,10.6,1,Very Severe Cyclonic Storm
CYC-2021-NIO-028,Asna,Bay of Bengal,2021-05-17T12:00:00Z,13.2,87.97,68.0,968.5,43.52,17.52,1,Very Severe Cyclonic Storm
CYC-2021-NIO-028,Asna,Bay of Bengal,2021-05-17T18:00:00Z,13.63,88.25,74.0,965.4,46.63,16.64,1,Very Severe Cyclonic Storm
CYC-2021-NIO-028,Asna,Bay of Bengal,2021-05-18T00:00:00Z,14.06,88.38,69.1,973.8,38.23,12.74,1,Very Severe Cyclonic Storm
CYC-2021-NIO-028,Asna,Bay of Bengal,2021-05-18T06:00:00Z,14.48,88.58,58.8,971.2,40.8,9.29,1,Severe Cyclonic Storm
CYC-2021-NIO-028,Asna,Bay of Bengal,2021-05-18T12:00:00Z,14.99,88.8,53.5,976.6,35.42,18.08,1,Severe Cyclonic Storm
CYC-2021-NIO-028,Asna,Bay of Bengal,2021-05-18T18:00:00Z,15.45,89.05,47.6,983.0,28.97,9.99,0,Cyclonic Storm
CYC-2021-NIO-028,Asna,Bay of Bengal,2021-05-19T00:00:00Z,15.91,89.18,42.5,984.5,27.46,16.26,0,Cyclonic Storm
CYC-2021-NIO-028,Asna,Bay of Bengal,2021-05-19T06:00:00Z,16.39,89.39,37.7,997.6,14.41,20.95,0,Cyclonic Storm
CYC-2021-NIO-028,Asna,Bay of Bengal,2021-05-19T12:00:00Z,16.76,89.66,32.7,988.1,23.91,18.3,0,Deep Depression
CYC-2021-NIO-028,Asna,Bay of Bengal,2021-05-19T18:00:00Z,17.14,89.84,25.2,997.7,14.3,14.13,0,Depression
CYC-2021-NIO-029,Dana,Bay of Bengal,2021-06-19T00:00:00Z,11.22,88.7,30.8,987.5,24.54,8.23,0,Deep Depression
CYC-2021-NIO-029,Dana,Bay of Bengal,2021-06-19T06:00:00Z,11.67,88.97,37.0,985.1,26.93,8.23,0,Cyclonic Storm
CYC-2021-NIO-029,Dana,Bay of Bengal,2021-06-19T12:00:00Z,12.04,89.27,44.7,986.9,25.13,20.6,0,Cyclonic Storm
CYC-2021-NIO-029,Dana,Bay of Bengal,2021-06-19T18:00:00Z,12.51,89.53,47.2,986.7,25.35,18.01,0,Cyclonic Storm
CYC-2021-NIO-029,Dana,Bay of Bengal,2021-06-20T00:00:00Z,12.85,89.9,50.7,987.3,24.72,21.68,1,Severe Cyclonic Storm
CYC-2021-NIO-029,Dana,Bay of Bengal,2021-06-20T06:00:00Z,13.19,90.15,57.0,977.7,34.26,8.41,1,Severe Cyclonic Storm
CYC-2021-NIO-029,Dana,Bay of Bengal,2021-06-20T12:00:00Z,13.68,90.67,62.8,973.0,38.97,22.68,1,Severe Cyclonic Storm
CYC-2021-NIO-029,Dana,Bay of Bengal,2021-06-20T18:00:00Z,14.13,91.01,69.7,973.9,38.14,15.22,1,Very Severe Cyclonic Storm
CYC-2021-NIO-029,Dana,Bay of Bengal,2021-06-21T00:00:00Z,14.61,91.17,72.4,960.8,51.25,22.99,1,Very Severe Cyclonic Storm
CYC-2021-NIO-029,Dana,Bay of Bengal,2021-06-21T06:00:00Z,15.08,91.56,81.4,966.8,45.18,8.75,1,Very Severe Cyclonic Storm
CYC-2021-NIO-029,Dana,Bay of Bengal,2021-06-21T12:00:00Z,15.56,91.76,90.6,954.8,57.25,14.62,1,Extremely Severe Cyclonic Storm
CYC-2021-NIO-029,Dana,Bay of Bengal,2021-06-21T18:00:00Z,16.05,92.21,98.4,953.2,58.83,9.84,1,Extremely Severe Cyclonic Storm
CYC-2021-NIO-029,Dana,Bay of Bengal,2021-06-22T00:00:00Z,16.35,92.5,105.5,946.6,65.42,11.32,1,Extremely Severe Cyclonic Storm
CYC-2021-NIO-029,Dana,Bay of Bengal,2021-06-22T06:00:00Z,16.68,92.82,114.6,940.6,71.4,14.99,1,Extremely Severe Cyclonic Storm
CYC-2021-NIO-029,Dana,Bay of Bengal,2021-06-22T12:00:00Z,17.2,93.22,120.4,943.4,68.64,19.0,1,Super Cyclonic Storm
CYC-2021-NIO-029,Dana,Bay of Bengal,2021-06-22T18:00:00Z,17.79,93.51,108.7,952.5,59.46,8.27,1,Extremely Severe Cyclonic Storm
CYC-2021-NIO-029,Dana,Bay of Bengal,2021-06-23T00:00:00Z,18.24,93.77,96.4,950.5,61.51,13.95,1,Extremely Severe Cyclonic Storm
CYC-2021-NIO-029,Dana,Bay of Bengal,2021-06-23T06:00:00Z,18.59,94.07,85.6,963.8,48.21,15.35,1,Very Severe Cyclonic Storm
CYC-2021-NIO-029,Dana,Bay of Bengal,2021-06-23T12:00:00Z,19.08,94.49,77.2,966.1,45.92,18.12,1,Very Severe Cyclonic Storm
CYC-2021-NIO-029,Dana,Bay of Bengal,2021-06-23T18:00:00Z,19.34,94.94,67.8,967.3,44.7,13.67,1,Very Severe Cyclonic Storm
CYC-2021-NIO-029,Dana,Bay of Bengal,2021-06-24T00:00:00Z,19.84,95.17,56.0,985.1,26.94,23.02,1,Severe Cyclonic Storm
CYC-2021-NIO-029,Dana,Bay of Bengal,2021-06-24T06:00:00Z,20.14,95.41,48.7,985.1,26.93,13.04,1,Severe Cyclonic Storm
CYC-2021-NIO-029,Dana,Bay of Bengal,2021-06-24T12:00:00Z,20.51,95.77,40.2,987.8,24.25,19.19,0,Cyclonic Storm
CYC-2021-NIO-029,Dana,Bay of Bengal,2021-06-24T18:00:00Z,21.01,96.0,33.4,990.5,21.54,16.21,0,Deep Depression
CYC-2021-NIO-029,Dana,Bay of Bengal,2021-06-25T00:00:00Z,21.4,96.22,21.9,997.8,14.19,8.97,0,Depression
CYC-2021-NIO-030,Amphan,Arabian Sea,2021-07-21T06:00:00Z,10.49,71.26,29.1,989.3,22.68,9.46,0,Deep Depression
CYC-2021-NIO-030,Amphan,Arabian Sea,2021-07-21T12:00:00Z,10.93,71.18,32.4,982.5,29.5,22.35,0,Deep Depression
CYC-2021-NIO-030,Amphan,Arabian Sea,2021-07-21T18:00:00Z,11.33,71.01,35.0,994.6,17.39,20.96,0,Cyclonic Storm
CYC-2021-NIO-030,Amphan,Arabian Sea,2021-07-22T00:00:00Z,11.82,70.72,37.4,992.9,19.15,10.89,0,Cyclonic Storm
CYC-2021-NIO-030,Amphan,Arabian Sea,2021-07-22T06:00:00Z,12.13,70.42,37.9,985.0,27.02,16.88,0,Cyclonic Storm
CYC-2021-NIO-030,Amphan,Arabian Sea,2021-07-22T12:00:00Z,12.38,70.31,38.6,989.6,22.36,9.4,0,Cyclonic Storm
CYC-2021-NIO-030,Amphan,Arabian Sea,2021-07-22T18:00:00Z,12.76,69.95,39.3,984.7,27.28,14.41,0,Cyclonic Storm
CYC-2021-NIO-030,Amphan,Arabian Sea,2021-07-23T00:00:00Z,13.24,69.79,41.3,991.2,20.75,17.03,0,Cyclonic Storm
CYC-2021-NIO-030,Amphan,Arabian Sea,2021-07-23T06:00:00Z,13.71,69.63,41.4,991.2,20.83,22.08,0,Cyclonic Storm
CYC-2021-NIO-030,Amphan,Arabian Sea,2021-07-23T12:00:00Z,14.06,69.41,42.6,985.0,27.04,21.75,0,Cyclonic Storm
CYC-2021-NIO-030,Amphan,Arabian Sea,2021-07-23T18:00:00Z,14.6,69.16,46.3,981.0,30.95,20.16,0,Cyclonic Storm
CYC-2021-NIO-030,Amphan,Arabian Sea,2021-07-24T00:00:00Z,14.9,68.77,49.6,983.0,28.99,12.85,1,Severe Cyclonic Storm
CYC-2021-NIO-030,Amphan,Arabian Sea,2021-07-24T06:00:00Z,15.33,68.57,49.7,981.0,30.97,18.75,1,Severe Cyclonic Storm
CYC-2021-NIO-030,Amphan,Arabian Sea,2021-07-24T12:00:00Z,15.75,68.45,51.9,975.0,36.98,13.0,1,Severe Cyclonic Storm
CYC-2021-NIO-030,Amphan,Arabian Sea,2021-07-24T18:00:00Z,16.27,68.12,52.4,983.6,28.36,14.49,1,Severe Cyclonic Storm
CYC-2021-NIO-030,Amphan,Arabian Sea,2021-07-25T00:00:00Z,16.58,67.81,54.7,979.5,32.52,13.92,1,Severe Cyclonic Storm
CYC-2021-NIO-030,Amphan,Arabian Sea,2021-07-25T06:00:00Z,16.99,67.58,56.2,979.8,32.22,23.3,1,Severe Cyclonic Storm
CYC-2021-NIO-030,Amphan,Arabian Sea,2021-07-25T12:00:00Z,17.24,67.23,58.2,974.1,37.86,9.74,1,Severe Cyclonic Storm
CYC-2021-NIO-030,Amphan,Arabian Sea,2021-07-25T18:00:00Z,17.55,66.89,60.9,976.3,35.68,12.84,1,Severe Cyclonic Storm
CYC-2021-NIO-030,Amphan,Arabian Sea,2021-07-26T00:00:00Z,17.87,66.67,57.0,978.4,33.65,18.92,1,Severe Cyclonic Storm
CYC-2021-NIO-030,Amphan,Arabian Sea,2021-07-26T06:00:00Z,18.25,66.25,53.6,988.7,23.3,9.92,1,Severe Cyclonic Storm
CYC-2021-NIO-030,Amphan,Arabian Sea,2021-07-26T12:00:00Z,18.7,65.94,50.9,982.8,29.16,18.6,1,Severe Cyclonic Storm
CYC-2021-NIO-030,Amphan,Arabian Sea,2021-07-26T18:00:00Z,19.13,65.74,48.2,984.4,27.55,21.74,1,Severe Cyclonic Storm
CYC-2021-NIO-030,Amphan,Arabian Sea,2021-07-27T00:00:00Z,19.53,65.42,43.0,990.8,21.21,12.04,0,Cyclonic Storm
CYC-2021-NIO-030,Amphan,Arabian Sea,2021-07-27T06:00:00Z,19.9,65.18,39.8,987.5,24.49,15.61,0,Cyclonic Storm
CYC-2021-NIO-030,Amphan,Arabian Sea,2021-07-27T12:00:00Z,20.25,65.01,35.9,989.1,22.89,16.78,0,Cyclonic Storm
CYC-2021-NIO-030,Amphan,Arabian Sea,2021-07-27T18:00:00Z,20.67,64.68,26.7,997.1,14.94,15.37,0,Depression
CYC-2021-NIO-030,Amphan,Arabian Sea,2021-07-28T00:00:00Z,21.07,64.46,25.1,998.2,13.81,21.42,0,Depression
CYC-2021-NIO-030,Amphan,Arabian Sea,2021-07-28T06:00:00Z,21.54,64.29,20.0,998.7,13.26,19.61,0,Depression
CYC-2021-NIO-030,Amphan,Arabian Sea,2021-07-28T12:00:00Z,21.9,63.96,20.0,1000.7,11.25,18.1,0,Depression
CYC-2021-NIO-030,Amphan,Arabian Sea,2021-07-28T18:00:00Z,22.2,63.64,20.0,1001.2,10.77,20.41,0,Depression
CYC-2021-NIO-030,Amphan,Arabian Sea,2021-07-29T00:00:00Z,22.49,63.36,20.0,998.9,13.06,23.61,0,Depression
CYC-2021-NIO-031,Fani,Bay of Bengal,2021-09-16T06:00:00Z,8.25,87.7,31.4,992.7,19.29,18.61,0,Deep Depression
CYC-2021-NIO-031,Fani,Bay of Bengal,2021-09-16T12:00:00Z,8.44,87.8,38.1,987.6,24.41,11.13,0,Cyclonic Storm
CYC-2021-NIO-031,Fani,Bay of Bengal,2021-09-16T18:00:00Z,8.79,87.85,39.6,979.0,33.04,12.11,0,Cyclonic Storm
CYC-2021-NIO-031,Fani,Bay of Bengal,2021-09-17T00:00:00Z,9.11,87.94,45.3,978.1,33.87,23.93,0,Cyclonic Storm
CYC-2021-NIO-031,Fani,Bay of Bengal,2021-09-17T06:00:00Z,9.48,87.89,48.3,982.4,29.61,11.27,1,Severe Cyclonic Storm
CYC-2021-NIO-031,Fani,Bay of Bengal,2021-09-17T12:00:00Z,9.68,87.82,53.1,982.8,29.16,10.69,1,Severe Cyclonic Storm
CYC-2021-NIO-031,Fani,Bay of Bengal,2021-09-17T18:00:00Z,10.01,87.79,55.0,978.3,33.75,16.2,1,Severe Cyclonic Storm
CYC-2021-NIO-031,Fani,Bay of Bengal,2021-09-18T00:00:00Z,10.22,87.64,61.8,978.1,33.88,9.77,1,Severe Cyclonic Storm
CYC-2021-NIO-031,Fani,Bay of Bengal,2021-09-18T06:00:00Z,10.63,87.56,64.3,965.5,46.49,18.81,1,Very Severe Cyclonic Storm
CYC-2021-NIO-031,Fani,Bay of Bengal,2021-09-18T12:00:00Z,11.03,87.52,59.4,982.4,29.6,23.82,1,Severe Cyclonic Storm
CYC-2021-NIO-031,Fani,Bay of Bengal,2021-09-18T18:00:00Z,11.37,87.48,55.9,981.8,30.22,16.61,1,Severe Cyclonic Storm
CYC-2021-NIO-031,Fani,Bay of Bengal,2021-09-19T00:00:00Z,11.7,87.4,53.9,977.6,34.4,21.1,1,Severe Cyclonic Storm
CYC-2021-NIO-031,Fani,Bay of Bengal,2021-09-19T06:00:00Z,12.09,87.32,50.3,978.8,33.23,9.09,1,Severe Cyclonic Storm
CYC-2021-NIO-031,Fani,Bay of Bengal,2021-09-19T12:00:00Z,12.42,87.18,46.4,977.5,34.52,14.03,0,Cyclonic Storm
CYC-2021-NIO-031,Fani,Bay of Bengal,2021-09-19T18:00:00Z,12.57,87.13,41.3,985.9,26.08,12.77,0,Cyclonic Storm
CYC-2021-NIO-031,Fani,Bay of Bengal,2021-09-20T00:00:00Z,12.8,87.05,36.7,991.1,20.88,18.16,0,Cyclonic Storm
CYC-2021-NIO-032,Hudhud,Bay of Bengal,2021-10-24T06:00:00Z,11.8,85.98,34.0,991.6,20.38,20.85,0,Deep Depression
CYC-2021-NIO-032,Hudhud,Bay of Bengal,2021-10-24T12:00:00Z,12.36,85.98,39.8,988.2,23.82,23.24,0,Cyclonic Storm
CYC-2021-NIO-032,Hudhud,Bay of Bengal,2021-10-24T18:00:00Z,12.89,86.09,46.7,987.0,25.02,11.11,0,Cyclonic Storm
CYC-2021-NIO-032,Hudhud,Bay of Bengal,2021-10-25T00:00:00Z,13.55,86.06,48.4,990.0,21.99,18.61,1,Severe Cyclonic Storm
CYC-2021-NIO-032,Hudhud,Bay of Bengal,2021-10-25T06:00:00Z,14.09,85.97,50.8,984.2,27.82,10.98,1,Severe Cyclonic Storm
CYC-2021-NIO-032,Hudhud,Bay of Bengal,2021-10-25T12:00:00Z,14.72,86.04,54.6,986.8,25.2,21.27,1,Severe Cyclonic Storm
CYC-2021-NIO-032,Hudhud,Bay of Bengal,2021-10-25T18:00:00Z,15.47,86.03,53.6,970.3,41.65,20.29,1,Severe Cyclonic Storm
CYC-2021-NIO-032,Hudhud,Bay of Bengal,2021-10-26T00:00:00Z,16.14,86.13,60.4,965.9,46.14,19.93,1,Severe Cyclonic Storm
CYC-2021-NIO-032,Hudhud,Bay of Bengal,2021-10-26T06:00:00Z,16.74,86.19,67.8,974.0,37.96,22.82,1,Very Severe Cyclonic Storm
CYC-2021-NIO-032,Hudhud,Bay of Bengal,2021-10-26T12:00:00Z,17.39,86.2,61.3,982.7,29.34,11.87,1,Severe Cyclonic Storm
CYC-2021-NIO-032,Hudhud,Bay of Bengal,2021-10-26T18:00:00Z,17.98,86.18,54.2,987.2,24.83,22.93,1,Severe Cyclonic Storm
CYC-2021-NIO-032,Hudhud,Bay of Bengal,2021-10-27T00:00:00Z,18.6,86.37,47.0,987.7,24.29,11.09,0,Cyclonic Storm
CYC-2021-NIO-032,Hudhud,Bay of Bengal,2021-10-27T06:00:00Z,18.99,86.17,41.0,978.0,33.97,14.61,0,Cyclonic Storm
CYC-2021-NIO-032,Hudhud,Bay of Bengal,2021-10-27T12:00:00Z,19.51,86.05,35.5,987.8,24.24,21.66,0,Cyclonic Storm
CYC-2021-NIO-032,Hudhud,Bay of Bengal,2021-10-27T18:00:00Z,20.0,86.14,33.9,992.6,19.42,16.7,0,Deep Depression
CYC-2021-NIO-033,Vardah,Arabian Sea,2021-12-07T00:00:00Z,10.06,64.89,34.1,995.5,16.46,16.55,0,Cyclonic Storm
CYC-2021-NIO-033,Vardah,Arabian Sea,2021-12-07T06:00:00Z,10.49,64.85,37.4,992.0,20.05,13.95,0,Cyclonic Storm
CYC-2021-NIO-033,Vardah,Arabian Sea,2021-12-07T12:00:00Z,10.9,64.93,43.1,987.1,24.88,8.79,0,Cyclonic Storm
CYC-2021-NIO-033,Vardah,Arabian Sea,2021-12-07T18:00:00Z,11.35,64.79,48.4,979.6,32.35,22.71,1,Severe Cyclonic Storm
CYC-2021-NIO-033,Vardah,Arabian Sea,2021-12-08T00:00:00Z,11.68,64.71,52.0,982.9,29.08,15.82,1,Severe Cyclonic Storm
CYC-2021-NIO-033,Vardah,Arabian Sea,2021-12-08T06:00:00Z,12.21,64.68,58.9,978.3,33.73,20.99,1,Severe Cyclonic Storm
CYC-2021-NIO-033,Vardah,Arabian Sea,2021-12-08T12:00:00Z,12.61,64.52,61.9,978.9,33.12,20.7,1,Severe Cyclonic Storm
CYC-2021-NIO-033,Vardah,Arabian Sea,2021-12-08T18:00:00Z,13.1,64.56,67.2,974.1,37.86,21.52,1,Very Severe Cyclonic Storm
CYC-2021-NIO-033,Vardah,Arabian Sea,2021-12-09T00:00:00Z,13.52,64.54,74.4,963.6,48.4,15.21,1,Very Severe Cyclonic Storm
CYC-2021-NIO-033,Vardah,Arabian Sea,2021-12-09T06:00:00Z,13.93,64.63,75.9,968.4,43.6,19.99,1,Very Severe Cyclonic Storm
CYC-2021-NIO-033,Vardah,Arabian Sea,2021-12-09T12:00:00Z,14.29,64.64,81.7,959.6,52.42,15.72,1,Very Severe Cyclonic Storm
CYC-2021-NIO-033,Vardah,Arabian Sea,2021-12-09T18:00:00Z,14.69,64.42,85.6,964.4,47.59,19.32,1,Very Severe Cyclonic Storm
CYC-2021-NIO-033,Vardah,Arabian Sea,2021-12-10T00:00:00Z,15.14,64.28,88.9,957.3,54.7,8.02,1,Very Severe Cyclonic Storm
CYC-2021-NIO-033,Vardah,Arabian Sea,2021-12-10T06:00:00Z,15.67,64.18,93.1,961.0,50.99,10.45,1,Extremely Severe Cyclonic Storm
CYC-2021-NIO-033,Vardah,Arabian Sea,2021-12-10T12:00:00Z,16.19,64.29,85.4,963.8,48.19,23.61,1,Very Severe Cyclonic Storm
CYC-2021-NIO-033,Vardah,Arabian Sea,2021-12-10T18:00:00Z,16.51,64.35,81.3,964.0,48.01,22.36,1,Very Severe Cyclonic Storm
CYC-2021-NIO-033,Vardah,Arabian Sea,2021-12-11T00:00:00Z,16.96,64.28,74.9,972.0,40.02,14.3,1,Very Severe Cyclonic Storm
CYC-2021-NIO-033,Vardah,Arabian Sea,2021-12-11T06:00:00Z,17.52,64.27,67.3,970.1,41.85,9.41,1,Very Severe Cyclonic Storm
CYC-2021-NIO-033,Vardah,Arabian Sea,2021-12-11T12:00:00Z,18.04,64.29,62.5,969.4,42.62,10.65,1,Severe Cyclonic Storm
CYC-2021-NIO-033,Vardah,Arabian Sea,2021-12-11T18:00:00Z,18.53,64.43,59.9,978.1,33.89,11.39,1,Severe Cyclonic Storm
CYC-2021-NIO-033,Vardah,Arabian Sea,2021-12-12T00:00:00Z,19.0,64.4,51.7,981.7,30.26,18.67,1,Severe Cyclonic Storm
CYC-2021-NIO-033,Vardah,Arabian Sea,2021-12-12T06:00:00Z,19.51,64.38,45.4,985.5,26.54,16.44,0,Cyclonic Storm
CYC-2021-NIO-033,Vardah,Arabian Sea,2021-12-12T12:00:00Z,19.94,64.4,39.1,981.0,31.02,17.03,0,Cyclonic Storm
CYC-2021-NIO-034,Gaja,Bay of Bengal,2022-01-15T18:00:00Z,10.12,84.99,34.6,997.8,14.17,15.84,0,Cyclonic Storm
CYC-2021-NIO-034,Gaja,Bay of Bengal,2022-01-16T00:00:00Z,10.29,85.28,37.3,990.0,22.01,20.88,0,Cyclonic Storm
CYC-2021-NIO-034,Gaja,Bay of Bengal,2022-01-16T06:00:00Z,10.78,85.48,39.5,986.4,25.56,16.93,0,Cyclonic Storm
CYC-2021-NIO-034,Gaja,Bay of Bengal,2022-01-16T12:00:00Z,11.16,85.73,45.0,988.3,23.73,13.25,0,Cyclonic Storm
CYC-2021-NIO-034,Gaja,Bay of Bengal,2022-01-16T18:00:00Z,11.33,85.96,53.8,981.1,30.86,15.76,1,Severe Cyclonic Storm
CYC-2021-NIO-034,Gaja,Bay of Bengal,2022-01-17T00:00:00Z,11.86,86.25,59.2,970.1,41.9,14.87,1,Severe Cyclonic Storm
CYC-2021-NIO-034,Gaja,Bay of Bengal,2022-01-17T06:00:00Z,12.16,86.56,64.8,967.5,44.49,20.3,1,Very Severe Cyclonic Storm
CYC-2021-NIO-034,Gaja,Bay of Bengal,2022-01-17T12:00:00Z,12.51,86.77,72.7,967.5,44.46,12.2,1,Very Severe Cyclonic Storm
CYC-2021-NIO-034,Gaja,Bay of Bengal,2022-01-17T18:00:00Z,12.8,87.02,82.6,956.8,55.24,17.13,1,Very Severe Cyclonic Storm
CYC-2021-NIO-034,Gaja,Bay of Bengal,2022-01-18T00:00:00Z,13.04,87.19,87.6,956.2,55.8,9.59,1,Very Severe Cyclonic Storm
CYC-2021-NIO-034,Gaja,Bay of Bengal,2022-01-18T06:00:00Z,13.5,87.52,94.8,949.4,62.57,15.29,1,Extremely Severe Cyclonic Storm
CYC-2021-NIO-034,Gaja,Bay of Bengal,2022-01-18T12:00:00Z,13.97,87.77,89.2,953.9,58.14,22.79,1,Very Severe Cyclonic Storm
CYC-2021-NIO-034,Gaja,Bay of Bengal,2022-01-18T18:00:00Z,14.3,87.98,80.6,966.7,45.33,16.74,1,Very Severe Cyclonic Storm
CYC-2021-NIO-034,Gaja,Bay of Bengal,2022-01-19T00:00:00Z,14.58,88.14,72.1,973.3,38.7,16.24,1,Very Severe Cyclonic Storm
CYC-2021-NIO-034,Gaja,Bay of Bengal,2022-01-19T06:00:00Z,14.91,88.43,65.9,973.2,38.83,18.93,1,Very Severe Cyclonic Storm
CYC-2021-NIO-034,Gaja,Bay of Bengal,2022-01-19T12:00:00Z,15.25,88.75,57.3,973.6,38.44,20.26,1,Severe Cyclonic Storm
CYC-2021-NIO-034,Gaja,Bay of Bengal,2022-01-19T18:00:00Z,15.67,88.99,47.4,984.7,27.33,17.98,0,Cyclonic Storm
CYC-2021-NIO-034,Gaja,Bay of Bengal,2022-01-20T00:00:00Z,15.97,89.19,37.5,994.0,17.97,12.82,0,Cyclonic Storm
CYC-2022-NIO-035,Titli,Bay of Bengal,2022-03-02T06:00:00Z,8.52,88.93,31.6,994.9,17.09,23.23,0,Deep Depression
CYC-2022-NIO-035,Titli,Bay of Bengal,2022-03-02T12:00:00Z,8.86,89.03,32.7,988.8,23.23,8.6,0,Deep Depression
CYC-2022-NIO-035,Titli,Bay of Bengal,2022-03-02T18:00:00Z,8.97,89.11,39.5,994.3,17.73,9.93,0,Cyclonic Storm
CYC-2022-NIO-035,Titli,Bay of Bengal,2022-03-03T00:00:00Z,9.23,88.94,47.5,979.2,32.82,11.44,0,Cyclonic Storm
CYC-2022-NIO-035,Titli,Bay of Bengal,2022-03-03T06:00:00Z,9.6,89.02,50.1,977.7,34.34,14.39,1,Severe Cyclonic Storm
CYC-2022-NIO-035,Titli,Bay of Bengal,2022-03-03T12:00:00Z,9.85,89.03,54.0,978.1,33.89,14.48,1,Severe Cyclonic Storm
CYC-2022-NIO-035,Titli,Bay of Bengal,2022-03-03T18:00:00Z,10.21,88.99,60.1,977.5,34.48,19.85,1,Severe Cyclonic Storm
CYC-2022-NIO-035,Titli,Bay of Bengal,2022-03-04T00:00:00Z,10.69,89.09,65.5,966.4,45.57,15.83,1,Very Severe Cyclonic Storm
CYC-2022-NIO-035,Titli,Bay of Bengal,2022-03-04T06:00:00Z,10.97,89.11,70.5,968.9,43.13,11.69,1,Very Severe Cyclonic Storm
CYC-2022-NIO-035,Titli,Bay of Bengal,2022-03-04T12:00:00Z,11.21,89.06,73.0,969.5,42.46,23.26,1,Very Severe Cyclonic Storm
CYC-2022-NIO-035,Titli,Bay of Bengal,2022-03-04T18:00:00Z,11.54,89.21,79.4,962.0,50.03,9.24,1,Very Severe Cyclonic Storm
CYC-2022-NIO-035,Titli,Bay of Bengal,2022-03-05T00:00:00Z,11.91,89.14,73.2,967.8,44.16,10.1,1,Very Severe Cyclonic Storm
CYC-2022-NIO-035,Titli,Bay of Bengal,2022-03-05T06:00:00Z,12.22,89.32,69.3,974.8,37.23,16.23,1,Very Severe Cyclonic Storm
CYC-2022-NIO-035,Titli,Bay of Bengal,2022-03-05T12:00:00Z,12.52,89.48,62.0,966.2,45.82,19.48,1,Severe Cyclonic Storm
CYC-2022-NIO-035,Titli,Bay of Bengal,2022-03-05T18:00:00Z,12.89,89.53,56.6,970.5,41.46,20.11,1,Severe Cyclonic Storm
CYC-2022-NIO-035,Titli,Bay of Bengal,2022-03-06T00:00:00Z,13.27,89.63,49.2,984.0,27.99,11.53,1,Severe Cyclonic Storm
CYC-2022-NIO-035,Titli,Bay of Bengal,2022-03-06T06:00:00Z,13.54,89.77,43.1,976.0,36.05,21.43,0,Cyclonic Storm
CYC-2022-NIO-035,Titli,Bay of Bengal,2022-03-06T12:00:00Z,13.94,89.96,37.0,984.5,27.47,19.45,0,Cyclonic Storm
CYC-2022-NIO-036,Nivar,Arabian Sea,2022-04-14T18:00:00Z,10.74,66.63,29.0,994.9,17.13,23.38,0,Deep Depression
CYC-2022-NIO-036,Nivar,Arabian Sea,2022-04-15T00:00:00Z,11.16,66.61,34.6,990.7,21.29,15.31,0,Cyclonic Storm
CYC-2022-NIO-036,Nivar,Arabian Sea,2022-04-15T06:00:00Z,11.52,66.4,39.4,984.8,27.21,17.09,0,Cyclonic Storm
CYC-2022-NIO-036,Nivar,Arabian Sea,2022-04-15T12:00:00Z,11.84,66.19,43.8,986.1,25.94,15.8,0,Cyclonic Storm
CYC-2022-NIO-036,Nivar,Arabian Sea,2022-04-15T18:00:00Z,12.23,66.12,47.7,976.5,35.47,13.19,0,Cyclonic Storm
CYC-2022-NIO-036,Nivar,Arabian Sea,2022-04-16T00:00:00Z,12.6,66.18,51.2,986.0,26.0,15.16,1,Severe Cyclonic Storm
CYC-2022-NIO-036,Nivar,Arabian Sea,2022-04-16T06:00:00Z,12.85,66.21,59.2,975.5,36.46,14.29,1,Severe Cyclonic Storm
CYC-2022-NIO-036,Nivar,Arabian Sea,2022-04-16T12:00:00Z,13.1,66.04,64.5,978.2,33.79,23.0,1,Very Severe Cyclonic Storm
CYC-2022-NIO-036,Nivar,Arabian Sea,2022-04-16T18:00:00Z,13.47,66.11,70.0,970.6,41.41,20.61,1,Very Severe Cyclonic Storm
CYC-2022-NIO-036,Nivar,Arabian Sea,2022-04-17T00:00:00Z,13.79,66.0,76.5,969.4,42.58,11.41,1,Very Severe Cyclonic Storm
CYC-2022-NIO-036,Nivar,Arabian Sea,2022-04-17T06:00:00Z,14.14,65.9,79.8,963.0,49.05,12.73,1,Very Severe Cyclonic Storm
CYC-2022-NIO-036,Nivar,Arabian Sea,2022-04-17T12:00:00Z,14.48,65.77,84.4,953.0,59.05,20.75,1,Very Severe Cyclonic Storm
CYC-2022-NIO-036,Nivar,Arabian Sea,2022-04-17T18:00:00Z,14.9,65.62,89.9,955.1,56.87,11.78,1,Very Severe Cyclonic Storm
CYC-2022-NIO-036,Nivar,Arabian Sea,2022-04-18T00:00:00Z,15.19,65.51,94.3,950.0,61.95,21.52,1,Extremely Severe Cyclonic Storm
CYC-2022-NIO-036,Nivar,Arabian Sea,2022-04-18T06:00:00Z,15.52,65.4,85.9,961.9,50.13,11.91,1,Very Severe Cyclonic Storm
CYC-2022-NIO-036,Nivar,Arabian Sea,2022-04-18T12:00:00Z,15.9,65.32,82.4,968.9,43.09,10.1,1,Very Severe Cyclonic Storm
CYC-2022-NIO-036,Nivar,Arabian Sea,2022-04-18T18:00:00Z,16.26,65.12,77.8,966.8,45.19,17.59,1,Very Severe Cyclonic Storm
CYC-2022-NIO-036,Nivar,Arabian Sea,2022-04-19T00:00:00Z,16.64,65.28,69.4,972.4,39.65,13.17,1,Very Severe Cyclonic Storm
CYC-2022-NIO-036,Nivar,Arabian Sea,2022-04-19T06:00:00Z,16.91,65.14,63.9,971.9,40.07,9.7,1,Severe Cyclonic Storm
CYC-2022-NIO-036,Nivar,Arabian Sea,2022-04-19T12:00:00Z,17.21,65.09,57.5,978.2,33.81,8.11,1,Severe Cyclonic Storm
CYC-2022-NIO-036,Nivar,Arabian Sea,2022-04-19T18:00:00Z,17.53,65.14,50.9,987.5,24.49,18.26,1,Severe Cyclonic Storm
CYC-2022-NIO-036,Nivar,Arabian Sea,2022-04-20T00:00:00Z,17.81,65.17,44.9,975.5,36.5,8.12,0,Cyclonic Storm
CYC-2022-NIO-036,Nivar,Arabian Sea,2022-04-20T06:00:00Z,18.15,65.1,40.4,981.6,30.37,19.0,0,Cyclonic Storm
CYC-2022-NIO-036,Nivar,Arabian Sea,2022-04-20T12:00:00Z,18.44,65.12,33.2,991.4,20.61,18.83,0,Deep Depression
CYC-2022-NIO-037,Tauktae,Bay of Bengal,2022-06-12T18:00:00Z,8.07,86.32,35.2,991.0,20.98,21.86,0,Cyclonic Storm
CYC-2022-NIO-037,Tauktae,Bay of Bengal,2022-06-13T00:00:00Z,8.42,86.41,41.1,985.3,26.71,19.47,0,Cyclonic Storm
CYC-2022-NIO-037,Tauktae,Bay of Bengal,2022-06-13T06:00:00Z,8.68,86.35,48.9,982.1,29.93,19.95,1,Severe Cyclonic Storm
CYC-2022-NIO-037,Tauktae,Bay of Bengal,2022-06-13T12:00:00Z,9.01,86.3,57.1,980.6,31.43,10.82,1,Severe Cyclonic Storm
CYC-2022-NIO-037,Tauktae,Bay of Bengal,2022-06-13T18:00:00Z,9.37,86.4,69.0,980.6,31.38,15.33,1,Very Severe Cyclonic Storm
CYC-2022-NIO-037,Tauktae,Bay of Bengal,2022-06-14T00:00:00Z,9.64,86.25,78.8,957.9,54.1,19.56,1,Very Severe Cyclonic Storm
CYC-2022-NIO-037,Tauktae,Bay of Bengal,2022-06-14T06:00:00Z,10.02,86.15,87.4,966.5,45.48,8.43,1,Very Severe Cyclonic Storm
CYC-2022-NIO-037,Tauktae,Bay of Bengal,2022-06-14T12:00:00Z,10.25,86.12,96.1,954.9,57.06,15.14,1,Extremely Severe Cyclonic Storm
CYC-2022-NIO-037,Tauktae,Bay of Bengal,2022-06-14T18:00:00Z,10.48,86.17,103.2,949.4,62.59,12.87,1,Extremely Severe Cyclonic Storm
CYC-2022-NIO-037,Tauktae,Bay of Bengal,2022-06-15T00:00:00Z,10.73,86.25,88.5,962.1,49.94,15.02,1,Very Severe Cyclonic Storm
CYC-2022-NIO-037,Tauktae,Bay of Bengal,2022-06-15T06:00:00Z,11.1,86.21,76.5,969.7,42.35,20.91,1,Very Severe Cyclonic Storm
CYC-2022-NIO-037,Tauktae,Bay of Bengal,2022-06-15T12:00:00Z,11.53,86.17,67.2,971.7,40.32,12.24,1,Very Severe Cyclonic Storm
CYC-2022-NIO-037,Tauktae,Bay of Bengal,2022-06-15T18:00:00Z,11.88,86.16,54.0,990.1,21.88,16.39,1,Severe Cyclonic Storm
CYC-2022-NIO-037,Tauktae,Bay of Bengal,2022-06-16T00:00:00Z,12.15,86.24,40.3,991.2,20.78,10.07,0,Cyclonic Storm
CYC-2022-NIO-037,Tauktae,Bay of Bengal,2022-06-16T06:00:00Z,12.59,86.35,23.8,991.7,20.3,11.52,0,Depression
CYC-2022-NIO-037,Tauktae,Bay of Bengal,2022-06-16T12:00:00Z,13.03,86.34,20.0,996.1,15.93,21.14,0,Depression
CYC-2022-NIO-038,Yaas,Bay of Bengal,2022-08-12T18:00:00Z,10.81,86.2,36.9,993.6,18.36,21.38,0,Cyclonic Storm
CYC-2022-NIO-038,Yaas,Bay of Bengal,2022-08-13T00:00:00Z,11.41,86.38,40.3,984.3,27.69,23.72,0,Cyclonic Storm
CYC-2022-NIO-038,Yaas,Bay of Bengal,2022-08-13T06:00:00Z,11.89,86.52,42.9,984.7,27.26,21.22,0,Cyclonic Storm
CYC-2022-NIO-038,Yaas,Bay of Bengal,2022-08-13T12:00:00Z,12.35,86.73,45.4,982.2,29.78,15.5,0,Cyclonic Storm
CYC-2022-NIO-038,Yaas,Bay of Bengal,2022-08-13T18:00:00Z,12.86,86.85,48.7,975.0,37.0,9.06,1,Severe Cyclonic Storm
CYC-2022-NIO-038,Yaas,Bay of Bengal,2022-08-14T00:00:00Z,13.35,86.94,47.0,982.4,29.56,18.92,0,Cyclonic Storm
CYC-2022-NIO-038,Yaas,Bay of Bengal,2022-08-14T06:00:00Z,13.94,87.09,48.0,978.7,33.32,10.0,0,Cyclonic Storm
CYC-2022-NIO-038,Yaas,Bay of Bengal,2022-08-14T12:00:00Z,14.41,87.17,52.7,981.4,30.58,22.25,1,Severe Cyclonic Storm
CYC-2022-NIO-038,Yaas,Bay of Bengal,2022-08-14T18:00:00Z,14.75,87.06,55.9,976.2,35.81,21.14,1,Severe Cyclonic Storm
CYC-2022-NIO-038,Yaas,Bay of Bengal,2022-08-15T00:00:00Z,15.21,87.01,59.3,970.1,41.9,11.08,1,Severe Cyclonic Storm
CYC-2022-NIO-038,Yaas,Bay of Bengal,2022-08-15T06:00:00Z,15.75,87.13,58.2,974.0,37.95,16.74,1,Severe Cyclonic Storm
CYC-2022-NIO-038,Yaas,Bay of Bengal,2022-08-15T12:00:00Z,16.25,87.18,58.4,978.3,33.69,11.01,1,Severe Cyclonic Storm
CYC-2022-NIO-038,Yaas,Bay of Bengal,2022-08-15T18:00:00Z,16.84,87.27,63.7,975.0,37.04,13.23,1,Severe Cyclonic Storm
CYC-2022-NIO-038,Yaas,Bay of Bengal,2022-08-16T00:00:00Z,17.42,87.21,67.9,976.9,35.15,17.29,1,Very Severe Cyclonic Storm
CYC-2022-NIO-038,Yaas,Bay of Bengal,2022-08-16T06:00:00Z,17.98,87.37,69.5,965.7,46.32,10.02,1,Very Severe Cyclonic Storm
CYC-2022-NIO-038,Yaas,Bay of Bengal,2022-08-16T12:00:00Z,18.5,87.38,69.9,971.9,40.1,9.69,1,Very Severe Cyclonic Storm
CYC-2022-NIO-038,Yaas,Bay of Bengal,2022-08-16T18:00:00Z,19.02,87.55,75.3,969.0,42.99,19.25,1,Very Severe Cyclonic Storm
CYC-2022-NIO-038,Yaas,Bay of Bengal,2022-08-17T00:00:00Z,19.56,87.66,79.8,958.6,53.37,13.03,1,Very Severe Cyclonic Storm
CYC-2022-NIO-038,Yaas,Bay of Bengal,2022-08-17T06:00:00Z,19.95,87.75,80.9,965.7,46.32,11.77,1,Very Severe Cyclonic Storm
CYC-2022-NIO-038,Yaas,Bay of Bengal,2022-08-17T12:00:00Z,20.51,87.82,82.7,960.9,51.12,20.14,1,Very Severe Cyclonic Storm
CYC-2022-NIO-038,Yaas,Bay of Bengal,2022-08-17T18:00:00Z,21.08,87.89,77.8,961.5,50.48,11.73,1,Very Severe Cyclonic Storm
CYC-2022-NIO-038,Yaas,Bay of Bengal,2022-08-18T00:00:00Z,21.61,87.89,70.1,972.1,39.91,12.95,1,Very Severe Cyclonic Storm
CYC-2022-NIO-038,Yaas,Bay of Bengal,2022-08-18T06:00:00Z,21.92,87.86,68.5,965.5,46.54,17.03,1,Very Severe Cyclonic Storm
CYC-2022-NIO-038,Yaas,Bay of Bengal,2022-08-18T12:00:00Z,22.44,87.92,63.3,972.8,39.17,9.66,1,Severe Cyclonic Storm
CYC-2022-NIO-038,Yaas,Bay of Bengal,2022-08-18T18:00:00Z,22.99,88.01,57.7,977.1,34.91,18.83,1,Severe Cyclonic Storm
CYC-2022-NIO-038,Yaas,Bay of Bengal,2022-08-19T00:00:00Z,23.41,88.03,55.2,977.8,34.21,10.3,1,Severe Cyclonic Storm
CYC-2022-NIO-038,Yaas,Bay of Bengal,2022-08-19T06:00:00Z,23.88,88.03,52.3,982.0,29.98,10.09,1,Severe Cyclonic Storm
CYC-2022-NIO-038,Yaas,Bay of Bengal,2022-08-19T12:00:00Z,24.28,88.15,44.9,980.0,31.99,16.6,0,Cyclonic Storm
CYC-2022-NIO-038,Yaas,Bay of Bengal,2022-08-19T18:00:00Z,24.87,88.31,44.4,988.4,23.59,8.62,0,Cyclonic Storm
CYC-2022-NIO-038,Yaas,Bay of Bengal,2022-08-20T00:00:00Z,25.44,88.37,37.4,990.6,21.42,23.87,0,Cyclonic Storm
CYC-2022-NIO-038,Yaas,Bay of Bengal,2022-08-20T06:00:00Z,25.97,88.37,31.6,990.5,21.5,9.71,0,Deep Depression
CYC-2022-NIO-038,Yaas,Bay of Bengal,2022-08-20T12:00:00Z,26.47,88.45,23.8,992.3,19.74,14.88,0,Depression
CYC-2022-NIO-038,Yaas,Bay of Bengal,2022-08-20T18:00:00Z,26.82,88.47,20.0,1002.3,9.66,12.05,0,Depression
CYC-2022-NIO-039,Gulab,Arabian Sea,2022-10-07T00:00:00Z,12.33,66.06,31.7,993.7,18.28,8.74,0,Deep Depression
CYC-2022-NIO-039,Gulab,Arabian Sea,2022-10-07T06:00:00Z,12.91,65.78,39.6,984.9,27.12,11.79,0,Cyclonic Storm
CYC-2022-NIO-039,Gulab,Arabian Sea,2022-10-07T12:00:00Z,13.43,65.49,43.1,985.4,26.56,19.75,0,Cyclonic Storm
CYC-2022-NIO-039,Gulab,Arabian Sea,2022-10-07T18:00:00Z,13.83,65.21,46.2,986.8,25.25,12.17,0,Cyclonic Storm
CYC-2022-NIO-039,Gulab,Arabian Sea,2022-10-08T00:00:00Z,14.33,64.86,51.6,970.5,41.53,19.34,1,Severe Cyclonic Storm
CYC-2022-NIO-039,Gulab,Arabian Sea,2022-10-08T06:00:00Z,14.88,64.5,57.8,980.1,31.89,11.9,1,Severe Cyclonic Storm
CYC-2022-NIO-039,Gulab,Arabian Sea,2022-10-08T12:00:00Z,15.38,64.06,62.5,972.0,40.03,23.74,1,Severe Cyclonic Storm
CYC-2022-NIO-039,Gulab,Arabian Sea,2022-10-08T18:00:00Z,16.0,63.72,64.8,973.1,38.89,17.32,1,Very Severe Cyclonic Storm
CYC-2022-NIO-039,Gulab,Arabian Sea,2022-10-09T00:00:00Z,16.59,63.46,67.0,965.4,46.62,22.26,1,Very Severe Cyclonic Storm
CYC-2022-NIO-039,Gulab,Arabian Sea,2022-10-09T06:00:00Z,17.15,63.24,72.1,967.9,44.08,10.47,1,Very Severe Cyclonic Storm
CYC-2022-NIO-039,Gulab,Arabian Sea,2022-10-09T12:00:00Z,17.65,62.96,73.9,971.1,40.86,15.19,1,Very Severe Cyclonic Storm
CYC-2022-NIO-039,Gulab,Arabian Sea,2022-10-09T18:00:00Z,18.08,62.64,80.1,965.1,46.91,23.35,1,Very Severe Cyclonic Storm
CYC-2022-NIO-039,Gulab,Arabian Sea,2022-10-10T00:00:00Z,18.64,62.28,82.1,967.9,44.1,8.31,1,Very Severe Cyclonic Storm
CYC-2022-NIO-039,Gulab,Arabian Sea,2022-10-10T06:00:00Z,19.19,62.01,84.6,969.2,42.8,16.4,1,Very Severe Cyclonic Storm
CYC-2022-NIO-039,Gulab,Arabian Sea,2022-10-10T12:00:00Z,19.75,61.66,87.8,961.1,50.91,22.05,1,Very Severe Cyclonic Storm
CYC-2022-NIO-039,Gulab,Arabian Sea,2022-10-10T18:00:00Z,20.18,61.34,90.6,949.7,62.28,9.11,1,Extremely Severe Cyclonic Storm
CYC-2022-NIO-039,Gulab,Arabian Sea,2022-10-11T00:00:00Z,20.84,61.17,93.7,956.0,56.0,19.22,1,Extremely Severe Cyclonic Storm
CYC-2022-NIO-039,Gulab,Arabian Sea,2022-10-11T06:00:00Z,21.36,61.04,96.1,953.7,58.31,12.66,1,Extremely Severe Cyclonic Storm
CYC-2022-NIO-039,Gulab,Arabian Sea,2022-10-11T12:00:00Z,21.94,60.87,101.9,948.8,63.2,15.41,1,Extremely Severe Cyclonic Storm
CYC-2022-NIO-039,Gulab,Arabian Sea,2022-10-11T18:00:00Z,22.52,60.58,93.4,957.0,54.97,15.3,1,Extremely Severe Cyclonic Storm
CYC-2022-NIO-039,Gulab,Arabian Sea,2022-10-12T00:00:00Z,22.93,60.28,87.5,959.0,52.96,15.49,1,Very Severe Cyclonic Storm
CYC-2022-NIO-039,Gulab,Arabian Sea,2022-10-12T06:00:00Z,23.42,59.99,82.0,966.7,45.34,18.1,1,Very Severe Cyclonic Storm
CYC-2022-NIO-039,Gulab,Arabian Sea,2022-10-12T12:00:00Z,23.89,59.84,74.3,967.3,44.67,8.08,1,Very Severe Cyclonic Storm
CYC-2022-NIO-039,Gulab,Arabian Sea,2022-10-12T18:00:00Z,24.33,59.54,68.9,970.7,41.32,14.51,1,Very Severe Cyclonic Storm
CYC-2022-NIO-039,Gulab,Arabian Sea,2022-10-13T00:00:00Z,24.86,59.13,61.4,979.2,32.79,8.66,1,Severe Cyclonic Storm
CYC-2022-NIO-039,Gulab,Arabian Sea,2022-10-13T06:00:00Z,25.32,58.82,57.6,981.7,30.27,12.3,1,Severe Cyclonic Storm
CYC-2022-NIO-039,Gulab,Arabian Sea,2022-10-13T12:00:00Z,25.85,58.53,47.9,986.4,25.55,8.5,0,Cyclonic Storm
CYC-2022-NIO-039,Gulab,Arabian Sea,2022-10-13T18:00:00Z,26.4,58.18,40.7,990.8,21.2,10.14,0,Cyclonic Storm
CYC-2022-NIO-039,Gulab,Arabian Sea,2022-10-14T00:00:00Z,26.92,57.8,31.2,997.7,14.31,13.46,0,Deep Depression
CYC-2022-NIO-039,Gulab,Arabian Sea,2022-10-14T06:00:00Z,27.48,57.47,24.1,991.6,20.4,23.49,0,Depression
CYC-2022-NIO-039,Gulab,Arabian Sea,2022-10-14T12:00:00Z,28.02,57.08,20.0,999.6,12.4,12.38,0,Depression
CYC-2022-NIO-039,Gulab,Arabian Sea,2022-10-14T18:00:00Z,28.55,56.79,20.0,1010.0,2.0,12.12,0,Depression
CYC-2022-NIO-040,Jawad,Bay of Bengal,2022-12-02T00:00:00Z,11.79,91.23,33.2,998.4,13.59,10.39,0,Deep Depression
CYC-2022-NIO-040,Jawad,Bay of Bengal,2022-12-02T06:00:00Z,12.22,91.57,37.6,993.3,18.71,10.52,0,Cyclonic Storm
CYC-2022-NIO-040,Jawad,Bay of Bengal,2022-12-02T12:00:00Z,12.74,91.93,41.7,984.4,27.62,12.05,0,Cyclonic Storm
CYC-2022-NIO-040,Jawad,Bay of Bengal,2022-12-02T18:00:00Z,13.29,92.27,45.4,986.4,25.61,15.28,0,Cyclonic Storm
CYC-2022-NIO-040,Jawad,Bay of Bengal,2022-12-03T00:00:00Z,13.76,92.61,53.2,988.2,23.8,9.43,1,Severe Cyclonic Storm
CYC-2022-NIO-040,Jawad,Bay of Bengal,2022-12-03T06:00:00Z,14.36,92.9,56.5,976.5,35.5,22.0,1,Severe Cyclonic Storm
CYC-2022-NIO-040,Jawad,Bay of Bengal,2022-12-03T12:00:00Z,14.91,93.16,60.7,972.3,39.67,13.7,1,Severe Cyclonic Storm
CYC-2022-NIO-040,Jawad,Bay of Bengal,2022-12-03T18:00:00Z,15.37,93.53,61.9,977.5,34.47,19.42,1,Severe Cyclonic Storm
CYC-2022-NIO-040,Jawad,Bay of Bengal,2022-12-04T00:00:00Z,15.91,93.92,65.2,968.7,43.26,10.57,1,Very Severe Cyclonic Storm
CYC-2022-NIO-040,Jawad,Bay of Bengal,2022-12-04T06:00:00Z,16.5,94.29,69.0,966.7,45.31,21.03,1,Very Severe Cyclonic Storm
CYC-2022-NIO-040,Jawad,Bay of Bengal,2022-12-04T12:00:00Z,17.02,94.66,72.9,970.8,41.18,14.31,1,Very Severe Cyclonic Storm
CYC-2022-NIO-040,Jawad,Bay of Bengal,2022-12-04T18:00:00Z,17.53,95.06,70.2,957.1,54.86,21.55,1,Very Severe Cyclonic Storm
CYC-2022-NIO-040,Jawad,Bay of Bengal,2022-12-05T00:00:00Z,18.02,95.47,65.2,964.5,47.46,17.16,1,Very Severe Cyclonic Storm
CYC-2022-NIO-040,Jawad,Bay of Bengal,2022-12-05T06:00:00Z,18.59,95.72,65.0,972.3,39.7,9.71,1,Very Severe Cyclonic Storm
CYC-2022-NIO-040,Jawad,Bay of Bengal,2022-12-05T12:00:00Z,19.03,95.99,64.4,971.8,40.18,8.56,1,Very Severe Cyclonic Storm
CYC-2022-NIO-040,Jawad,Bay of Bengal,2022-12-05T18:00:00Z,19.59,96.14,64.2,976.5,35.55,15.16,1,Very Severe Cyclonic Storm
CYC-2022-NIO-040,Jawad,Bay of Bengal,2022-12-06T00:00:00Z,20.09,96.48,61.0,972.2,39.83,15.32,1,Severe Cyclonic Storm
CYC-2022-NIO-040,Jawad,Bay of Bengal,2022-12-06T06:00:00Z,20.55,96.84,52.1,979.1,32.91,13.42,1,Severe Cyclonic Storm
CYC-2022-NIO-040,Jawad,Bay of Bengal,2022-12-06T12:00:00Z,20.95,97.18,47.6,985.1,26.9,21.99,0,Cyclonic Storm
CYC-2022-NIO-041,Mocha,Bay of Bengal,2023-01-23T18:00:00Z,8.7,88.15,32.9,991.5,20.53,16.72,0,Deep Depression
CYC-2022-NIO-041,Mocha,Bay of Bengal,2023-01-24T00:00:00Z,9.15,88.03,40.3,983.1,28.92,8.83,0,Cyclonic Storm
CYC-2022-NIO-041,Mocha,Bay of Bengal,2023-01-24T06:00:00Z,9.52,88.11,44.3,983.5,28.46,12.55,0,Cyclonic Storm
CYC-2022-NIO-041,Mocha,Bay of Bengal,2023-01-24T12:00:00Z,10.0,88.02,48.4,983.3,28.73,8.29,1,Severe Cyclonic Storm
CYC-2022-NIO-041,Mocha,Bay of Bengal,2023-01-24T18:00:00Z,10.36,87.91,54.4,981.7,30.3,20.83,1,Severe Cyclonic Storm
CYC-2022-NIO-041,Mocha,Bay of Bengal,2023-01-25T00:00:00Z,10.55,87.83,59.0,978.5,33.47,16.2,1,Severe Cyclonic Storm
CYC-2022-NIO-041,Mocha,Bay of Bengal,2023-01-25T06:00:00Z,11.11,87.78,64.9,975.6,36.45,16.64,1,Very Severe Cyclonic Storm
CYC-2022-NIO-041,Mocha,Bay of Bengal,2023-01-25T12:00:00Z,11.55,87.81,70.8,969.0,43.04,10.48,1,Very Severe Cyclonic Storm
CYC-2022-NIO-041,Mocha,Bay of Bengal,2023-01-25T18:00:00Z,11.84,87.71,73.7,964.9,47.07,15.82,1,Very Severe Cyclonic Storm
CYC-2022-NIO-041,Mocha,Bay of Bengal,2023-01-26T00:00:00Z,12.22,87.67,79.7,962.1,49.89,8.87,1,Very Severe Cyclonic Storm
CYC-2022-NIO-041,Mocha,Bay of Bengal,2023-01-26T06:00:00Z,12.59,87.73,90.5,962.2,49.77,10.73,1,Extremely Severe Cyclonic Storm
CYC-2022-NIO-041,Mocha,Bay of Bengal,2023-01-26T12:00:00Z,12.92,87.61,93.5,957.6,54.38,9.86,1,Extremely Severe Cyclonic Storm
CYC-2022-NIO-041,Mocha,Bay of Bengal,2023-01-26T18:00:00Z,13.33,87.62,97.7,951.7,60.27,10.33,1,Extremely Severe Cyclonic Storm
CYC-2022-NIO-041,Mocha,Bay of Bengal,2023-01-27T00:00:00Z,13.78,87.69,101.7,952.9,59.09,11.9,1,Extremely Severe Cyclonic Storm
CYC-2022-NIO-041,Mocha,Bay of Bengal,2023-01-27T06:00:00Z,14.12,87.69,92.9,954.6,57.41,14.44,1,Extremely Severe Cyclonic Storm
CYC-2022-NIO-041,Mocha,Bay of Bengal,2023-01-27T12:00:00Z,14.51,87.71,86.6,955.1,56.85,14.44,1,Very Severe Cyclonic Storm
CYC-2022-NIO-041,Mocha,Bay of Bengal,2023-01-27T18:00:00Z,14.88,87.62,79.0,960.7,51.25,13.61,1,Very Severe Cyclonic Storm
CYC-2022-NIO-041,Mocha,Bay of Bengal,2023-01-28T00:00:00Z,15.3,87.63,71.7,964.9,47.07,13.97,1,Very Severe Cyclonic Storm
CYC-2022-NIO-041,Mocha,Bay of Bengal,2023-01-28T06:00:00Z,15.7,87.55,65.6,975.0,36.96,13.87,1,Very Severe Cyclonic Storm
CYC-2022-NIO-041,Mocha,Bay of Bengal,2023-01-28T12:00:00Z,16.09,87.45,58.6,982.1,29.88,17.26,1,Severe Cyclonic Storm
CYC-2022-NIO-041,Mocha,Bay of Bengal,2023-01-28T18:00:00Z,16.47,87.48,51.4,976.6,35.36,21.49,1,Severe Cyclonic Storm
CYC-2022-NIO-041,Mocha,Bay of Bengal,2023-01-29T00:00:00Z,16.95,87.54,38.9,989.9,22.15,20.11,0,Cyclonic Storm
CYC-2022-NIO-041,Mocha,Bay of Bengal,2023-01-29T06:00:00Z,17.23,87.54,29.0,998.1,13.89,9.38,0,Deep Depression
CYC-2022-NIO-041,Mocha,Bay of Bengal,2023-01-29T12:00:00Z,17.5,87.49,20.0,991.2,20.77,17.91,0,Depression
CYC-2023-NIO-042,Biparjoy,Arabian Sea,2023-03-06T18:00:00Z,8.72,70.81,34.3,995.0,17.04,22.39,0,Cyclonic Storm
CYC-2023-NIO-042,Biparjoy,Arabian Sea,2023-03-07T00:00:00Z,9.08,71.03,37.3,997.6,14.4,21.37,0,Cyclonic Storm
CYC-2023-NIO-042,Biparjoy,Arabian Sea,2023-03-07T06:00:00Z,9.54,71.35,41.7,991.7,20.3,20.86,0,Cyclonic Storm
CYC-2023-NIO-042,Biparjoy,Arabian Sea,2023-03-07T12:00:00Z,9.83,71.54,43.8,977.3,34.7,10.27,0,Cyclonic Storm
CYC-2023-NIO-042,Biparjoy,Arabian Sea,2023-03-07T18:00:00Z,10.18,71.65,47.5,981.4,30.58,19.91,0,Cyclonic Storm
CYC-2023-NIO-042,Biparjoy,Arabian Sea,2023-03-08T00:00:00Z,10.61,71.74,49.8,987.9,24.06,8.28,1,Severe Cyclonic Storm
CYC-2023-NIO-042,Biparjoy,Arabian Sea,2023-03-08T06:00:00Z,10.87,71.96,54.2,990.8,21.17,8.22,1,Severe Cyclonic Storm
CYC-2023-NIO-042,Biparjoy,Arabian Sea,2023-03-08T12:00:00Z,11.32,72.02,61.9,974.4,37.65,13.06,1,Severe Cyclonic Storm
CYC-2023-NIO-042,Biparjoy,Arabian Sea,2023-03-08T18:00:00Z,11.58,72.16,62.4,977.0,34.97,9.35,1,Severe Cyclonic Storm
CYC-2023-NIO-042,Biparjoy,Arabian Sea,2023-03-09T00:00:00Z,12.02,72.43,65.2,972.0,40.0,14.82,1,Very Severe Cyclonic Storm
CYC-2023-NIO-042,Biparjoy,Arabian Sea,2023-03-09T06:00:00Z,12.52,72.56,71.7,964.4,47.6,21.94,1,Very Severe Cyclonic Storm
CYC-2023-NIO-042,Biparjoy,Arabian Sea,2023-03-09T12:00:00Z,12.75,72.69,74.1,966.9,45.12,10.01,1,Very Severe Cyclonic Storm
CYC-2023-NIO-042,Biparjoy,Arabian Sea,2023-03-09T18:00:00Z,13.21,72.84,78.8,967.5,44.48,9.68,1,Very Severe Cyclonic Storm
CYC-2023-NIO-042,Biparjoy,Arabian Sea,2023-03-10T00:00:00Z,13.65,73.14,83.9,963.5,48.52,21.89,1,Very Severe Cyclonic Storm
CYC-2023-NIO-042,Biparjoy,Arabian Sea,2023-03-10T06:00:00Z,14.13,73.27,88.9,956.5,55.46,15.15,1,Very Severe Cyclonic Storm
CYC-2023-NIO-042,Biparjoy,Arabian Sea,2023-03-10T12:00:00Z,14.53,73.45,92.6,958.6,53.44,11.34,1,Extremely Severe Cyclonic Storm
CYC-2023-NIO-042,Biparjoy,Arabian Sea,2023-03-10T18:00:00Z,15.05,73.7,98.3,950.5,61.53,18.11,1,Extremely Severe Cyclonic Storm
CYC-2023-NIO-042,Biparjoy,Arabian Sea,2023-03-11T00:00:00Z,15.34,73.88,102.9,953.2,58.76,11.08,1,Extremely Severe Cyclonic Storm
CYC-2023-NIO-042,Biparjoy,Arabian Sea,2023-03-11T06:00:00Z,15.81,74.15,92.3,957.5,54.53,17.3,1,Extremely Severe Cyclonic Storm
CYC-2023-NIO-042,Biparjoy,Arabian Sea,2023-03-11T12:00:00Z,16.24,74.45,85.5,962.8,49.2,16.13,1,Very Severe Cyclonic Storm
CYC-2023-NIO-042,Biparjoy,Arabian Sea,2023-03-11T18:00:00Z,16.57,74.73,76.2,969.7,42.27,18.14,1,Very Severe Cyclonic Storm
CYC-2023-NIO-042,Biparjoy,Arabian Sea,2023-03-12T00:00:00Z,16.9,74.83,67.2,972.5,39.52,15.1,1,Very Severe Cyclonic Storm
CYC-2023-NIO-042,Biparjoy,Arabian Sea,2023-03-12T06:00:00Z,17.24,75.08,57.7,978.3,33.66,17.33,1,Severe Cyclonic Storm
CYC-2023-NIO-042,Biparjoy,Arabian Sea,2023-03-12T12:00:00Z,17.59,75.29,52.7,980.5,31.53,14.62,1,Severe Cyclonic Storm
CYC-2023-NIO-042,Biparjoy,Arabian Sea,2023-03-12T18:00:00Z,18.03,75.41,48.2,980.7,31.34,11.03,1,Severe Cyclonic Storm
CYC-2023-NIO-042,Biparjoy,Arabian Sea,2023-03-13T00:00:00Z,18.34,75.54,41.5,988.6,23.37,19.76,0,Cyclonic Storm
CYC-2023-NIO-042,Biparjoy,Arabian Sea,2023-03-13T06:00:00Z,18.64,75.79,33.1,985.1,26.89,9.65,0,Deep Depression
CYC-2023-NIO-042,Biparjoy,Arabian Sea,2023-03-13T12:00:00Z,18.93,76.1,27.1,1001.7,10.27,10.89,0,Depression
CYC-2023-NIO-042,Biparjoy,Arabian Sea,2023-03-13T18:00:00Z,19.2,76.35,23.1,998.1,13.93,17.89,0,Depression
CYC-2023-NIO-042,Biparjoy,Arabian Sea,2023-03-14T00:00:00Z,19.46,76.66,20.0,1004.0,7.99,12.04,0,Depression
CYC-2023-NIO-043,Tej,Bay of Bengal,2023-04-27T06:00:00Z,12.0,88.98,27.5,992.7,19.31,22.51,0,Depression
CYC-2023-NIO-043,Tej,Bay of Bengal,2023-04-27T12:00:00Z,12.46,88.93,28.4,994.6,17.43,13.56,0,Deep Depression
CYC-2023-NIO-043,Tej,Bay of Bengal,2023-04-27T18:00:00Z,12.96,88.88,28.7,995.0,16.95,22.94,0,Deep Depression
CYC-2023-NIO-043,Tej,Bay of Bengal,2023-04-28T00:00:00Z,13.45,89.02,31.6,997.3,14.69,23.5,0,Deep Depression
CYC-2023-NIO-043,Tej,Bay of Bengal,2023-04-28T06:00:00Z,13.91,89.08,31.4,993.3,18.65,16.45,0,Deep Depression
CYC-2023-NIO-043,Tej,Bay of Bengal,2023-04-28T12:00:00Z,14.36,89.04,38.0,987.9,24.11,8.16,0,Cyclonic Storm
CYC-2023-NIO-043,Tej,Bay of Bengal,2023-04-28T18:00:00Z,14.79,88.98,39.6,990.3,21.67,14.79,0,Cyclonic Storm
CYC-2023-NIO-043,Tej,Bay of Bengal,2023-04-29T00:00:00Z,15.27,89.14,40.0,981.4,30.62,11.48,0,Cyclonic Storm
CYC-2023-NIO-043,Tej,Bay of Bengal,2023-04-29T06:00:00Z,15.68,89.18,43.3,983.3,28.69,11.22,0,Cyclonic Storm
CYC-2023-NIO-043,Tej,Bay of Bengal,2023-04-29T12:00:00Z,16.11,89.16,46.3,986.9,25.12,22.64,0,Cyclonic Storm
CYC-2023-NIO-043,Tej,Bay of Bengal,2023-04-29T18:00:00Z,16.57,89.27,49.0,984.4,27.58,16.14,1,Severe Cyclonic Storm
CYC-2023-NIO-043,Tej,Bay of Bengal,2023-04-30T00:00:00Z,17.05,89.28,50.0,979.8,32.22,11.39,1,Severe Cyclonic Storm
CYC-2023-NIO-043,Tej,Bay of Bengal,2023-04-30T06:00:00Z,17.43,89.37,53.9,978.0,33.99,16.87,1,Severe Cyclonic Storm
CYC-2023-NIO-043,Tej,Bay of Bengal,2023-04-30T12:00:00Z,17.93,89.32,55.6,982.6,29.41,17.71,1,Severe Cyclonic Storm
CYC-2023-NIO-043,Tej,Bay of Bengal,2023-04-30T18:00:00Z,18.4,89.32,55.8,978.5,33.51,16.95,1,Severe Cyclonic Storm
CYC-2023-NIO-043,Tej,Bay of Bengal,2023-05-01T00:00:00Z,18.73,89.36,53.8,977.0,34.97,16.35,1,Severe Cyclonic Storm
CYC-2023-NIO-043,Tej,Bay of Bengal,2023-05-01T06:00:00Z,19.15,89.41,57.3,981.5,30.47,13.86,1,Severe Cyclonic Storm
CYC-2023-NIO-043,Tej,Bay of Bengal,2023-05-01T12:00:00Z,19.5,89.41,56.9,978.9,33.09,13.7,1,Severe Cyclonic Storm
CYC-2023-NIO-043,Tej,Bay of Bengal,2023-05-01T18:00:00Z,19.98,89.6,56.1,970.9,41.1,16.99,1,Severe Cyclonic Storm
CYC-2023-NIO-043,Tej,Bay of Bengal,2023-05-02T00:00:00Z,20.44,89.66,55.4,973.2,38.84,17.1,1,Severe Cyclonic Storm
CYC-2023-NIO-043,Tej,Bay of Bengal,2023-05-02T06:00:00Z,20.84,89.72,55.1,985.9,26.11,15.53,1,Severe Cyclonic Storm
CYC-2023-NIO-043,Tej,Bay of Bengal,2023-05-02T12:00:00Z,21.25,89.88,54.6,973.1,38.86,21.67,1,Severe Cyclonic Storm
CYC-2023-NIO-043,Tej,Bay of Bengal,2023-05-02T18:00:00Z,21.62,90.0,52.8,978.3,33.7,22.73,1,Severe Cyclonic Storm
CYC-2023-NIO-043,Tej,Bay of Bengal,2023-05-03T00:00:00Z,22.13,90.24,54.4,984.3,27.7,20.91,1,Severe Cyclonic Storm
CYC-2023-NIO-043,Tej,Bay of Bengal,2023-05-03T06:00:00Z,22.47,90.29,51.4,976.8,35.17,22.99,1,Severe Cyclonic Storm
CYC-2023-NIO-043,Tej,Bay of Bengal,2023-05-03T12:00:00Z,22.96,90.3,50.7,984.8,27.17,8.58,1,Severe Cyclonic Storm
CYC-2023-NIO-043,Tej,Bay of Bengal,2023-05-03T18:00:00Z,23.41,90.3,49.3,977.6,34.37,16.03,1,Severe Cyclonic Storm
CYC-2023-NIO-043,Tej,Bay of Bengal,2023-05-04T00:00:00Z,23.8,90.37,47.6,973.2,38.77,16.65,0,Cyclonic Storm
CYC-2023-NIO-043,Tej,Bay of Bengal,2023-05-04T06:00:00Z,24.19,90.45,43.5,989.8,22.25,16.89,0,Cyclonic Storm
CYC-2023-NIO-043,Tej,Bay of Bengal,2023-05-04T12:00:00Z,24.56,90.63,39.8,984.6,27.36,16.39,0,Cyclonic Storm
CYC-2023-NIO-043,Tej,Bay of Bengal,2023-05-04T18:00:00Z,24.88,90.77,36.7,993.3,18.65,9.37,0,Cyclonic Storm
CYC-2023-NIO-043,Tej,Bay of Bengal,2023-05-05T00:00:00Z,25.44,90.79,34.1,997.4,14.62,22.32,0,Cyclonic Storm
CYC-2023-NIO-044,Hamoon,Bay of Bengal,2023-05-24T06:00:00Z,8.35,91.14,31.8,987.0,24.99,12.02,0,Deep Depression
CYC-2023-NIO-044,Hamoon,Bay of Bengal,2023-05-24T12:00:00Z,8.72,91.1,37.6,982.5,29.48,15.07,0,Cyclonic Storm
CYC-2023-NIO-044,Hamoon,Bay of Bengal,2023-05-24T18:00:00Z,9.25,91.04,42.8,988.0,24.01,13.31,0,Cyclonic Storm
CYC-2023-NIO-044,Hamoon,Bay of Bengal,2023-05-25T00:00:00Z,9.62,91.08,46.7,980.5,31.5,20.92,0,Cyclonic Storm
CYC-2023-NIO-044,Hamoon,Bay of Bengal,2023-05-25T06:00:00Z,9.95,91.13,53.9,990.0,22.01,18.49,1,Severe Cyclonic Storm
CYC-2023-NIO-044,Hamoon,Bay of Bengal,2023-05-25T12:00:00Z,10.42,91.1,60.8,971.2,40.85,8.26,1,Severe Cyclonic Storm
CYC-2023-NIO-044,Hamoon,Bay of Bengal,2023-05-25T18:00:00Z,10.73,91.0,63.9,974.0,38.01,20.64,1,Severe Cyclonic Storm
CYC-2023-NIO-044,Hamoon,Bay of Bengal,2023-05-26T00:00:00Z,11.21,90.91,69.1,976.0,36.01,19.85,1,Very Severe Cyclonic Storm
CYC-2023-NIO-044,Hamoon,Bay of Bengal,2023-05-26T06:00:00Z,11.54,91.02,72.5,972.1,39.85,17.14,1,Very Severe Cyclonic Storm
CYC-2023-NIO-044,Hamoon,Bay of Bengal,2023-05-26T12:00:00Z,11.92,91.13,76.4,958.7,53.29,21.09,1,Very Severe Cyclonic Storm
CYC-2023-NIO-044,Hamoon,Bay of Bengal,2023-05-26T18:00:00Z,12.35,91.19,82.4,963.7,48.31,9.58,1,Very Severe Cyclonic Storm
CYC-2023-NIO-044,Hamoon,Bay of Bengal,2023-05-27T00:00:00Z,12.84,91.11,87.6,960.5,51.52,14.64,1,Very Severe Cyclonic Storm
CYC-2023-NIO-044,Hamoon,Bay of Bengal,2023-05-27T06:00:00Z,13.26,91.04,90.7,953.7,58.34,20.36,1,Extremely Severe Cyclonic Storm
CYC-2023-NIO-044,Hamoon,Bay of Bengal,2023-05-27T12:00:00Z,13.84,90.93,94.8,952.5,59.52,9.44,1,Extremely Severe Cyclonic Storm
CYC-2023-NIO-044,Hamoon,Bay of Bengal,2023-05-27T18:00:00Z,14.15,90.91,88.6,961.0,50.97,10.58,1,Very Severe Cyclonic Storm
CYC-2023-NIO-044,Hamoon,Bay of Bengal,2023-05-28T00:00:00Z,14.63,90.92,81.4,959.3,52.69,21.79,1,Very Severe Cyclonic Storm
CYC-2023-NIO-044,Hamoon,Bay of Bengal,2023-05-28T06:00:00Z,15.08,90.91,75.9,967.3,44.68,23.89,1,Very Severe Cyclonic Storm
CYC-2023-NIO-044,Hamoon,Bay of Bengal,2023-05-28T12:00:00Z,15.38,90.86,73.7,969.9,42.08,9.38,1,Very Severe Cyclonic Storm
CYC-2023-NIO-044,Hamoon,Bay of Bengal,2023-05-28T18:00:00Z,15.83,90.95,68.9,968.7,43.34,10.63,1,Very Severe Cyclonic Storm
CYC-2023-NIO-044,Hamoon,Bay of Bengal,2023-05-29T00:00:00Z,16.33,90.9,61.1,974.1,37.87,13.25,1,Severe Cyclonic Storm
CYC-2023-NIO-044,Hamoon,Bay of Bengal,2023-05-29T06:00:00Z,16.68,90.93,58.6,974.6,37.4,19.79,1,Severe Cyclonic Storm
CYC-2023-NIO-044,Hamoon,Bay of Bengal,2023-05-29T12:00:00Z,17.13,90.93,52.2,978.7,33.29,15.71,1,Severe Cyclonic Storm
CYC-2023-NIO-044,Hamoon,Bay of Bengal,2023-05-29T18:00:00Z,17.4,90.93,44.0,987.1,24.87,23.02,0,Cyclonic Storm
CYC-2023-NIO-044,Hamoon,Bay of Bengal,2023-05-30T00:00:00Z,17.86,90.96,34.0,992.4,19.63,12.86,0,Cyclonic Storm
CYC-2023-NIO-045,Midhili,Arabian Sea,2023-07-25T06:00:00Z,9.53,71.99,29.7,988.2,23.8,14.93,0,Deep Depression
CYC-2023-NIO-045,Midhili,Arabian Sea,2023-07-25T12:00:00Z,9.94,71.82,30.4,990.5,21.48,13.06,0,Deep Depression
CYC-2023-NIO-045,Midhili,Arabian Sea,2023-07-25T18:00:00Z,10.2,71.59,35.6,993.6,18.41,15.72,0,Cyclonic Storm
CYC-2023-NIO-045,Midhili,Arabian Sea,2023-07-26T00:00:00Z,10.6,71.37,38.9,990.8,21.2,11.42,0,Cyclonic Storm
CYC-2023-NIO-045,Midhili,Arabian Sea,2023-07-26T06:00:00Z,10.88,71.28,45.0,985.1,26.9,22.47,0,Cyclonic Storm
CYC-2023-NIO-045,Midhili,Arabian Sea,2023-07-26T12:00:00Z,11.2,70.97,47.2,985.2,26.81,23.49,0,Cyclonic Storm
CYC-2023-NIO-045,Midhili,Arabian Sea,2023-07-26T18:00:00Z,11.45,70.57,50.2,982.5,29.45,11.63,1,Severe Cyclonic Storm
CYC-2023-NIO-045,Midhili,Arabian Sea,2023-07-27T00:00:00Z,11.9,70.22,55.5,977.7,34.27,18.14,1,Severe Cyclonic Storm
CYC-2023-NIO-045,Midhili,Arabian Sea,2023-07-27T06:00:00Z,12.1,70.02,57.4,975.9,36.06,17.25,1,Severe Cyclonic Storm
CYC-2023-NIO-045,Midhili,Arabian Sea,2023-07-27T12:00:00Z,12.46,69.84,62.2,971.8,40.23,13.44,1,Severe Cyclonic Storm
CYC-2023-NIO-045,Midhili,Arabian Sea,2023-07-27T18:00:00Z,12.8,69.71,65.5,970.6,41.42,20.3,1,Very Severe Cyclonic Storm
CYC-2023-NIO-045,Midhili,Arabian Sea,2023-07-28T00:00:00Z,13.23,69.42,68.6,966.6,45.37,15.45,1,Very Severe Cyclonic Storm
CYC-2023-NIO-045,Midhili,Arabian Sea,2023-07-28T06:00:00Z,13.54,69.1,73.1,963.4,48.61,15.37,1,Very Severe Cyclonic Storm
CYC-2023-NIO-045,Midhili,Arabian Sea,2023-07-28T12:00:00Z,13.88,68.68,74.5,965.6,46.41,11.19,1,Very Severe Cyclonic Storm
CYC-2023-NIO-045,Midhili,Arabian Sea,2023-07-28T18:00:00Z,14.24,68.43,80.3,961.4,50.63,21.62,1,Very Severe Cyclonic Storm
CYC-2023-NIO-045,Midhili,Arabian Sea,2023-07-29T00:00:00Z,14.39,68.16,83.3,958.2,53.78,10.76,1,Very Severe Cyclonic Storm
CYC-2023-NIO-045,Midhili,Arabian Sea,2023-07-29T06:00:00Z,14.81,67.92,84.9,968.1,43.89,22.95,1,Very Severe Cyclonic Storm
CYC-2023-NIO-045,Midhili,Arabian Sea,2023-07-29T12:00:00Z,15.33,67.78,89.1,956.6,55.39,18.39,1,Very Severe Cyclonic Storm
CYC-2023-NIO-045,Midhili,Arabian Sea,2023-07-29T18:00:00Z,15.76,67.67,84.3,960.3,51.68,14.83,1,Very Severe Cyclonic Storm
CYC-2023-NIO-045,Midhili,Arabian Sea,2023-07-30T00:00:00Z,15.96,67.42,77.9,971.6,40.4,12.96,1,Very Severe Cyclonic Storm
CYC-2023-NIO-045,Midhili,Arabian Sea,2023-07-30T06:00:00Z,16.34,67.21,72.3,969.1,42.9,17.06,1,Very Severe Cyclonic Storm
CYC-2023-NIO-045,Midhili,Arabian Sea,2023-07-30T12:00:00Z,16.65,67.02,64.9,971.9,40.12,8.32,1,Very Severe Cyclonic Storm
CYC-2023-NIO-045,Midhili,Arabian Sea,2023-07-30T18:00:00Z,17.0,66.92,59.0,976.5,35.47,21.11,1,Severe Cyclonic Storm
CYC-2023-NIO-045,Midhili,Arabian Sea,2023-07-31T00:00:00Z,17.4,66.53,49.6,986.4,25.63,23.3,1,Severe Cyclonic Storm
CYC-2023-NIO-045,Midhili,Arabian Sea,2023-07-31T06:00:00Z,17.57,66.36,42.9,988.0,24.02,12.77,0,Cyclonic Storm
CYC-2023-NIO-045,Midhili,Arabian Sea,2023-07-31T12:00:00Z,18.04,66.04,40.0,987.4,24.56,17.63,0,Cyclonic Storm
CYC-2023-NIO-045,Midhili,Arabian Sea,2023-07-31T18:00:00Z,18.38,65.76,39.1,994.9,17.07,19.98,0,Cyclonic Storm
CYC-2023-NIO-045,Midhili,Arabian Sea,2023-08-01T00:00:00Z,18.78,65.58,30.9,993.7,18.29,21.36,0,Deep Depression
CYC-2023-NIO-045,Midhili,Arabian Sea,2023-08-01T06:00:00Z,19.1,65.43,27.1,985.6,26.4,10.52,0,Depression
CYC-2023-NIO-045,Midhili,Arabian Sea,2023-08-01T12:00:00Z,19.39,65.14,20.0,1003.4,8.56,22.59,0,Depression
CYC-2023-NIO-045,Midhili,Arabian Sea,2023-08-01T18:00:00Z,19.84,64.79,20.0,1002.5,9.49,13.61,0,Depression
CYC-2023-NIO-046,Michaung,Bay of Bengal,2023-09-16T00:00:00Z,10.54,85.99,34.4,993.5,18.47,9.26,0,Cyclonic Storm
CYC-2023-NIO-046,Michaung,Bay of Bengal,2023-09-16T06:00:00Z,10.95,85.91,42.9,987.1,24.92,23.35,0,Cyclonic Storm
CYC-2023-NIO-046,Michaung,Bay of Bengal,2023-09-16T12:00:00Z,11.29,86.0,47.7,983.3,28.65,23.75,0,Cyclonic Storm
CYC-2023-NIO-046,Michaung,Bay of Bengal,2023-09-16T18:00:00Z,11.51,85.96,51.2,985.1,26.88,17.37,1,Severe Cyclonic Storm
CYC-2023-NIO-046,Michaung,Bay of Bengal,2023-09-17T00:00:00Z,11.71,86.11,56.0,981.3,30.71,15.18,1,Severe Cyclonic Storm
CYC-2023-NIO-046,Michaung,Bay of Bengal,2023-09-17T06:00:00Z,12.18,86.13,61.0,980.7,31.27,18.34,1,Severe Cyclonic Storm
CYC-2023-NIO-046,Michaung,Bay of Bengal,2023-09-17T12:00:00Z,12.6,86.06,69.0,970.5,41.55,16.44,1,Very Severe Cyclonic Storm
CYC-2023-NIO-046,Michaung,Bay of Bengal,2023-09-17T18:00:00Z,12.9,86.1,72.8,968.2,43.8,20.84,1,Very Severe Cyclonic Storm
CYC-2023-NIO-046,Michaung,Bay of Bengal,2023-09-18T00:00:00Z,13.24,86.06,82.8,963.3,48.74,20.46,1,Very Severe Cyclonic Storm
CYC-2023-NIO-046,Michaung,Bay of Bengal,2023-09-18T06:00:00Z,13.56,85.97,88.7,956.7,55.34,10.48,1,Very Severe Cyclonic Storm
CYC-2023-NIO-046,Michaung,Bay of Bengal,2023-09-18T12:00:00Z,13.83,85.86,98.6,948.5,63.47,9.19,1,Extremely Severe Cyclonic Storm
CYC-2023-NIO-046,Michaung,Bay of Bengal,2023-09-18T18:00:00Z,14.03,85.85,108.3,951.1,60.87,16.91,1,Extremely Severe Cyclonic Storm
CYC-2023-NIO-046,Michaung,Bay of Bengal,2023-09-19T00:00:00Z,14.26,85.93,113.4,950.0,62.03,15.75,1,Extremely Severe Cyclonic Storm
CYC-2023-NIO-046,Michaung,Bay of Bengal,2023-09-19T06:00:00Z,14.66,86.03,118.2,940.0,71.95,9.45,1,Extremely Severe Cyclonic Storm
CYC-2023-NIO-046,Michaung,Bay of Bengal,2023-09-19T12:00:00Z,14.99,86.06,123.5,934.4,77.62,17.48,1,Super Cyclonic Storm
CYC-2023-NIO-046,Michaung,Bay of Bengal,2023-09-19T18:00:00Z,15.32,86.02,114.5,945.1,66.86,12.19,1,Extremely Severe Cyclonic Storm
CYC-2023-NIO-046,Michaung,Bay of Bengal,2023-09-20T00:00:00Z,15.67,85.97,101.8,948.5,63.54,22.69,1,Extremely Severe Cyclonic Storm
CYC-2023-NIO-046,Michaung,Bay of Bengal,2023-09-20T06:00:00Z,15.87,85.93,90.8,957.6,54.36,20.87,1,Extremely Severe Cyclonic Storm
CYC-2023-NIO-046,Michaung,Bay of Bengal,2023-09-20T12:00:00Z,16.19,85.88,80.0,964.6,47.41,9.96,1,Very Severe Cyclonic Storm
CYC-2023-NIO-046,Michaung,Bay of Bengal,2023-09-20T18:00:00Z,16.58,85.87,72.6,958.2,53.79,9.13,1,Very Severe Cyclonic Storm
CYC-2023-NIO-046,Michaung,Bay of Bengal,2023-09-21T00:00:00Z,16.81,85.76,64.2,974.2,37.79,15.37,1,Very Severe Cyclonic Storm
CYC-2023-NIO-046,Michaung,Bay of Bengal,2023-09-21T06:00:00Z,17.04,85.78,51.2,980.9,31.1,21.87,1,Severe Cyclonic Storm
CYC-2023-NIO-046,Michaung,Bay of Bengal,2023-09-21T12:00:00Z,17.46,85.85,41.6,985.1,26.85,12.24,0,Cyclonic Storm
CYC-2023-NIO-046,Michaung,Bay of Bengal,2023-09-21T18:00:00Z,17.78,85.86,34.9,993.9,18.11,15.09,0,Cyclonic Storm
CYC-2023-NIO-046,Michaung,Bay of Bengal,2023-09-22T00:00:00Z,18.19,85.89,27.0,998.0,14.04,21.16,0,Depression
CYC-2023-NIO-046,Michaung,Bay of Bengal,2023-09-22T06:00:00Z,18.27,85.98,20.0,993.0,18.97,19.68,0,Depression
CYC-2023-NIO-047,Remal,Bay of Bengal,2023-10-25T12:00:00Z,10.7,84.42,28.5,999.2,12.83,20.92,0,Deep Depression
CYC-2023-NIO-047,Remal,Bay of Bengal,2023-10-25T18:00:00Z,11.2,84.52,31.3,994.5,17.54,15.3,0,Deep Depression
CYC-2023-NIO-047,Remal,Bay of Bengal,2023-10-26T00:00:00Z,11.62,84.58,33.7,983.9,28.14,15.65,0,Deep Depression
CYC-2023-NIO-047,Remal,Bay of Bengal,2023-10-26T06:00:00Z,12.08,84.7,35.5,988.2,23.8,22.63,0,Cyclonic Storm
CYC-2023-NIO-047,Remal,Bay of Bengal,2023-10-26T12:00:00Z,12.66,84.79,39.5,990.7,21.34,22.19,0,Cyclonic Storm
CYC-2023-NIO-047,Remal,Bay of Bengal,2023-10-26T18:00:00Z,13.15,84.86,38.8,987.7,24.27,19.75,0,Cyclonic Storm
CYC-2023-NIO-047,Remal,Bay of Bengal,2023-10-27T00:00:00Z,13.78,85.01,41.3,979.7,32.26,15.02,0,Cyclonic Storm
CYC-2023-NIO-047,Remal,Bay of Bengal,2023-10-27T06:00:00Z,14.3,85.26,44.7,987.2,24.84,9.66,0,Cyclonic Storm
CYC-2023-NIO-047,Remal,Bay of Bengal,2023-10-27T12:00:00Z,14.86,85.37,47.2,985.4,26.64,16.65,0,Cyclonic Storm
CYC-2023-NIO-047,Remal,Bay of Bengal,2023-10-27T18:00:00Z,15.43,85.59,46.1,987.7,24.32,16.99,0,Cyclonic Storm
CYC-2023-NIO-047,Remal,Bay of Bengal,2023-10-28T00:00:00Z,16.04,85.69,46.8,982.5,29.53,19.13,0,Cyclonic Storm
CYC-2023-NIO-047,Remal,Bay of Bengal,2023-10-28T06:00:00Z,16.63,85.77,49.6,981.0,30.98,19.13,1,Severe Cyclonic Storm
CYC-2023-NIO-047,Remal,Bay of Bengal,2023-10-28T12:00:00Z,17.41,85.77,51.2,977.5,34.51,15.04,1,Severe Cyclonic Storm
CYC-2023-NIO-047,Remal,Bay of Bengal,2023-10-28T18:00:00Z,17.86,86.03,52.6,984.8,27.21,21.07,1,Severe Cyclonic Storm
CYC-2023-NIO-047,Remal,Bay of Bengal,2023-10-29T00:00:00Z,18.28,86.09,54.6,979.9,32.12,8.78,1,Severe Cyclonic Storm
CYC-2023-NIO-047,Remal,Bay of Bengal,2023-10-29T06:00:00Z,18.68,86.07,55.7,986.1,25.85,20.22,1,Severe Cyclonic Storm
CYC-2023-NIO-047,Remal,Bay of Bengal,2023-10-29T12:00:00Z,19.25,86.28,58.9,977.7,34.32,22.84,1,Severe Cyclonic Storm
CYC-2023-NIO-047,Remal,Bay of Bengal,2023-10-29T18:00:00Z,19.81,86.46,62.1,974.3,37.68,16.76,1,Severe Cyclonic Storm
CYC-2023-NIO-047,Remal,Bay of Bengal,2023-10-30T00:00:00Z,20.38,86.54,66.6,972.8,39.15,18.45,1,Very Severe Cyclonic Storm
CYC-2023-NIO-047,Remal,Bay of Bengal,2023-10-30T06:00:00Z,20.96,86.66,70.3,974.6,37.4,12.69,1,Very Severe Cyclonic Storm
CYC-2023-NIO-047,Remal,Bay of Bengal,2023-10-30T12:00:00Z,21.64,86.7,66.7,971.1,40.9,19.42,1,Very Severe Cyclonic Storm
CYC-2023-NIO-047,Remal,Bay of Bengal,2023-10-30T18:00:00Z,22.0,86.79,63.4,969.3,42.68,20.33,1,Severe Cyclonic Storm
CYC-2023-NIO-047,Remal,Bay of Bengal,2023-10-31T00:00:00Z,22.48,86.94,57.5,975.9,36.1,11.72,1,Severe Cyclonic Storm
CYC-2023-NIO-047,Remal,Bay of Bengal,2023-10-31T06:00:00Z,22.92,87.2,52.3,978.5,33.51,19.89,1,Severe Cyclonic Storm
CYC-2023-NIO-047,Remal,Bay of Bengal,2023-10-31T12:00:00Z,23.38,87.39,48.0,979.7,32.34,16.86,1,Severe Cyclonic Storm
CYC-2023-NIO-047,Remal,Bay of Bengal,2023-10-31T18:00:00Z,23.94,87.43,45.4,988.9,23.1,14.8,0,Cyclonic Storm
CYC-2023-NIO-047,Remal,Bay of Bengal,2023-11-01T00:00:00Z,24.62,87.64,40.8,993.4,18.57,18.33,0,Cyclonic Storm
CYC-2023-NIO-047,Remal,Bay of Bengal,2023-11-01T06:00:00Z,25.11,87.81,34.5,995.5,16.54,11.75,0,Cyclonic Storm
CYC-2023-NIO-047,Remal,Bay of Bengal,2023-11-01T12:00:00Z,25.73,87.84,33.8,990.0,22.04,19.71,0,Deep Depression
CYC-2023-NIO-047,Remal,Bay of Bengal,2023-11-01T18:00:00Z,26.3,87.96,32.4,992.7,19.27,19.11,0,Deep Depression
CYC-2023-NIO-047,Remal,Bay of Bengal,2023-11-02T00:00:00Z,26.71,88.1,32.8,989.7,22.31,12.21,0,Deep Depression
CYC-2023-NIO-047,Remal,Bay of Bengal,2023-11-02T06:00:00Z,27.23,88.15,26.9,991.4,20.62,18.94,0,Depression
CYC-2023-NIO-047,Remal,Bay of Bengal,2023-11-02T12:00:00Z,27.91,88.28,22.4,1003.2,8.81,17.9,0,Depression
CYC-2023-NIO-048,Asna,Arabian Sea,2023-12-17T18:00:00Z,10.09,69.77,38.6,991.5,20.49,12.0,0,Cyclonic Storm
CYC-2023-NIO-048,Asna,Arabian Sea,2023-12-18T00:00:00Z,10.43,69.53,43.6,991.6,20.4,13.82,0,Cyclonic Storm
CYC-2023-NIO-048,Asna,Arabian Sea,2023-12-18T06:00:00Z,10.81,69.24,49.6,989.7,22.27,15.15,1,Severe Cyclonic Storm
CYC-2023-NIO-048,Asna,Arabian Sea,2023-12-18T12:00:00Z,11.19,68.98,64.3,969.5,42.53,12.88,1,Very Severe Cyclonic Storm
CYC-2023-NIO-048,Asna,Arabian Sea,2023-12-18T18:00:00Z,11.44,68.83,71.3,975.5,36.49,14.65,1,Very Severe Cyclonic Storm
CYC-2023-NIO-048,Asna,Arabian Sea,2023-12-19T00:00:00Z,11.59,68.58,79.5,961.8,50.25,18.62,1,Very Severe Cyclonic Storm
CYC-2023-NIO-048,Asna,Arabian Sea,2023-12-19T06:00:00Z,11.81,68.44,85.6,959.9,52.09,11.37,1,Very Severe Cyclonic Storm
CYC-2023-NIO-048,Asna,Arabian Sea,2023-12-19T12:00:00Z,12.08,68.18,93.2,954.6,57.45,18.23,1,Extremely Severe Cyclonic Storm
CYC-2023-NIO-048,Asna,Arabian Sea,2023-12-19T18:00:00Z,12.3,68.07,103.0,957.3,54.72,12.1,1,Extremely Severe Cyclonic Storm
CYC-2023-NIO-048,Asna,Arabian Sea,2023-12-20T00:00:00Z,12.56,67.89,96.1,959.9,52.07,12.29,1,Extremely Severe Cyclonic Storm
CYC-2023-NIO-048,Asna,Arabian Sea,2023-12-20T06:00:00Z,12.96,67.7,86.6,958.1,53.89,12.11,1,Very Severe Cyclonic Storm
CYC-2023-NIO-048,Asna,Arabian Sea,2023-12-20T12:00:00Z,13.1,67.46,74.2,970.3,41.68,13.98,1,Very Severe Cyclonic Storm
CYC-2023-NIO-048,Asna,Arabian Sea,2023-12-20T18:00:00Z,13.52,67.22,58.3,983.3,28.71,13.35,1,Severe Cyclonic Storm
CYC-2023-NIO-048,Asna,Arabian Sea,2023-12-21T00:00:00Z,13.84,67.1,45.6,974.6,37.43,18.68,0,Cyclonic Storm
CYC-2023-NIO-048,Asna,Arabian Sea,2023-12-21T06:00:00Z,14.01,66.84,33.1,987.7,24.25,15.94,0,Deep Depression
CYC-2023-NIO-049,Dana,Bay of Bengal,2024-02-01T12:00:00Z,11.81,91.07,35.2,986.5,25.53,16.69,0,Cyclonic Storm
CYC-2023-NIO-049,Dana,Bay of Bengal,2024-02-01T18:00:00Z,12.4,91.31,39.1,991.0,21.01,13.23,0,Cyclonic Storm
CYC-2023-NIO-049,Dana,Bay of Bengal,2024-02-02T00:00:00Z,13.04,91.66,45.5,986.3,25.69,12.56,0,Cyclonic Storm
CYC-2023-NIO-049,Dana,Bay of Bengal,2024-02-02T06:00:00Z,13.68,91.93,49.3,980.3,31.7,16.09,1,Severe Cyclonic Storm
CYC-2023-NIO-049,Dana,Bay of Bengal,2024-02-02T12:00:00Z,14.39,92.3,55.8,972.2,39.8,17.37,1,Severe Cyclonic Storm
CYC-2023-NIO-049,Dana,Bay of Bengal,2024-02-02T18:00:00Z,15.14,92.68,59.2,975.7,36.31,9.91,1,Severe Cyclonic Storm
CYC-2023-NIO-049,Dana,Bay of Bengal,2024-02-03T00:00:00Z,15.72,92.89,64.2,976.8,35.21,20.62,1,Very Severe Cyclonic Storm
CYC-2023-NIO-049,Dana,Bay of Bengal,2024-02-03T06:00:00Z,16.21,93.08,65.8,970.8,41.21,8.98,1,Very Severe Cyclonic Storm
CYC-2023-NIO-049,Dana,Bay of Bengal,2024-02-03T12:00:00Z,16.8,93.41,68.5,974.1,37.85,21.27,1,Very Severe Cyclonic Storm
CYC-2023-NIO-049,Dana,Bay of Bengal,2024-02-03T18:00:00Z,17.4,93.75,76.0,962.5,49.52,15.44,1,Very Severe Cyclonic Storm
CYC-2023-NIO-049,Dana,Bay of Bengal,2024-02-04T00:00:00Z,17.92,94.25,80.2,958.4,53.61,16.46,1,Very Severe Cyclonic Storm
CYC-2023-NIO-049,Dana,Bay of Bengal,2024-02-04T06:00:00Z,18.54,94.64,76.2,967.6,44.44,19.53,1,Very Severe Cyclonic Storm
CYC-2023-NIO-049,Dana,Bay of Bengal,2024-02-04T12:00:00Z,19.2,94.97,68.7,962.2,49.82,10.37,1,Very Severe Cyclonic Storm
CYC-2023-NIO-049,Dana,Bay of Bengal,2024-02-04T18:00:00Z,19.81,95.2,61.7,975.9,36.08,19.29,1,Severe Cyclonic Storm
CYC-2023-NIO-049,Dana,Bay of Bengal,2024-02-05T00:00:00Z,20.31,95.66,50.9,983.1,28.95,14.68,1,Severe Cyclonic Storm
CYC-2023-NIO-049,Dana,Bay of Bengal,2024-02-05T06:00:00Z,20.9,96.13,43.8,988.8,23.25,22.32,0,Cyclonic Storm
CYC-2023-NIO-049,Dana,Bay of Bengal,2024-02-05T12:00:00Z,21.4,96.5,35.8,991.2,20.77,13.12,0,Cyclonic Storm
CYC-2023-NIO-049,Dana,Bay of Bengal,2024-02-05T18:00:00Z,21.9,96.88,33.7,996.4,15.62,11.38,0,Deep Depression
CYC-2023-NIO-049,Dana,Bay of Bengal,2024-02-06T00:00:00Z,22.4,97.16,28.3,998.3,13.65,11.92,0,Deep Depression
CYC-2024-NIO-050,Amphan,Bay of Bengal,2024-03-16T06:00:00Z,11.87,87.5,32.0,998.7,13.28,10.33,0,Deep Depression
CYC-2024-NIO-050,Amphan,Bay of Bengal,2024-03-16T12:00:00Z,12.35,87.67,38.9,989.0,22.98,16.44,0,Cyclonic Storm
CYC-2024-NIO-050,Amphan,Bay of Bengal,2024-03-16T18:00:00Z,12.99,87.86,44.5,982.9,29.07,20.1,0,Cyclonic Storm
CYC-2024-NIO-050,Amphan,Bay of Bengal,2024-03-17T00:00:00Z,13.48,88.07,56.4,977.5,34.53,20.46,1,Severe Cyclonic Storm
CYC-2024-NIO-050,Amphan,Bay of Bengal,2024-03-17T06:00:00Z,14.14,88.28,63.3,976.1,35.91,9.76,1,Severe Cyclonic Storm
CYC-2024-NIO-050,Amphan,Bay of Bengal,2024-03-17T12:00:00Z,14.64,88.5,72.2,971.6,40.44,21.47,1,Very Severe Cyclonic Storm
CYC-2024-NIO-050,Amphan,Bay of Bengal,2024-03-17T18:00:00Z,15.11,88.59,80.0,964.2,47.84,19.62,1,Very Severe Cyclonic Storm
CYC-2024-NIO-050,Amphan,Bay of Bengal,2024-03-18T00:00:00Z,15.65,88.87,86.6,962.1,49.85,13.16,1,Very Severe Cyclonic Storm
CYC-2024-NIO-050,Amphan,Bay of Bengal,2024-03-18T06:00:00Z,16.27,89.05,90.9,958.3,53.71,12.27,1,Extremely Severe Cyclonic Storm
CYC-2024-NIO-050,Amphan,Bay of Bengal,2024-03-18T12:00:00Z,16.94,89.4,98.8,959.6,52.42,12.36,1,Extremely Severe Cyclonic Storm
CYC-2024-NIO-050,Amphan,Bay of Bengal,2024-03-18T18:00:00Z,17.53,89.5,107.8,954.0,57.97,19.81,1,Extremely Severe Cyclonic Storm
CYC-2024-NIO-050,Amphan,Bay of Bengal,2024-03-19T00:00:00Z,18.01,89.7,93.2,955.6,56.42,22.36,1,Extremely Severe Cyclonic Storm
CYC-2024-NIO-050,Amphan,Bay of Bengal,2024-03-19T06:00:00Z,18.64,89.8,77.0,968.1,43.93,20.73,1,Very Severe Cyclonic Storm
CYC-2024-NIO-050,Amphan,Bay of Bengal,2024-03-19T12:00:00Z,19.17,89.98,66.0,969.9,42.13,14.99,1,Very Severe Cyclonic Storm
CYC-2024-NIO-050,Amphan,Bay of Bengal,2024-03-19T18:00:00Z,19.78,90.03,56.3,980.0,32.04,18.24,1,Severe Cyclonic Storm
CYC-2024-NIO-050,Amphan,Bay of Bengal,2024-03-20T00:00:00Z,20.33,90.17,42.7,986.8,25.18,8.88,0,Cyclonic Storm
CYC-2024-NIO-050,Amphan,Bay of Bengal,2024-03-20T06:00:00Z,21.02,90.3,27.6,994.8,17.25,10.87,0,Depression
CYC-2024-NIO-050,Amphan,Bay of Bengal,2024-03-20T12:00:00Z,21.57,90.52,20.0,998.6,13.42,17.02,0,Depression
CYC-2024-NIO-050,Amphan,Bay of Bengal,2024-03-20T18:00:00Z,22.27,90.71,20.0,1001.1,10.89,18.79,0,Depression
CYC-2024-NIO-051,Fani,Arabian Sea,2024-04-15T00:00:00Z,11.6,65.37,37.4,992.8,19.22,18.71,0,Cyclonic Storm
CYC-2024-NIO-051,Fani,Arabian Sea,2024-04-15T06:00:00Z,12.13,65.26,39.2,988.6,23.37,9.3,0,Cyclonic Storm
CYC-2024-NIO-051,Fani,Arabian Sea,2024-04-15T12:00:00Z,12.7,65.12,44.5,985.9,26.14,21.45,0,Cyclonic Storm
CYC-2024-NIO-051,Fani,Arabian Sea,2024-04-15T18:00:00Z,13.12,65.07,49.2,982.1,29.89,12.78,1,Severe Cyclonic Storm
CYC-2024-NIO-051,Fani,Arabian Sea,2024-04-16T00:00:00Z,13.7,65.03,50.7,987.9,24.12,22.92,1,Severe Cyclonic Storm
CYC-2024-NIO-051,Fani,Arabian Sea,2024-04-16T06:00:00Z,14.11,64.95,50.4,985.4,26.63,12.7,1,Severe Cyclonic Storm
CYC-2024-NIO-051,Fani,Arabian Sea,2024-04-16T12:00:00Z,14.72,64.78,56.8,977.9,34.05,14.27,1,Severe Cyclonic Storm
CYC-2024-NIO-051,Fani,Arabian Sea,2024-04-16T18:00:00Z,15.29,64.64,58.3,975.6,36.43,21.69,1,Severe Cyclonic Storm
CYC-2024-NIO-051,Fani,Arabian Sea,2024-04-17T00:00:00Z,15.74,64.54,62.3,972.0,39.95,15.26,1,Severe Cyclonic Storm
CYC-2024-NIO-051,Fani,Arabian Sea,2024-04-17T06:00:00Z,16.16,64.48,64.8,966.5,45.47,21.51,1,Very Severe Cyclonic Storm
CYC-2024-NIO-051,Fani,Arabian Sea,2024-04-17T12:00:00Z,16.64,64.21,66.4,981.7,30.29,15.35,1,Very Severe Cyclonic Storm
CYC-2024-NIO-051,Fani,Arabian Sea,2024-04-17T18:00:00Z,17.26,63.92,71.7,973.8,38.17,9.13,1,Very Severe Cyclonic Storm
CYC-2024-NIO-051,Fani,Arabian Sea,2024-04-18T00:00:00Z,17.82,63.78,77.6,966.8,45.23,16.91,1,Very Severe Cyclonic Storm
CYC-2024-NIO-051,Fani,Arabian Sea,2024-04-18T06:00:00Z,18.32,63.53,77.1,959.1,52.95,10.01,1,Very Severe Cyclonic Storm
CYC-2024-NIO-051,Fani,Arabian Sea,2024-04-18T12:00:00Z,19.01,63.41,79.2,969.4,42.58,14.58,1,Very Severe Cyclonic Storm
CYC-2024-NIO-051,Fani,Arabian Sea,2024-04-18T18:00:00Z,19.59,63.19,82.4,959.4,52.62,21.48,1,Very Severe Cyclonic Storm
CYC-2024-NIO-051,Fani,Arabian Sea,2024-04-19T00:00:00Z,20.15,63.01,85.4,957.4,54.59,12.0,1,Very Severe Cyclonic Storm
CYC-2024-NIO-051,Fani,Arabian Sea,2024-04-19T06:00:00Z,20.68,62.96,88.2,954.8,57.17,14.53,1,Very Severe Cyclonic Storm
CYC-2024-NIO-051,Fani,Arabian Sea,2024-04-19T12:00:00Z,21.27,62.84,87.3,956.8,55.17,8.23,1,Very Severe Cyclonic Storm
CYC-2024-NIO-051,Fani,Arabian Sea,2024-04-19T18:00:00Z,21.64,62.81,86.8,958.1,53.88,14.88,1,Very Severe Cyclonic Storm
CYC-2024-NIO-051,Fani,Arabian Sea,2024-04-20T00:00:00Z,22.27,62.7,85.4,965.4,46.55,17.77,1,Very Severe Cyclonic Storm
CYC-2024-NIO-051,Fani,Arabian Sea,2024-04-20T06:00:00Z,22.68,62.52,85.4,953.6,58.45,19.95,1,Very Severe Cyclonic Storm
CYC-2024-NIO-051,Fani,Arabian Sea,2024-04-20T12:00:00Z,23.2,62.3,82.6,973.8,38.18,19.71,1,Very Severe Cyclonic Storm
CYC-2024-NIO-051,Fani,Arabian Sea,2024-04-20T18:00:00Z,23.77,62.14,72.5,965.7,46.26,21.21,1,Very Severe Cyclonic Storm
CYC-2024-NIO-051,Fani,Arabian Sea,2024-04-21T00:00:00Z,24.26,61.98,69.5,977.7,34.26,22.34,1,Very Severe Cyclonic Storm
CYC-2024-NIO-051,Fani,Arabian Sea,2024-04-21T06:00:00Z,24.78,61.85,70.5,963.3,48.65,13.19,1,Very Severe Cyclonic Storm
CYC-2024-NIO-051,Fani,Arabian Sea,2024-04-21T12:00:00Z,25.36,61.76,68.6,970.7,41.27,12.95,1,Very Severe Cyclonic Storm
CYC-2024-NIO-051,Fani,Arabian Sea,2024-04-21T18:00:00Z,25.95,61.56,62.2,978.2,33.81,14.92,1,Severe Cyclonic Storm
CYC-2024-NIO-051,Fani,Arabian Sea,2024-04-22T00:00:00Z,26.55,61.54,59.5,982.4,29.64,15.57,1,Severe Cyclonic Storm
CYC-2024-NIO-051,Fani,Arabian Sea,2024-04-22T06:00:00Z,27.01,61.42,55.1,978.7,33.27,8.6,1,Severe Cyclonic Storm
CYC-2024-NIO-051,Fani,Arabian Sea,2024-04-22T12:00:00Z,27.44,61.18,53.7,980.9,31.11,18.06,1,Severe Cyclonic Storm
CYC-2024-NIO-051,Fani,Arabian Sea,2024-04-22T18:00:00Z,27.89,61.12,52.8,979.8,32.21,13.62,1,Severe Cyclonic Storm
CYC-2024-NIO-052,Hudhud,Bay of Bengal,2024-05-31T00:00:00Z,8.44,85.16,39.4,985.8,26.22,8.91,0,Cyclonic Storm
CYC-2024-NIO-052,Hudhud,Bay of Bengal,2024-05-31T06:00:00Z,9.02,85.62,48.5,984.8,27.15,10.4,1,Severe Cyclonic Storm
CYC-2024-NIO-052,Hudhud,Bay of Bengal,2024-05-31T12:00:00Z,9.53,85.98,60.5,972.6,39.38,8.5,1,Severe Cyclonic Storm
CYC-2024-NIO-052,Hudhud,Bay of Bengal,2024-05-31T18:00:00Z,10.17,86.35,65.3,973.1,38.94,22.75,1,Very Severe Cyclonic Storm
CYC-2024-NIO-052,Hudhud,Bay of Bengal,2024-06-01T00:00:00Z,10.81,86.8,70.6,972.2,39.81,11.38,1,Very Severe Cyclonic Storm
CYC-2024-NIO-052,Hudhud,Bay of Bengal,2024-06-01T06:00:00Z,11.3,87.24,80.7,962.3,49.68,20.54,1,Very Severe Cyclonic Storm
CYC-2024-NIO-052,Hudhud,Bay of Bengal,2024-06-01T12:00:00Z,11.98,87.61,88.8,962.7,49.32,11.65,1,Very Severe Cyclonic Storm
CYC-2024-NIO-052,Hudhud,Bay of Bengal,2024-06-01T18:00:00Z,12.48,87.9,95.3,952.5,59.51,11.35,1,Extremely Severe Cyclonic Storm
CYC-2024-NIO-052,Hudhud,Bay of Bengal,2024-06-02T00:00:00Z,13.12,88.28,103.1,947.9,64.05,19.0,1,Extremely Severe Cyclonic Storm
CYC-2024-NIO-052,Hudhud,Bay of Bengal,2024-06-02T06:00:00Z,13.54,88.74,108.6,950.2,61.76,19.1,1,Extremely Severe Cyclonic Storm
CYC-2024-NIO-052,Hudhud,Bay of Bengal,2024-06-02T12:00:00Z,14.28,89.06,117.2,937.3,74.67,20.36,1,Extremely Severe Cyclonic Storm
CYC-2024-NIO-052,Hudhud,Bay of Bengal,2024-06-02T18:00:00Z,15.03,89.41,126.3,935.8,76.21,15.97,1,Super Cyclonic Storm
CYC-2024-NIO-052,Hudhud,Bay of Bengal,2024-06-03T00:00:00Z,15.64,89.83,130.6,931.7,80.27,14.5,1,Super Cyclonic Storm
CYC-2024-NIO-052,Hudhud,Bay of Bengal,2024-06-03T06:00:00Z,16.17,90.26,140.6,928.1,83.92,13.66,1,Super Cyclonic Storm
CYC-2024-NIO-052,Hudhud,Bay of Bengal,2024-06-03T12:00:00Z,16.63,90.7,129.6,933.3,78.7,9.58,1,Super Cyclonic Storm
CYC-2024-NIO-052,Hudhud,Bay of Bengal,2024-06-03T18:00:00Z,17.26,91.05,118.7,940.6,71.4,23.68,1,Extremely Severe Cyclonic Storm
CYC-2024-NIO-052,Hudhud,Bay of Bengal,2024-06-04T00:00:00Z,17.8,91.58,107.4,945.3,66.74,8.5,1,Extremely Severe Cyclonic Storm
CYC-2024-NIO-052,Hudhud,Bay of Bengal,2024-06-04T06:00:00Z,18.36,91.95,96.8,954.3,57.75,20.82,1,Extremely Severe Cyclonic Storm
CYC-2024-NIO-052,Hudhud,Bay of Bengal,2024-06-04T12:00:00Z,18.8,92.25,86.5,953.8,58.22,16.83,1,Very Severe Cyclonic Storm
CYC-2024-NIO-052,Hudhud,Bay of Bengal,2024-06-04T18:00:00Z,19.26,92.7,81.1,962.4,49.61,15.19,1,Very Severe Cyclonic Storm
CYC-2024-NIO-052,Hudhud,Bay of Bengal,2024-06-05T00:00:00Z,19.69,93.23,66.6,969.7,42.28,18.97,1,Very Severe Cyclonic Storm
CYC-2024-NIO-052,Hudhud,Bay of Bengal,2024-06-05T06:00:00Z,20.22,93.67,52.6,987.6,24.41,13.92,1,Severe Cyclonic Storm
CYC-2024-NIO-052,Hudhud,Bay of Bengal,2024-06-05T12:00:00Z,20.64,94.04,43.0,984.4,27.61,9.69,0,Cyclonic Storm
CYC-2024-NIO-053,Vardah,Bay of Bengal,2024-06-30T18:00:00Z,7.73,91.07,39.9,987.1,24.94,14.55,0,Cyclonic Storm
CYC-2024-NIO-053,Vardah,Bay of Bengal,2024-07-01T00:00:00Z,8.25,91.22,50.9,979.0,32.98,20.21,1,Severe Cyclonic Storm
CYC-2024-NIO-053,Vardah,Bay of Bengal,2024-07-01T06:00:00Z,8.85,91.33,57.8,976.0,35.97,18.03,1,Severe Cyclonic Storm
CYC-2024-NIO-053,Vardah,Bay of Bengal,2024-07-01T12:00:00Z,9.35,91.48,63.3,973.2,38.8,19.84,1,Severe Cyclonic Storm
CYC-2024-NIO-053,Vardah,Bay of Bengal,2024-07-01T18:00:00Z,9.98,91.56,75.5,968.4,43.59,23.83,1,Very Severe Cyclonic Storm
CYC-2024-NIO-053,Vardah,Bay of Bengal,2024-07-02T00:00:00Z,10.54,91.68,84.5,959.3,52.69,21.42,1,Very Severe Cyclonic Storm
CYC-2024-NIO-053,Vardah,Bay of Bengal,2024-07-02T06:00:00Z,11.1,91.76,97.6,961.2,50.81,15.6,1,Extremely Severe Cyclonic Storm
CYC-2024-NIO-053,Vardah,Bay of Bengal,2024-07-02T12:00:00Z,11.63,91.9,109.0,940.4,71.56,19.06,1,Extremely Severe Cyclonic Storm
CYC-2024-NIO-053,Vardah,Bay of Bengal,2024-07-02T18:00:00Z,12.26,92.01,115.1,936.8,75.16,8.58,1,Extremely Severe Cyclonic Storm
CYC-2024-NIO-053,Vardah,Bay of Bengal,2024-07-03T00:00:00Z,12.96,92.16,124.0,934.9,77.12,20.5,1,Super Cyclonic Storm
CYC-2024-NIO-053,Vardah,Bay of Bengal,2024-07-03T06:00:00Z,13.42,92.23,131.5,935.5,76.51,22.33,1,Super Cyclonic Storm
CYC-2024-NIO-053,Vardah,Bay of Bengal,2024-07-03T12:00:00Z,14.0,92.3,143.2,926.0,85.95,10.02,1,Super Cyclonic Storm
CYC-2024-NIO-053,Vardah,Bay of Bengal,2024-07-03T18:00:00Z,14.62,92.57,132.6,919.4,92.59,19.55,1,Super Cyclonic Storm
CYC-2024-NIO-053,Vardah,Bay of Bengal,2024-07-04T00:00:00Z,15.3,92.79,120.1,937.1,74.94,18.55,1,Super Cyclonic Storm
CYC-2024-NIO-053,Vardah,Bay of Bengal,2024-07-04T06:00:00Z,15.83,92.89,107.6,942.8,69.22,23.86,1,Extremely Severe Cyclonic Storm
CYC-2024-NIO-053,Vardah,Bay of Bengal,2024-07-04T12:00:00Z,16.28,93.02,96.6,949.2,62.79,8.32,1,Extremely Severe Cyclonic Storm
CYC-2024-NIO-053,Vardah,Bay of Bengal,2024-07-04T18:00:00Z,16.87,93.08,83.3,960.3,51.7,13.61,1,Very Severe Cyclonic Storm
CYC-2024-NIO-053,Vardah,Bay of Bengal,2024-07-05T00:00:00Z,17.46,93.32,67.5,978.7,33.32,18.94,1,Very Severe Cyclonic Storm
CYC-2024-NIO-053,Vardah,Bay of Bengal,2024-07-05T06:00:00Z,18.01,93.37,54.3,985.4,26.64,23.15,1,Severe Cyclonic Storm
CYC-2024-NIO-053,Vardah,Bay of Bengal,2024-07-05T12:00:00Z,18.65,93.48,42.2,992.2,19.8,9.7,0,Cyclonic Storm
CYC-2024-NIO-054,Gaja,Arabian Sea,2024-08-22T18:00:00Z,8.59,71.18,32.5,984.7,27.33,13.19,0,Deep Depression
CYC-2024-NIO-054,Gaja,Arabian Sea,2024-08-23T00:00:00Z,8.98,71.08,37.7,988.5,23.5,9.63,0,Cyclonic Storm
CYC-2024-NIO-054,Gaja,Arabian Sea,2024-08-23T06:00:00Z,9.48,70.95,41.5,993.9,18.06,18.95,0,Cyclonic Storm
CYC-2024-NIO-054,Gaja,Arabian Sea,2024-08-23T12:00:00Z,10.0,70.84,45.7,982.7,29.27,20.65,0,Cyclonic Storm
CYC-2024-NIO-054,Gaja,Arabian Sea,2024-08-23T18:00:00Z,10.45,70.88,48.8,979.7,32.34,23.94,1,Severe Cyclonic Storm
CYC-2024-NIO-054,Gaja,Arabian Sea,2024-08-24T00:00:00Z,10.83,70.79,53.3,974.1,37.86,15.62,1,Severe Cyclonic Storm
CYC-2024-NIO-054,Gaja,Arabian Sea,2024-08-24T06:00:00Z,11.3,70.64,56.8,987.7,24.29,21.05,1,Severe Cyclonic Storm
CYC-2024-NIO-054,Gaja,Arabian Sea,2024-08-24T12:00:00Z,11.62,70.61,61.8,978.1,33.86,10.62,1,Severe Cyclonic Storm
CYC-2024-NIO-054,Gaja,Arabian Sea,2024-08-24T18:00:00Z,11.93,70.62,68.0,973.6,38.37,20.75,1,Very Severe Cyclonic Storm
CYC-2024-NIO-054,Gaja,Arabian Sea,2024-08-25T00:00:00Z,12.39,70.62,66.8,965.0,46.97,20.55,1,Very Severe Cyclonic Storm
CYC-2024-NIO-054,Gaja,Arabian Sea,2024-08-25T06:00:00Z,12.8,70.52,59.6,977.6,34.35,23.3,1,Severe Cyclonic Storm
CYC-2024-NIO-054,Gaja,Arabian Sea,2024-08-25T12:00:00Z,13.12,70.55,53.2,978.4,33.56,16.22,1,Severe Cyclonic Storm
CYC-2024-NIO-054,Gaja,Arabian Sea,2024-08-25T18:00:00Z,13.49,70.5,43.2,988.0,24.05,23.89,0,Cyclonic Storm
CYC-2024-NIO-054,Gaja,Arabian Sea,2024-08-26T00:00:00Z,13.95,70.53,36.8,990.0,22.01,18.24,0,Cyclonic Storm
CYC-2024-NIO-054,Gaja,Arabian Sea,2024-08-26T06:00:00Z,14.34,70.55,31.7,988.7,23.25,16.7,0,Deep Depression
CYC-2024-NIO-054,Gaja,Arabian Sea,2024-08-26T12:00:00Z,14.68,70.58,22.4,1002.7,9.33,16.94,0,Depression
CYC-2024-NIO-055,Titli,Bay of Bengal,2024-10-09T18:00:00Z,10.05,87.19,32.9,997.4,14.61,10.88,0,Deep Depression
CYC-2024-NIO-055,Titli,Bay of Bengal,2024-10-10T00:00:00Z,10.47,87.17,39.6,990.6,21.37,8.53,0,Cyclonic Storm
CYC-2024-NIO-055,Titli,Bay of Bengal,2024-10-10T06:00:00Z,11.03,87.12,45.1,989.6,22.41,11.16,0,Cyclonic Storm
CYC-2024-NIO-055,Titli,Bay of Bengal,2024-10-10T12:00:00Z,11.32,87.02,48.9,982.8,29.17,10.54,1,Severe Cyclonic Storm
CYC-2024-NIO-055,Titli,Bay of Bengal,2024-10-10T18:00:00Z,11.69,87.03,53.5,973.7,38.3,16.27,1,Severe Cyclonic Storm
CYC-2024-NIO-055,Titli,Bay of Bengal,2024-10-11T00:00:00Z,12.05,87.14,59.7,981.2,30.78,9.81,1,Severe Cyclonic Storm
CYC-2024-NIO-055,Titli,Bay of Bengal,2024-10-11T06:00:00Z,12.42,87.03,67.8,968.8,43.2,17.29,1,Very Severe Cyclonic Storm
CYC-2024-NIO-055,Titli,Bay of Bengal,2024-10-11T12:00:00Z,12.71,86.98,73.8,961.9,50.1,14.78,1,Very Severe Cyclonic Storm
CYC-2024-NIO-055,Titli,Bay of Bengal,2024-10-11T18:00:00Z,12.99,86.97,80.8,965.2,46.8,12.13,1,Very Severe Cyclonic Storm
CYC-2024-NIO-055,Titli,Bay of Bengal,2024-10-12T00:00:00Z,13.41,86.96,87.9,952.5,59.55,9.44,1,Very Severe Cyclonic Storm
CYC-2024-NIO-055,Titli,Bay of Bengal,2024-10-12T06:00:00Z,13.74,86.96,94.4,959.2,52.81,17.44,1,Extremely Severe Cyclonic Storm
CYC-2024-NIO-055,Titli,Bay of Bengal,2024-10-12T12:00:00Z,14.21,86.93,99.6,954.6,57.36,22.9,1,Extremely Severe Cyclonic Storm
CYC-2024-NIO-055,Titli,Bay of Bengal,2024-10-12T18:00:00Z,14.68,87.1,101.9,950.0,62.03,8.06,1,Extremely Severe Cyclonic Storm
CYC-2024-NIO-055,Titli,Bay of Bengal,2024-10-13T00:00:00Z,15.07,86.96,105.2,940.3,71.65,23.69,1,Extremely Severe Cyclonic Storm
CYC-2024-NIO-055,Titli,Bay of Bengal,2024-10-13T06:00:00Z,15.41,86.78,111.1,951.1,60.86,20.17,1,Extremely Severe Cyclonic Storm
CYC-2024-NIO-055,Titli,Bay of Bengal,2024-10-13T12:00:00Z,15.81,86.67,114.7,940.2,71.78,8.18,1,Extremely Severe Cyclonic Storm
CYC-2024-NIO-055,Titli,Bay of Bengal,2024-10-13T18:00:00Z,16.16,86.6,109.0,945.0,66.97,11.19,1,Extremely Severe Cyclonic Storm
CYC-2024-NIO-055,Titli,Bay of Bengal,2024-10-14T00:00:00Z,16.5,86.59,102.2,944.3,67.71,8.35,1,Extremely Severe Cyclonic Storm
CYC-2024-NIO-055,Titli,Bay of Bengal,2024-10-14T06:00:00Z,16.79,86.72,96.8,951.3,60.75,18.46,1,Extremely Severe Cyclonic Storm
CYC-2024-NIO-055,Titli,Bay of Bengal,2024-10-14T12:00:00Z,17.08,86.68,87.7,966.6,45.36,21.74,1,Very Severe Cyclonic Storm
CYC-2024-NIO-055,Titli,Bay of Bengal,2024-10-14T18:00:00Z,17.49,86.64,82.0,964.2,47.84,19.12,1,Very Severe Cyclonic Storm
CYC-2024-NIO-055,Titli,Bay of Bengal,2024-10-15T00:00:00Z,17.92,86.62,73.5,964.1,47.87,14.11,1,Very Severe Cyclonic Storm
CYC-2024-NIO-055,Titli,Bay of Bengal,2024-10-15T06:00:00Z,18.3,86.63,63.8,971.2,40.82,23.93,1,Severe Cyclonic Storm
CYC-2024-NIO-055,Titli,Bay of Bengal,2024-10-15T12:00:00Z,18.65,86.48,60.9,976.2,35.83,8.24,1,Severe Cyclonic Storm
CYC-2024-NIO-055,Titli,Bay of Bengal,2024-10-15T18:00:00Z,18.98,86.4,56.5,977.2,34.77,21.97,1,Severe Cyclonic Storm
CYC-2024-NIO-055,Titli,Bay of Bengal,2024-10-16T00:00:00Z,19.33,86.4,45.7,989.7,22.26,23.3,0,Cyclonic Storm
CYC-2024-NIO-055,Titli,Bay of Bengal,2024-10-16T06:00:00Z,19.79,86.45,38.0,985.6,26.41,11.71,0,Cyclonic Storm
CYC-2024-NIO-056,Nivar,Bay of Bengal,2024-11-13T12:00:00Z,9.61,91.51,40.5,992.0,20.05,22.83,0,Cyclonic Storm
CYC-2024-NIO-056,Nivar,Bay of Bengal,2024-11-13T18:00:00Z,10.06,91.98,44.1,986.5,25.46,13.76,0,Cyclonic Storm
CYC-2024-NIO-056,Nivar,Bay of Bengal,2024-11-14T00:00:00Z,10.41,92.45,47.8,978.9,33.1,15.73,0,Cyclonic Storm
CYC-2024-NIO-056,Nivar,Bay of Bengal,2024-11-14T06:00:00Z,10.7,92.74,52.0,975.8,36.2,20.7,1,Severe Cyclonic Storm
CYC-2024-NIO-056,Nivar,Bay of Bengal,2024-11-14T12:00:00Z,11.0,93.15,60.1,975.5,36.53,16.48,1,Severe Cyclonic Storm
CYC-2024-NIO-056,Nivar,Bay of Bengal,2024-11-14T18:00:00Z,11.48,93.43,61.4,968.3,43.67,17.23,1,Severe Cyclonic Storm
CYC-2024-NIO-056,Nivar,Bay of Bengal,2024-11-15T00:00:00Z,11.81,93.79,67.4,976.5,35.51,21.07,1,Very Severe Cyclonic Storm
CYC-2024-NIO-056,Nivar,Bay of Bengal,2024-11-15T06:00:00Z,12.03,94.26,72.7,970.5,41.5,21.53,1,Very Severe Cyclonic Storm
CYC-2024-NIO-056,Nivar,Bay of Bengal,2024-11-15T12:00:00Z,12.38,94.68,77.0,966.4,45.56,13.71,1,Very Severe Cyclonic Storm
CYC-2024-NIO-056,Nivar,Bay of Bengal,2024-11-15T18:00:00Z,12.65,95.0,79.5,971.5,40.49,23.45,1,Very Severe Cyclonic Storm
CYC-2024-NIO-056,Nivar,Bay of Bengal,2024-11-16T00:00:00Z,13.09,95.44,82.8,961.4,50.59,15.81,1,Very Severe Cyclonic Storm
CYC-2024-NIO-056,Nivar,Bay of Bengal,2024-11-16T06:00:00Z,13.37,95.78,86.9,962.2,49.76,10.8,1,Very Severe Cyclonic Storm
CYC-2024-NIO-056,Nivar,Bay of Bengal,2024-11-16T12:00:00Z,13.67,96.09,93.6,950.7,61.25,12.7,1,Extremely Severe Cyclonic Storm
CYC-2024-NIO-056,Nivar,Bay of Bengal,2024-11-16T18:00:00Z,13.98,96.45,96.5,952.8,59.17,8.3,1,Extremely Severe Cyclonic Storm
CYC-2024-NIO-056,Nivar,Bay of Bengal,2024-11-17T00:00:00Z,14.31,96.86,102.1,953.2,58.78,16.61,1,Extremely Severe Cyclonic Storm
CYC-2024-NIO-056,Nivar,Bay of Bengal,2024-11-17T06:00:00Z,14.6,97.21,107.6,953.4,58.6,18.49,1,Extremely Severe Cyclonic Storm
CYC-2024-NIO-056,Nivar,Bay of Bengal,2024-11-17T12:00:00Z,14.94,97.56,115.2,942.8,69.2,21.17,1,Extremely Severe Cyclonic Storm
CYC-2024-NIO-056,Nivar,Bay of Bengal,2024-11-17T18:00:00Z,15.3,98.03,118.1,942.0,70.02,15.81,1,Extremely Severe Cyclonic Storm
CYC-2024-NIO-056,Nivar,Bay of Bengal,2024-11-18T00:00:00Z,15.62,98.34,113.9,936.4,75.58,17.15,1,Extremely Severe Cyclonic Storm
CYC-2024-NIO-056,Nivar,Bay of Bengal,2024-11-18T06:00:00Z,15.96,98.79,102.1,951.4,60.56,9.64,1,Extremely Severe Cyclonic Storm
CYC-2024-NIO-056,Nivar,Bay of Bengal,2024-11-18T12:00:00Z,16.34,99.27,94.8,957.1,54.92,13.53,1,Extremely Severe Cyclonic Storm
CYC-2024-NIO-056,Nivar,Bay of Bengal,2024-11-18T18:00:00Z,16.66,99.53,92.6,955.7,56.34,22.31,1,Extremely Severe Cyclonic Storm
CYC-2024-NIO-056,Nivar,Bay of Bengal,2024-11-19T00:00:00Z,17.04,99.92,85.7,965.9,46.08,23.15,1,Very Severe Cyclonic Storm
CYC-2024-NIO-056,Nivar,Bay of Bengal,2024-11-19T06:00:00Z,17.48,100.31,82.7,956.3,55.67,14.69,1,Very Severe Cyclonic Storm
CYC-2024-NIO-056,Nivar,Bay of Bengal,2024-11-19T12:00:00Z,18.0,100.85,81.4,963.0,48.96,22.84,1,Very Severe Cyclonic Storm
CYC-2024-NIO-056,Nivar,Bay of Bengal,2024-11-19T18:00:00Z,18.22,101.37,72.1,971.5,40.52,23.37,1,Very Severe Cyclonic Storm
CYC-2024-NIO-056,Nivar,Bay of Bengal,2024-11-20T00:00:00Z,18.5,101.76,68.3,960.2,51.82,22.35,1,Very Severe Cyclonic Storm
CYC-2024-NIO-056,Nivar,Bay of Bengal,2024-11-20T06:00:00Z,18.9,102.14,60.9,975.4,36.6,8.13,1,Severe Cyclonic Storm
CYC-2024-NIO-056,Nivar,Bay of Bengal,2024-11-20T12:00:00Z,19.29,102.44,54.5,973.2,38.8,16.73,1,Severe Cyclonic Storm
CYC-2024-NIO-056,Nivar,Bay of Bengal,2024-11-20T18:00:00Z,19.85,102.83,49.0,978.3,33.72,22.47,1,Severe Cyclonic Storm
CYC-2024-NIO-056,Nivar,Bay of Bengal,2024-11-21T00:00:00Z,20.19,103.3,44.7,992.1,19.94,18.38,0,Cyclonic Storm
CYC-2024-NIO-057,Tauktae,Arabian Sea,2024-12-12T06:00:00Z,8.15,70.33,27.6,1005.3,6.69,17.17,0,Depression
CYC-2024-NIO-057,Tauktae,Arabian Sea,2024-12-12T12:00:00Z,8.36,70.11,31.7,986.1,25.94,19.9,0,Deep Depression
CYC-2024-NIO-057,Tauktae,Arabian Sea,2024-12-12T18:00:00Z,8.6,69.96,37.5,992.0,20.03,12.63,0,Cyclonic Storm
CYC-2024-NIO-057,Tauktae,Arabian Sea,2024-12-13T00:00:00Z,8.84,69.95,45.5,985.7,26.27,22.13,0,Cyclonic Storm
CYC-2024-NIO-057,Tauktae,Arabian Sea,2024-12-13T06:00:00Z,8.99,69.8,48.0,986.0,25.97,14.22,1,Severe Cyclonic Storm
CYC-2024-NIO-057,Tauktae,Arabian Sea,2024-12-13T12:00:00Z,9.32,69.7,49.4,980.5,31.48,13.7,1,Severe Cyclonic Storm
CYC-2024-NIO-057,Tauktae,Arabian Sea,2024-12-13T18:00:00Z,9.56,69.5,51.8,984.3,27.7,15.27,1,Severe Cyclonic Storm
CYC-2024-NIO-057,Tauktae,Arabian Sea,2024-12-14T00:00:00Z,9.88,69.34,54.4,978.6,33.42,9.44,1,Severe Cyclonic Storm
CYC-2024-NIO-057,Tauktae,Arabian Sea,2024-12-14T06:00:00Z,10.32,69.31,55.3,971.2,40.84,8.86,1,Severe Cyclonic Storm
CYC-2024-NIO-057,Tauktae,Arabian Sea,2024-12-14T12:00:00Z,10.7,69.44,57.0,979.6,32.38,12.02,1,Severe Cyclonic Storm
CYC-2024-NIO-057,Tauktae,Arabian Sea,2024-12-14T18:00:00Z,10.97,69.33,58.9,974.1,37.9,15.87,1,Severe Cyclonic Storm
CYC-2024-NIO-057,Tauktae,Arabian Sea,2024-12-15T00:00:00Z,11.35,69.18,63.8,971.8,40.17,20.67,1,Severe Cyclonic Storm
CYC-2024-NIO-057,Tauktae,Arabian Sea,2024-12-15T06:00:00Z,11.63,68.95,66.9,969.0,42.98,12.21,1,Very Severe Cyclonic Storm
CYC-2024-NIO-057,Tauktae,Arabian Sea,2024-12-15T12:00:00Z,11.77,68.9,69.6,974.9,37.12,10.29,1,Very Severe Cyclonic Storm
CYC-2024-NIO-057,Tauktae,Arabian Sea,2024-12-15T18:00:00Z,12.04,68.81,75.3,974.4,37.57,15.55,1,Very Severe Cyclonic Storm
CYC-2024-NIO-057,Tauktae,Arabian Sea,2024-12-16T00:00:00Z,12.48,68.66,68.7,968.2,43.75,22.33,1,Very Severe Cyclonic Storm
CYC-2024-NIO-057,Tauktae,Arabian Sea,2024-12-16T06:00:00Z,12.74,68.64,65.3,971.7,40.3,16.11,1,Very Severe Cyclonic Storm
CYC-2024-NIO-057,Tauktae,Arabian Sea,2024-12-16T12:00:00Z,13.04,68.4,61.3,978.6,33.39,15.69,1,Severe Cyclonic Storm
CYC-2024-NIO-057,Tauktae,Arabian Sea,2024-12-16T18:00:00Z,13.32,68.34,56.0,977.1,34.87,14.43,1,Severe Cyclonic Storm
CYC-2024-NIO-057,Tauktae,Arabian Sea,2024-12-17T00:00:00Z,13.59,68.26,46.8,987.8,24.23,17.38,0,Cyclonic Storm
CYC-2024-NIO-057,Tauktae,Arabian Sea,2024-12-17T06:00:00Z,13.98,67.96,42.4,985.6,26.42,23.88,0,Cyclonic Storm
CYC-2024-NIO-057,Tauktae,Arabian Sea,2024-12-17T12:00:00Z,14.25,67.86,39.8,992.8,19.2,14.26,0,Cyclonic Storm
CYC-2024-NIO-057,Tauktae,Arabian Sea,2024-12-17T18:00:00Z,14.49,67.61,29.8,991.5,20.5,16.18,0,Deep Depression
CYC-2024-NIO-057,Tauktae,Arabian Sea,2024-12-18T00:00:00Z,15.01,67.47,21.1,1000.3,11.73,11.87,0,Depression
CYC-2024-NIO-057,Tauktae,Arabian Sea,2024-12-18T06:00:00Z,15.33,67.32,20.0,1007.8,4.22,8.72,0,Depression
CYC-2024-NIO-057,Tauktae,Arabian Sea,2024-12-18T12:00:00Z,15.63,67.23,20.0,999.8,12.21,11.43,0,Depression
CYC-2024-NIO-058,Yaas,Bay of Bengal,2025-01-17T18:00:00Z,8.57,90.68,42.1,990.2,21.85,13.6,0,Cyclonic Storm
CYC-2024-NIO-058,Yaas,Bay of Bengal,2025-01-18T00:00:00Z,9.09,90.94,47.7,981.1,30.87,17.36,0,Cyclonic Storm
CYC-2024-NIO-058,Yaas,Bay of Bengal,2025-01-18T06:00:00Z,9.58,91.25,57.9,974.9,37.05,19.04,1,Severe Cyclonic Storm
CYC-2024-NIO-058,Yaas,Bay of Bengal,2025-01-18T12:00:00Z,10.19,91.65,64.8,971.9,40.07,12.36,1,Very Severe Cyclonic Storm
CYC-2024-NIO-058,Yaas,Bay of Bengal,2025-01-18T18:00:00Z,10.71,91.96,72.1,965.4,46.63,17.26,1,Very Severe Cyclonic Storm
CYC-2024-NIO-058,Yaas,Bay of Bengal,2025-01-19T00:00:00Z,11.3,92.25,81.7,966.1,45.91,17.71,1,Very Severe Cyclonic Storm
CYC-2024-NIO-058,Yaas,Bay of Bengal,2025-01-19T06:00:00Z,11.95,92.67,91.6,965.4,46.61,23.78,1,Extremely Severe Cyclonic Storm
CYC-2024-NIO-058,Yaas,Bay of Bengal,2025-01-19T12:00:00Z,12.56,93.04,99.1,954.1,57.86,9.34,1,Extremely Severe Cyclonic Storm
CYC-2024-NIO-058,Yaas,Bay of Bengal,2025-01-19T18:00:00Z,13.27,93.14,106.9,952.9,59.1,17.13,1,Extremely Severe Cyclonic Storm
CYC-2024-NIO-058,Yaas,Bay of Bengal,2025-01-20T00:00:00Z,13.76,93.45,117.3,943.2,68.78,10.52,1,Extremely Severe Cyclonic Storm
CYC-2024-NIO-058,Yaas,Bay of Bengal,2025-01-20T06:00:00Z,14.43,93.89,125.3,937.8,74.19,11.64,1,Super Cyclonic Storm
CYC-2024-NIO-058,Yaas,Bay of Bengal,2025-01-20T12:00:00Z,15.0,94.13,136.7,934.9,77.12,9.41,1,Super Cyclonic Storm
CYC-2024-NIO-058,Yaas,Bay of Bengal,2025-01-20T18:00:00Z,15.52,94.51,125.7,928.9,83.11,14.24,1,Super Cyclonic Storm
CYC-2024-NIO-058,Yaas,Bay of Bengal,2025-01-21T00:00:00Z,16.11,94.79,112.5,938.4,73.6,12.39,1,Extremely Severe Cyclonic Storm
CYC-2024-NIO-058,Yaas,Bay of Bengal,2025-01-21T06:00:00Z,16.5,95.16,97.7,947.9,64.11,21.62,1,Extremely Severe Cyclonic Storm
CYC-2024-NIO-058,Yaas,Bay of Bengal,2025-01-21T12:00:00Z,17.11,95.5,85.4,953.9,58.13,15.21,1,Very Severe Cyclonic Storm
CYC-2024-NIO-058,Yaas,Bay of Bengal,2025-01-21T18:00:00Z,17.65,95.79,70.9,976.4,35.63,19.78,1,Very Severe Cyclonic Storm
CYC-2024-NIO-058,Yaas,Bay of Bengal,2025-01-22T00:00:00Z,18.13,96.11,58.3,973.2,38.76,12.4,1,Severe Cyclonic Storm
CYC-2024-NIO-058,Yaas,Bay of Bengal,2025-01-22T06:00:00Z,18.66,96.36,51.2,983.8,28.25,19.53,1,Severe Cyclonic Storm
CYC-2024-NIO-058,Yaas,Bay of Bengal,2025-01-22T12:00:00Z,19.08,96.77,37.3,994.6,17.38,18.2,0,Cyclonic Storm
CYC-2024-NIO-058,Yaas,Bay of Bengal,2025-01-22T18:00:00Z,19.6,97.08,27.7,1001.3,10.68,23.08,0,Depression
CYC-2025-NIO-059,Gulab,Bay of Bengal,2025-02-14T00:00:00Z,10.56,88.47,36.8,993.4,18.61,19.6,0,Cyclonic Storm
CYC-2025-NIO-059,Gulab,Bay of Bengal,2025-02-14T06:00:00Z,11.21,88.34,39.2,984.4,27.65,17.25,0,Cyclonic Storm
CYC-2025-NIO-059,Gulab,Bay of Bengal,2025-02-14T12:00:00Z,11.91,88.28,42.5,980.9,31.12,9.34,0,Cyclonic Storm
CYC-2025-NIO-059,Gulab,Bay of Bengal,2025-02-14T18:00:00Z,12.3,88.3,47.4,987.9,24.09,12.89,0,Cyclonic Storm
CYC-2025-NIO-059,Gulab,Bay of Bengal,2025-02-15T00:00:00Z,12.6,88.28,50.5,982.4,29.62,23.95,1,Severe Cyclonic Storm
CYC-2025-NIO-059,Gulab,Bay of Bengal,2025-02-15T06:00:00Z,12.93,88.15,53.7,985.4,26.61,21.33,1,Severe Cyclonic Storm
CYC-2025-NIO-059,Gulab,Bay of Bengal,2025-02-15T12:00:00Z,13.56,88.07,57.0,980.6,31.45,10.32,1,Severe Cyclonic Storm
CYC-2025-NIO-059,Gulab,Bay of Bengal,2025-02-15T18:00:00Z,14.02,87.89,61.8,973.4,38.64,17.14,1,Severe Cyclonic Storm
CYC-2025-NIO-059,Gulab,Bay of Bengal,2025-02-16T00:00:00Z,14.51,87.89,67.2,976.9,35.1,8.65,1,Very Severe Cyclonic Storm
CYC-2025-NIO-059,Gulab,Bay of Bengal,2025-02-16T06:00:00Z,15.06,87.69,70.8,966.7,45.27,11.22,1,Very Severe Cyclonic Storm
CYC-2025-NIO-059,Gulab,Bay of Bengal,2025-02-16T12:00:00Z,15.5,87.75,69.4,972.0,40.05,12.05,1,Very Severe Cyclonic Storm
CYC-2025-NIO-059,Gulab,Bay of Bengal,2025-02-16T18:00:00Z,15.95,87.7,73.5,974.1,37.95,16.27,1,Very Severe Cyclonic Storm
CYC-2025-NIO-059,Gulab,Bay of Bengal,2025-02-17T00:00:00Z,16.55,87.59,79.8,967.1,44.94,19.56,1,Very Severe Cyclonic Storm
CYC-2025-NIO-059,Gulab,Bay of Bengal,2025-02-17T06:00:00Z,16.99,87.45,80.8,962.1,49.92,20.08,1,Very Severe Cyclonic Storm
CYC-2025-NIO-059,Gulab,Bay of Bengal,2025-02-17T12:00:00Z,17.41,87.36,86.3,960.0,52.03,11.61,1,Very Severe Cyclonic Storm
CYC-2025-NIO-059,Gulab,Bay of Bengal,2025-02-17T18:00:00Z,17.8,87.47,91.3,954.1,57.91,19.23,1,Extremely Severe Cyclonic Storm
CYC-2025-NIO-059,Gulab,Bay of Bengal,2025-02-18T00:00:00Z,18.37,87.42,95.3,953.8,58.19,22.99,1,Extremely Severe Cyclonic Storm
CYC-2025-NIO-059,Gulab,Bay of Bengal,2025-02-18T06:00:00Z,18.96,87.22,99.1,956.8,55.2,19.46,1,Extremely Severe Cyclonic Storm
CYC-2025-NIO-059,Gulab,Bay of Bengal,2025-02-18T12:00:00Z,19.41,87.11,104.7,947.7,64.27,11.56,1,Extremely Severe Cyclonic Storm
CYC-2025-NIO-059,Gulab,Bay of Bengal,2025-02-18T18:00:00Z,19.91,87.07,114.7,950.1,61.89,15.38,1,Extremely Severe Cyclonic Storm
CYC-2025-NIO-059,Gulab,Bay of Bengal,2025-02-19T00:00:00Z,20.38,86.85,107.0,947.9,64.06,23.0,1,Extremely Severe Cyclonic Storm
CYC-2025-NIO-059,Gulab,Bay of Bengal,2025-02-19T06:00:00Z,21.03,86.77,100.2,955.3,56.67,23.39,1,Extremely Severe Cyclonic Storm
CYC-2025-NIO-059,Gulab,Bay of Bengal,2025-02-19T12:00:00Z,21.66,86.6,92.5,956.8,55.24,11.91,1,Extremely Severe Cyclonic Storm
CYC-2025-NIO-059,Gulab,Bay of Bengal,2025-02-19T18:00:00Z,22.16,86.68,82.9,959.3,52.7,16.84,1,Very Severe Cyclonic Storm
CYC-2025-NIO-059,Gulab,Bay of Bengal,2025-02-20T00:00:00Z,22.55,86.72,69.7,968.7,43.3,14.48,1,Very Severe Cyclonic Storm
CYC-2025-NIO-059,Gulab,Bay of Bengal,2025-02-20T06:00:00Z,23.17,86.67,66.7,967.6,44.38,14.51,1,Very Severe Cyclonic Storm
CYC-2025-NIO-059,Gulab,Bay of Bengal,2025-02-20T12:00:00Z,23.75,86.44,59.9,988.6,23.44,10.16,1,Severe Cyclonic Storm
CYC-2025-NIO-059,Gulab,Bay of Bengal,2025-02-20T18:00:00Z,24.14,86.39,48.4,987.3,24.72,14.43,1,Severe Cyclonic Storm
CYC-2025-NIO-059,Gulab,Bay of Bengal,2025-02-21T00:00:00Z,24.64,86.39,42.6,991.6,20.42,23.36,0,Cyclonic Storm
CYC-2025-NIO-059,Gulab,Bay of Bengal,2025-02-21T06:00:00Z,25.16,86.37,36.6,986.9,25.05,12.57,0,Cyclonic Storm
CYC-2025-NIO-059,Gulab,Bay of Bengal,2025-02-21T12:00:00Z,25.7,86.28,31.4,990.6,21.39,11.71,0,Deep Depression
CYC-2025-NIO-059,Gulab,Bay of Bengal,2025-02-21T18:00:00Z,26.21,86.34,24.0,997.3,14.72,14.53,0,Depression
CYC-2025-NIO-059,Gulab,Bay of Bengal,2025-02-22T00:00:00Z,26.72,86.23,20.0,1003.9,8.13,19.66,0,Depression
CYC-2025-NIO-060,Jawad,Arabian Sea,2025-04-11T06:00:00Z,11.23,65.22,35.4,990.6,21.4,9.22,0,Cyclonic Storm
CYC-2025-NIO-060,Jawad,Arabian Sea,2025-04-11T12:00:00Z,11.84,65.13,38.9,994.1,17.9,22.54,0,Cyclonic Storm
CYC-2025-NIO-060,Jawad,Arabian Sea,2025-04-11T18:00:00Z,12.26,65.03,42.5,978.5,33.52,22.57,0,Cyclonic Storm
CYC-2025-NIO-060,Jawad,Arabian Sea,2025-04-12T00:00:00Z,12.73,64.87,41.8,987.9,24.14,22.39,0,Cyclonic Storm
CYC-2025-NIO-060,Jawad,Arabian Sea,2025-04-12T06:00:00Z,13.17,64.84,44.0,989.1,22.94,19.79,0,Cyclonic Storm
CYC-2025-NIO-060,Jawad,Arabian Sea,2025-04-12T12:00:00Z,13.54,64.74,46.6,987.1,24.88,19.75,0,Cyclonic Storm
CYC-2025-NIO-060,Jawad,Arabian Sea,2025-04-12T18:00:00Z,13.98,64.64,49.3,978.6,33.38,19.04,1,Severe Cyclonic Storm
CYC-2025-NIO-060,Jawad,Arabian Sea,2025-04-13T00:00:00Z,14.53,64.46,54.2,983.7,28.34,15.88,1,Severe Cyclonic Storm
CYC-2025-NIO-060,Jawad,Arabian Sea,2025-04-13T06:00:00Z,14.98,64.44,54.2,978.6,33.42,12.92,1,Severe Cyclonic Storm
CYC-2025-NIO-060,Jawad,Arabian Sea,2025-04-13T12:00:00Z,15.44,64.31,55.3,974.6,37.39,20.33,1,Severe Cyclonic Storm
CYC-2025-NIO-060,Jawad,Arabian Sea,2025-04-13T18:00:00Z,15.8,64.16,59.0,974.2,37.78,10.08,1,Severe Cyclonic Storm
CYC-2025-NIO-060,Jawad,Arabian Sea,2025-04-14T00:00:00Z,16.29,63.82,63.8,979.5,32.52,20.97,1,Severe Cyclonic Storm
CYC-2025-NIO-060,Jawad,Arabian Sea,2025-04-14T06:00:00Z,16.74,63.72,65.1,971.2,40.84,12.63,1,Very Severe Cyclonic Storm
CYC-2025-NIO-060,Jawad,Arabian Sea,2025-04-14T12:00:00Z,17.21,63.47,65.6,978.8,33.18,19.51,1,Very Severe Cyclonic Storm
CYC-2025-NIO-060,Jawad,Arabian Sea,2025-04-14T18:00:00Z,17.56,63.3,67.5,971.7,40.32,9.28,1,Very Severe Cyclonic Storm
CYC-2025-NIO-060,Jawad,Arabian Sea,2025-04-15T00:00:00Z,18.06,63.2,64.7,974.2,37.83,21.54,1,Very Severe Cyclonic Storm
CYC-2025-NIO-060,Jawad,Arabian Sea,2025-04-15T06:00:00Z,18.57,63.22,61.7,979.9,32.14,11.54,1,Severe Cyclonic Storm
CYC-2025-NIO-060,Jawad,Arabian Sea,2025-04-15T12:00:00Z,19.26,63.19,51.8,986.5,25.52,23.18,1,Severe Cyclonic Storm
CYC-2025-NIO-060,Jawad,Arabian Sea,2025-04-15T18:00:00Z,19.69,63.06,44.9,985.0,27.0,16.08,0,Cyclonic Storm
CYC-2025-NIO-060,Jawad,Arabian Sea,2025-04-16T00:00:00Z,20.09,62.99,38.8,985.1,26.95,10.64,0,Cyclonic Storm
CYC-2025-NIO-060,Jawad,Arabian Sea,2025-04-16T06:00:00Z,20.44,62.84,31.6,989.2,22.79,13.89,0,Deep Depression
CYC-2025-NIO-060,Jawad,Arabian Sea,2025-04-16T12:00:00Z,20.82,62.75,29.0,999.3,12.66,18.38,0,Deep Depression
CYC-2025-NIO-060,Jawad,Arabian Sea,2025-04-16T18:00:00Z,21.2,62.71,24.4,1001.0,11.04,14.86,0,Depression
CYC-2025-NIO-060,Jawad,Arabian Sea,2025-04-17T00:00:00Z,21.59,62.67,20.0,997.8,14.22,19.13,0,Depression
CYC-2025-NIO-060,Jawad,Arabian Sea,2025-04-17T06:00:00Z,22.02,62.7,20.0,1006.0,6.01,11.38,0,Depression
CYC-2025-NIO-060,Jawad,Arabian Sea,2025-04-17T12:00:00Z,22.48,62.61,20.0,992.4,19.64,18.78,0,Depression
CYC-2025-NIO-061,Mocha,Bay of Bengal,2025-05-24T18:00:00Z,7.76,91.99,36.8,991.2,20.77,21.16,0,Cyclonic Storm
CYC-2025-NIO-061,Mocha,Bay of Bengal,2025-05-25T00:00:00Z,8.37,92.24,52.3,982.2,29.8,10.87,1,Severe Cyclonic Storm
CYC-2025-NIO-061,Mocha,Bay of Bengal,2025-05-25T06:00:00Z,8.83,92.62,62.9,970.3,41.69,19.35,1,Severe Cyclonic Storm
CYC-2025-NIO-061,Mocha,Bay of Bengal,2025-05-25T12:00:00Z,9.4,92.99,74.4,961.8,50.19,15.09,1,Very Severe Cyclonic Storm
CYC-2025-NIO-061,Mocha,Bay of Bengal,2025-05-25T18:00:00Z,10.01,93.35,90.4,956.6,55.45,18.46,1,Extremely Severe Cyclonic Storm
CYC-2025-NIO-061,Mocha,Bay of Bengal,2025-05-26T00:00:00Z,10.49,93.69,101.0,952.2,59.77,18.64,1,Extremely Severe Cyclonic Storm
CYC-2025-NIO-061,Mocha,Bay of Bengal,2025-05-26T06:00:00Z,10.97,94.01,114.5,945.7,66.32,9.51,1,Extremely Severe Cyclonic Storm
CYC-2025-NIO-061,Mocha,Bay of Bengal,2025-05-26T12:00:00Z,11.39,94.41,125.3,943.1,68.89,10.06,1,Super Cyclonic Storm
CYC-2025-NIO-061,Mocha,Bay of Bengal,2025-05-26T18:00:00Z,11.72,94.79,136.3,928.8,83.18,8.18,1,Super Cyclonic Storm
CYC-2025-NIO-061,Mocha,Bay of Bengal,2025-05-27T00:00:00Z,12.22,95.08,146.8,921.5,90.46,9.39,1,Super Cyclonic Storm
CYC-2025-NIO-061,Mocha,Bay of Bengal,2025-05-27T06:00:00Z,12.73,95.42,132.1,931.3,80.66,22.35,1,Super Cyclonic Storm
CYC-2025-NIO-061,Mocha,Bay of Bengal,2025-05-27T12:00:00Z,13.35,95.8,116.5,941.3,70.72,8.13,1,Extremely Severe Cyclonic Storm
CYC-2025-NIO-061,Mocha,Bay of Bengal,2025-05-27T18:00:00Z,13.92,96.03,98.9,960.9,51.13,8.95,1,Extremely Severe Cyclonic Storm
CYC-2025-NIO-061,Mocha,Bay of Bengal,2025-05-28T00:00:00Z,14.47,96.35,80.4,958.9,53.14,23.99,1,Very Severe Cyclonic Storm
CYC-2025-NIO-061,Mocha,Bay of Bengal,2025-05-28T06:00:00Z,15.04,96.55,67.5,973.5,38.46,10.38,1,Very Severe Cyclonic Storm
CYC-2025-NIO-061,Mocha,Bay of Bengal,2025-05-28T12:00:00Z,15.39,96.82,53.2,980.8,31.24,23.55,1,Severe Cyclonic Storm
CYC-2025-NIO-061,Mocha,Bay of Bengal,2025-05-28T18:00:00Z,15.92,97.14,40.8,988.2,23.76,10.41,0,Cyclonic Storm
CYC-2025-NIO-062,Biparjoy,Bay of Bengal,2025-07-05T00:00:00Z,8.35,90.88,35.8,997.4,14.57,21.01,0,Cyclonic Storm
CYC-2025-NIO-062,Biparjoy,Bay of Bengal,2025-07-05T06:00:00Z,8.73,91.04,39.6,979.6,32.44,19.04,0,Cyclonic Storm
CYC-2025-NIO-062,Biparjoy,Bay of Bengal,2025-07-05T12:00:00Z,9.09,91.15,43.4,984.7,27.31,9.8,0,Cyclonic Storm
CYC-2025-NIO-062,Biparjoy,Bay of Bengal,2025-07-05T18:00:00Z,9.53,91.12,48.4,973.9,38.14,8.69,1,Severe Cyclonic Storm
CYC-2025-NIO-062,Biparjoy,Bay of Bengal,2025-07-06T00:00:00Z,9.82,91.17,52.3,989.1,22.86,15.93,1,Severe Cyclonic Storm
CYC-2025-NIO-062,Biparjoy,Bay of Bengal,2025-07-06T06:00:00Z,10.24,91.25,57.4,971.6,40.38,19.78,1,Severe Cyclonic Storm
CYC-2025-NIO-062,Biparjoy,Bay of Bengal,2025-07-06T12:00:00Z,10.68,91.35,60.9,966.5,45.52,9.42,1,Severe Cyclonic Storm
CYC-2025-NIO-062,Biparjoy,Bay of Bengal,2025-07-06T18:00:00Z,10.94,91.5,66.2,967.4,44.57,16.52,1,Very Severe Cyclonic Storm
CYC-2025-NIO-062,Biparjoy,Bay of Bengal,2025-07-07T00:00:00Z,11.33,91.56,68.7,972.6,39.35,15.51,1,Very Severe Cyclonic Storm
CYC-2025-NIO-062,Biparjoy,Bay of Bengal,2025-07-07T06:00:00Z,11.73,91.79,70.4,966.0,46.04,17.77,1,Very Severe Cyclonic Storm
CYC-2025-NIO-062,Biparjoy,Bay of Bengal,2025-07-07T12:00:00Z,12.12,91.92,75.1,963.8,48.25,22.25,1,Very Severe Cyclonic Storm
CYC-2025-NIO-062,Biparjoy,Bay of Bengal,2025-07-07T18:00:00Z,12.48,92.05,79.5,968.9,43.13,15.05,1,Very Severe Cyclonic Storm
CYC-2025-NIO-062,Biparjoy,Bay of Bengal,2025-07-08T00:00:00Z,12.96,92.19,84.6,959.5,52.52,10.99,1,Very Severe Cyclonic Storm
CYC-2025-NIO-062,Biparjoy,Bay of Bengal,2025-07-08T06:00:00Z,13.23,92.18,85.4,959.2,52.77,9.72,1,Very Severe Cyclonic Storm
CYC-2025-NIO-062,Biparjoy,Bay of Bengal,2025-07-08T12:00:00Z,13.66,92.27,91.9,962.3,49.74,18.32,1,Extremely Severe Cyclonic Storm
CYC-2025-NIO-062,Biparjoy,Bay of Bengal,2025-07-08T18:00:00Z,14.19,92.36,99.2,953.7,58.27,9.16,1,Extremely Severe Cyclonic Storm
CYC-2025-NIO-062,Biparjoy,Bay of Bengal,2025-07-09T00:00:00Z,14.59,92.6,101.0,946.8,65.24,17.93,1,Extremely Severe Cyclonic Storm
CYC-2025-NIO-062,Biparjoy,Bay of Bengal,2025-07-09T06:00:00Z,14.97,92.77,105.2,953.6,58.36,9.64,1,Extremely Severe Cyclonic Storm
CYC-2025-NIO-062,Biparjoy,Bay of Bengal,2025-07-09T12:00:00Z,15.22,92.77,95.6,958.1,53.87,8.81,1,Extremely Severe Cyclonic Storm
CYC-2025-NIO-062,Biparjoy,Bay of Bengal,2025-07-09T18:00:00Z,15.54,92.79,91.3,957.9,54.14,10.14,1,Extremely Severe Cyclonic Storm
CYC-2025-NIO-062,Biparjoy,Bay of Bengal,2025-07-10T00:00:00Z,15.89,92.78,81.1,961.0,51.01,16.16,1,Very Severe Cyclonic Storm
CYC-2025-NIO-062,Biparjoy,Bay of Bengal,2025-07-10T06:00:00Z,16.3,92.83,77.6,962.8,49.18,14.01,1,Very Severe Cyclonic Storm
CYC-2025-NIO-062,Biparjoy,Bay of Bengal,2025-07-10T12:00:00Z,16.5,92.91,71.9,963.2,48.83,8.31,1,Very Severe Cyclonic Storm
CYC-2025-NIO-062,Biparjoy,Bay of Bengal,2025-07-10T18:00:00Z,16.83,93.04,64.3,971.9,40.09,20.38,1,Very Severe Cyclonic Storm
CYC-2025-NIO-062,Biparjoy,Bay of Bengal,2025-07-11T00:00:00Z,17.2,93.24,55.5,975.4,36.59,19.2,1,Severe Cyclonic Storm
CYC-2025-NIO-062,Biparjoy,Bay of Bengal,2025-07-11T06:00:00Z,17.61,93.31,47.2,986.9,25.11,23.02,0,Cyclonic Storm
CYC-2025-NIO-062,Biparjoy,Bay of Bengal,2025-07-11T12:00:00Z,17.92,93.45,41.9,986.4,25.57,14.23,0,Cyclonic Storm
CYC-2025-NIO-062,Biparjoy,Bay of Bengal,2025-07-11T18:00:00Z,18.24,93.66,32.4,985.8,26.19,21.96,0,Deep Depression
CYC-2025-NIO-062,Biparjoy,Bay of Bengal,2025-07-12T00:00:00Z,18.61,93.71,23.9,994.2,17.76,9.69,0,Depression
CYC-2025-NIO-062,Biparjoy,Bay of Bengal,2025-07-12T06:00:00Z,18.89,93.87,20.0,998.6,13.36,8.35,0,Depression
CYC-2025-NIO-063,Tej,Arabian Sea,2025-08-25T12:00:00Z,8.79,67.01,39.5,1000.7,11.3,23.27,0,Cyclonic Storm
CYC-2025-NIO-063,Tej,Arabian Sea,2025-08-25T18:00:00Z,9.45,67.09,47.6,986.2,25.83,22.43,0,Cyclonic Storm
CYC-2025-NIO-063,Tej,Arabian Sea,2025-08-26T00:00:00Z,9.9,67.06,55.5,982.3,29.68,17.6,1,Severe Cyclonic Storm
CYC-2025-NIO-063,Tej,Arabian Sea,2025-08-26T06:00:00Z,10.53,67.0,66.7,964.5,47.51,16.24,1,Very Severe Cyclonic Storm
CYC-2025-NIO-063,Tej,Arabian Sea,2025-08-26T12:00:00Z,11.11,67.2,71.8,961.9,50.14,10.25,1,Very Severe Cyclonic Storm
CYC-2025-NIO-063,Tej,Arabian Sea,2025-08-26T18:00:00Z,11.82,67.32,76.3,965.1,46.87,19.55,1,Very Severe Cyclonic Storm
CYC-2025-NIO-063,Tej,Arabian Sea,2025-08-27T00:00:00Z,12.14,67.33,83.7,960.5,51.53,18.56,1,Very Severe Cyclonic Storm
CYC-2025-NIO-063,Tej,Arabian Sea,2025-08-27T06:00:00Z,12.73,67.37,92.6,956.0,55.97,16.37,1,Extremely Severe Cyclonic Storm
CYC-2025-NIO-063,Tej,Arabian Sea,2025-08-27T12:00:00Z,13.21,67.38,99.9,949.7,62.3,16.1,1,Extremely Severe Cyclonic Storm
CYC-2025-NIO-063,Tej,Arabian Sea,2025-08-27T18:00:00Z,13.76,67.5,86.1,960.4,51.64,23.07,1,Very Severe Cyclonic Storm
CYC-2025-NIO-063,Tej,Arabian Sea,2025-08-28T00:00:00Z,14.26,67.68,74.5,965.4,46.59,18.36,1,Very Severe Cyclonic Storm
CYC-2025-NIO-063,Tej,Arabian Sea,2025-08-28T06:00:00Z,14.67,67.75,62.9,974.2,37.81,19.74,1,Severe Cyclonic Storm
CYC-2025-NIO-063,Tej,Arabian Sea,2025-08-28T12:00:00Z,15.19,67.79,51.4,982.4,29.57,16.3,1,Severe Cyclonic Storm
CYC-2025-NIO-063,Tej,Arabian Sea,2025-08-28T18:00:00Z,15.64,67.95,40.0,984.1,27.87,16.88,0,Cyclonic Storm
CYC-2025-NIO-063,Tej,Arabian Sea,2025-08-29T00:00:00Z,16.05,68.05,31.8,991.7,20.3,21.47,0,Deep Depression
CYC-2025-NIO-063,Tej,Arabian Sea,2025-08-29T06:00:00Z,16.63,68.11,20.0,997.9,14.07,16.16,0,Depression
CYC-2025-NIO-064,Hamoon,Bay of Bengal,2025-10-10T12:00:00Z,9.41,87.66,33.9,993.8,18.15,9.7,0,Deep Depression
CYC-2025-NIO-064,Hamoon,Bay of Bengal,2025-10-10T18:00:00Z,9.99,87.97,37.1,986.2,25.78,11.88,0,Cyclonic Storm
CYC-2025-NIO-064,Hamoon,Bay of Bengal,2025-10-11T00:00:00Z,10.51,88.3,42.9,981.3,30.68,20.17,0,Cyclonic Storm
CYC-2025-NIO-064,Hamoon,Bay of Bengal,2025-10-11T06:00:00Z,10.91,88.71,47.0,978.8,33.15,20.7,0,Cyclonic Storm
CYC-2025-NIO-064,Hamoon,Bay of Bengal,2025-10-11T12:00:00Z,11.54,88.86,48.6,988.1,23.86,14.28,1,Severe Cyclonic Storm
CYC-2025-NIO-064,Hamoon,Bay of Bengal,2025-10-11T18:00:00Z,12.03,89.19,56.4,979.2,32.84,9.43,1,Severe Cyclonic Storm
CYC-2025-NIO-064,Hamoon,Bay of Bengal,2025-10-12T00:00:00Z,12.48,89.39,60.3,975.8,36.15,12.23,1,Severe Cyclonic Storm
CYC-2025-NIO-064,Hamoon,Bay of Bengal,2025-10-12T06:00:00Z,13.15,89.74,65.4,975.2,36.8,14.64,1,Very Severe Cyclonic Storm
CYC-2025-NIO-064,Hamoon,Bay of Bengal,2025-10-12T12:00:00Z,13.58,90.04,71.4,976.7,35.3,20.63,1,Very Severe Cyclonic Storm
CYC-2025-NIO-064,Hamoon,Bay of Bengal,2025-10-12T18:00:00Z,14.09,90.46,76.1,967.6,44.39,9.81,1,Very Severe Cyclonic Storm
CYC-2025-NIO-064,Hamoon,Bay of Bengal,2025-10-13T00:00:00Z,14.51,90.84,82.4,969.1,42.89,15.37,1,Very Severe Cyclonic Storm
CYC-2025-NIO-064,Hamoon,Bay of Bengal,2025-10-13T06:00:00Z,14.85,91.05,89.7,961.1,50.95,18.86,1,Very Severe Cyclonic Storm
CYC-2025-NIO-064,Hamoon,Bay of Bengal,2025-10-13T12:00:00Z,15.3,91.25,94.1,961.4,50.63,16.59,1,Extremely Severe Cyclonic Storm
CYC-2025-NIO-064,Hamoon,Bay of Bengal,2025-10-13T18:00:00Z,15.81,91.66,85.1,960.1,51.87,10.6,1,Very Severe Cyclonic Storm
CYC-2025-NIO-064,Hamoon,Bay of Bengal,2025-10-14T00:00:00Z,16.33,91.9,77.5,966.7,45.28,23.87,1,Very Severe Cyclonic Storm
CYC-2025-NIO-064,Hamoon,Bay of Bengal,2025-10-14T06:00:00Z,16.87,92.14,71.2,965.5,46.5,21.57,1,Very Severe Cyclonic Storm
CYC-2025-NIO-064,Hamoon,Bay of Bengal,2025-10-14T12:00:00Z,17.43,92.31,58.9,976.9,35.12,23.57,1,Severe Cyclonic Storm
CYC-2025-NIO-064,Hamoon,Bay of Bengal,2025-10-14T18:00:00Z,17.89,92.58,52.3,985.1,26.85,9.26,1,Severe Cyclonic Storm
CYC-2025-NIO-064,Hamoon,Bay of Bengal,2025-10-15T00:00:00Z,18.19,92.95,45.0,984.2,27.77,16.35,0,Cyclonic Storm
CYC-2025-NIO-064,Hamoon,Bay of Bengal,2025-10-15T06:00:00Z,18.54,93.24,37.9,981.9,30.06,12.21,0,Cyclonic Storm
CYC-2025-NIO-064,Hamoon,Bay of Bengal,2025-10-15T12:00:00Z,19.03,93.45,27.5,992.2,19.81,16.88,0,Depression
CYC-2025-NIO-064,Hamoon,Bay of Bengal,2025-10-15T18:00:00Z,19.62,93.61,20.0,999.3,12.71,8.88,0,Depression
CYC-2025-NIO-065,Midhili,Bay of Bengal,2025-11-18T00:00:00Z,8.33,86.37,35.2,992.4,19.63,21.8,0,Cyclonic Storm
CYC-2025-NIO-065,Midhili,Bay of Bengal,2025-11-18T06:00:00Z,8.8,86.43,37.6,986.5,25.54,22.88,0,Cyclonic Storm
CYC-2025-NIO-065,Midhili,Bay of Bengal,2025-11-18T12:00:00Z,9.34,86.37,45.5,987.7,24.34,17.28,0,Cyclonic Storm
CYC-2025-NIO-065,Midhili,Bay of Bengal,2025-11-18T18:00:00Z,9.85,86.31,53.6,977.7,34.28,15.54,1,Severe Cyclonic Storm
CYC-2025-NIO-065,Midhili,Bay of Bengal,2025-11-19T00:00:00Z,10.32,86.19,60.7,977.6,34.41,22.52,1,Severe Cyclonic Storm
CYC-2025-NIO-065,Midhili,Bay of Bengal,2025-11-19T06:00:00Z,10.87,85.99,68.1,969.5,42.48,18.19,1,Very Severe Cyclonic Storm
CYC-2025-NIO-065,Midhili,Bay of Bengal,2025-11-19T12:00:00Z,11.42,85.81,78.2,969.3,42.66,20.42,1,Very Severe Cyclonic Storm
CYC-2025-NIO-065,Midhili,Bay of Bengal,2025-11-19T18:00:00Z,11.99,85.61,85.3,962.8,49.17,20.59,1,Very Severe Cyclonic Storm
CYC-2025-NIO-065,Midhili,Bay of Bengal,2025-11-20T00:00:00Z,12.45,85.57,93.8,959.6,52.41,11.18,1,Extremely Severe Cyclonic Storm
CYC-2025-NIO-065,Midhili,Bay of Bengal,2025-11-20T06:00:00Z,12.88,85.49,101.1,954.8,57.18,17.11,1,Extremely Severe Cyclonic Storm
CYC-2025-NIO-065,Midhili,Bay of Bengal,2025-11-20T12:00:00Z,13.4,85.5,110.7,943.3,68.72,15.09,1,Extremely Severe Cyclonic Storm
CYC-2025-NIO-065,Midhili,Bay of Bengal,2025-11-20T18:00:00Z,14.0,85.37,119.3,942.8,69.17,23.64,1,Extremely Severe Cyclonic Storm
CYC-2025-NIO-065,Midhili,Bay of Bengal,2025-11-21T00:00:00Z,14.57,85.36,105.1,945.8,66.17,17.6,1,Extremely Severe Cyclonic Storm
CYC-2025-NIO-065,Midhili,Bay of Bengal,2025-11-21T06:00:00Z,15.04,85.23,92.3,949.1,62.91,21.31,1,Extremely Severe Cyclonic Storm
CYC-2025-NIO-065,Midhili,Bay of Bengal,2025-11-21T12:00:00Z,15.56,85.18,81.7,967.8,44.16,14.24,1,Very Severe Cyclonic Storm
CYC-2025-NIO-065,Midhili,Bay of Bengal,2025-11-21T18:00:00Z,16.2,85.01,70.3,965.8,46.23,18.64,1,Very Severe Cyclonic Storm
CYC-2025-NIO-065,Midhili,Bay of Bengal,2025-11-22T00:00:00Z,16.76,84.94,62.8,976.4,35.64,15.67,1,Severe Cyclonic Storm
CYC-2025-NIO-065,Midhili,Bay of Bengal,2025-11-22T06:00:00Z,17.18,84.98,51.6,978.0,34.04,23.17,1,Severe Cyclonic Storm
CYC-2025-NIO-065,Midhili,Bay of Bengal,2025-11-22T12:00:00Z,17.77,84.92,41.4,988.1,23.9,19.33,0,Cyclonic Storm
CYC-2025-NIO-065,Midhili,Bay of Bengal,2025-11-22T18:00:00Z,18.16,84.83,27.7,998.8,13.23,10.88,0,Depression
CYC-2025-NIO-065,Midhili,Bay of Bengal,2025-11-23T00:00:00Z,18.69,84.79,20.0,1001.8,10.18,23.03,0,Depression
CYC-2025-NIO-066,Michaung,Arabian Sea,2026-01-08T06:00:00Z,12.22,68.78,33.1,991.2,20.84,12.16,0,Deep Depression
CYC-2025-NIO-066,Michaung,Arabian Sea,2026-01-08T12:00:00Z,12.61,68.54,40.2,992.5,19.46,8.09,0,Cyclonic Storm
CYC-2025-NIO-066,Michaung,Arabian Sea,2026-01-08T18:00:00Z,13.08,68.31,46.3,983.0,28.96,12.66,0,Cyclonic Storm
CYC-2025-NIO-066,Michaung,Arabian Sea,2026-01-09T00:00:00Z,13.46,68.04,51.4,975.2,36.77,20.23,1,Severe Cyclonic Storm
CYC-2025-NIO-066,Michaung,Arabian Sea,2026-01-09T06:00:00Z,13.8,67.8,57.7,977.0,34.98,14.56,1,Severe Cyclonic Storm
CYC-2025-NIO-066,Michaung,Arabian Sea,2026-01-09T12:00:00Z,14.07,67.71,65.2,971.8,40.25,16.43,1,Very Severe Cyclonic Storm
CYC-2025-NIO-066,Michaung,Arabian Sea,2026-01-09T18:00:00Z,14.42,67.36,69.9,968.1,43.88,11.68,1,Very Severe Cyclonic Storm
CYC-2025-NIO-066,Michaung,Arabian Sea,2026-01-10T00:00:00Z,14.9,67.0,76.6,969.3,42.74,16.06,1,Very Severe Cyclonic Storm
CYC-2025-NIO-066,Michaung,Arabian Sea,2026-01-10T06:00:00Z,15.39,66.81,79.4,961.8,50.24,15.07,1,Very Severe Cyclonic Storm
CYC-2025-NIO-066,Michaung,Arabian Sea,2026-01-10T12:00:00Z,15.95,66.69,83.8,970.4,41.63,8.51,1,Very Severe Cyclonic Storm
CYC-2025-NIO-066,Michaung,Arabian Sea,2026-01-10T18:00:00Z,16.51,66.47,91.3,955.3,56.69,11.63,1,Extremely Severe Cyclonic Storm
CYC-2025-NIO-066,Michaung,Arabian Sea,2026-01-11T00:00:00Z,16.92,66.15,97.8,951.8,60.21,21.25,1,Extremely Severe Cyclonic Storm
CYC-2025-NIO-066,Michaung,Arabian Sea,2026-01-11T06:00:00Z,17.47,65.73,100.4,955.0,57.03,10.69,1,Extremely Severe Cyclonic Storm
CYC-2025-NIO-066,Michaung,Arabian Sea,2026-01-11T12:00:00Z,17.92,65.47,102.9,953.1,58.87,12.18,1,Extremely Severe Cyclonic Storm
CYC-2025-NIO-066,Michaung,Arabian Sea,2026-01-11T18:00:00Z,18.21,65.2,106.4,945.2,66.77,8.57,1,Extremely Severe Cyclonic Storm
CYC-2025-NIO-066,Michaung,Arabian Sea,2026-01-12T00:00:00Z,18.65,65.06,99.3,949.1,62.92,9.51,1,Extremely Severe Cyclonic Storm
CYC-2025-NIO-066,Michaung,Arabian Sea,2026-01-12T06:00:00Z,19.14,64.76,93.6,956.6,55.43,21.14,1,Extremely Severe Cyclonic Storm
CYC-2025-NIO-066,Michaung,Arabian Sea,2026-01-12T12:00:00Z,19.68,64.47,83.0,965.8,46.15,23.9,1,Very Severe Cyclonic Storm
CYC-2025-NIO-066,Michaung,Arabian Sea,2026-01-12T18:00:00Z,20.17,64.08,77.8,965.1,46.89,8.23,1,Very Severe Cyclonic Storm
CYC-2025-NIO-066,Michaung,Arabian Sea,2026-01-13T00:00:00Z,20.65,63.73,67.2,980.0,31.98,8.51,1,Very Severe Cyclonic Storm
CYC-2025-NIO-066,Michaung,Arabian Sea,2026-01-13T06:00:00Z,21.16,63.44,56.5,972.7,39.29,20.48,1,Severe Cyclonic Storm
CYC-2025-NIO-066,Michaung,Arabian Sea,2026-01-13T12:00:00Z,21.61,63.28,50.7,985.7,26.32,22.22,1,Severe Cyclonic Storm
CYC-2025-NIO-066,Michaung,Arabian Sea,2026-01-13T18:00:00Z,22.0,62.92,47.8,981.6,30.45,11.71,0,Cyclonic Storm
CYC-2025-NIO-066,Michaung,Arabian Sea,2026-01-14T00:00:00Z,22.61,62.71,47.2,981.4,30.59,22.65,0,Cyclonic Storm
CYC-2025-NIO-066,Michaung,Arabian Sea,2026-01-14T06:00:00Z,23.04,62.35,40.7,978.9,33.09,15.32,0,Cyclonic Storm
CYC-2026-NIO-067,Remal,Bay of Bengal,2026-02-13T12:00:00Z,8.59,85.47,29.0,989.4,22.55,16.62,0,Deep Depression
CYC-2026-NIO-067,Remal,Bay of Bengal,2026-02-13T18:00:00Z,8.95,85.73,32.4,990.8,21.16,9.54,0,Deep Depression
CYC-2026-NIO-067,Remal,Bay of Bengal,2026-02-14T00:00:00Z,9.26,85.99,41.7,987.9,24.13,9.37,0,Cyclonic Storm
CYC-2026-NIO-067,Remal,Bay of Bengal,2026-02-14T06:00:00Z,9.72,86.25,48.6,979.0,33.02,17.57,1,Severe Cyclonic Storm
CYC-2026-NIO-067,Remal,Bay of Bengal,2026-02-14T12:00:00Z,10.07,86.5,54.9,978.7,33.25,19.57,1,Severe Cyclonic Storm
CYC-2026-NIO-067,Remal,Bay of Bengal,2026-02-14T18:00:00Z,10.5,86.85,61.8,961.2,50.77,21.62,1,Severe Cyclonic Storm
CYC-2026-NIO-067,Remal,Bay of Bengal,2026-02-15T00:00:00Z,10.87,87.16,67.1,979.4,32.6,10.66,1,Very Severe Cyclonic Storm
CYC-2026-NIO-067,Remal,Bay of Bengal,2026-02-15T06:00:00Z,11.11,87.52,70.4,966.6,45.43,22.0,1,Very Severe Cyclonic Storm
CYC-2026-NIO-067,Remal,Bay of Bengal,2026-02-15T12:00:00Z,11.45,87.88,79.8,962.9,49.13,17.72,1,Very Severe Cyclonic Storm
CYC-2026-NIO-067,Remal,Bay of Bengal,2026-02-15T18:00:00Z,11.63,88.06,87.7,952.3,59.66,18.36,1,Very Severe Cyclonic Storm
CYC-2026-NIO-067,Remal,Bay of Bengal,2026-02-16T00:00:00Z,11.99,88.34,92.5,953.9,58.09,14.71,1,Extremely Severe Cyclonic Storm
CYC-2026-NIO-067,Remal,Bay of Bengal,2026-02-16T06:00:00Z,12.31,88.47,100.2,948.3,63.71,16.16,1,Extremely Severe Cyclonic Storm
CYC-2026-NIO-067,Remal,Bay of Bengal,2026-02-16T12:00:00Z,12.66,88.71,105.1,950.9,61.1,22.82,1,Extremely Severe Cyclonic Storm
CYC-2026-NIO-067,Remal,Bay of Bengal,2026-02-16T18:00:00Z,12.89,89.05,109.0,943.1,68.85,12.87,1,Extremely Severe Cyclonic Storm
CYC-2026-NIO-067,Remal,Bay of Bengal,2026-02-17T00:00:00Z,13.35,89.34,113.9,941.7,70.33,21.01,1,Extremely Severe Cyclonic Storm
CYC-2026-NIO-067,Remal,Bay of Bengal,2026-02-17T06:00:00Z,13.78,89.67,119.1,947.8,64.21,8.66,1,Extremely Severe Cyclonic Storm
CYC-2026-NIO-067,Remal,Bay of Bengal,2026-02-17T12:00:00Z,14.05,89.96,108.2,948.8,63.18,17.36,1,Extremely Severe Cyclonic Storm
CYC-2026-NIO-067,Remal,Bay of Bengal,2026-02-17T18:00:00Z,14.37,90.24,98.5,957.6,54.37,23.86,1,Extremely Severe Cyclonic Storm
CYC-2026-NIO-067,Remal,Bay of Bengal,2026-02-18T00:00:00Z,14.63,90.57,90.5,959.0,53.02,8.95,1,Extremely Severe Cyclonic Storm
CYC-2026-NIO-067,Remal,Bay of Bengal,2026-02-18T06:00:00Z,15.01,90.87,87.5,963.5,48.55,21.13,1,Very Severe Cyclonic Storm
CYC-2026-NIO-067,Remal,Bay of Bengal,2026-02-18T12:00:00Z,15.35,91.27,80.9,960.8,51.15,19.82,1,Very Severe Cyclonic Storm
CYC-2026-NIO-067,Remal,Bay of Bengal,2026-02-18T18:00:00Z,15.62,91.62,74.9,966.2,45.77,19.42,1,Very Severe Cyclonic Storm
CYC-2026-NIO-067,Remal,Bay of Bengal,2026-02-19T00:00:00Z,15.8,91.85,65.7,972.0,40.01,14.83,1,Very Severe Cyclonic Storm
CYC-2026-NIO-067,Remal,Bay of Bengal,2026-02-19T06:00:00Z,16.06,92.14,58.9,982.2,29.81,20.81,1,Severe Cyclonic Storm
CYC-2026-NIO-067,Remal,Bay of Bengal,2026-02-19T12:00:00Z,16.34,92.3,50.0,974.7,37.31,12.64,1,Severe Cyclonic Storm
CYC-2026-NIO-067,Remal,Bay of Bengal,2026-02-19T18:00:00Z,16.53,92.68,42.9,985.9,26.12,10.35,0,Cyclonic Storm
CYC-2026-NIO-067,Remal,Bay of Bengal,2026-02-20T00:00:00Z,16.79,93.03,31.5,990.7,21.32,23.5,0,Deep Depression
CYC-2026-NIO-068,Asna,Bay of Bengal,2026-03-26T06:00:00Z,11.43,85.82,32.3,992.1,19.85,20.58,0,Deep Depression
CYC-2026-NIO-068,Asna,Bay of Bengal,2026-03-26T12:00:00Z,11.67,85.94,39.2,989.7,22.28,22.2,0,Cyclonic Storm
CYC-2026-NIO-068,Asna,Bay of Bengal,2026-03-26T18:00:00Z,11.93,86.18,47.5,989.6,22.39,13.84,0,Cyclonic Storm
CYC-2026-NIO-068,Asna,Bay of Bengal,2026-03-27T00:00:00Z,12.24,86.4,52.8,980.3,31.72,15.9,1,Severe Cyclonic Storm
CYC-2026-NIO-068,Asna,Bay of Bengal,2026-03-27T06:00:00Z,12.54,86.44,59.1,979.1,32.9,20.62,1,Severe Cyclonic Storm
CYC-2026-NIO-068,Asna,Bay of Bengal,2026-03-27T12:00:00Z,12.76,86.65,63.5,972.8,39.16,23.61,1,Severe Cyclonic Storm
CYC-2026-NIO-068,Asna,Bay of Bengal,2026-03-27T18:00:00Z,13.08,86.88,69.9,978.3,33.66,8.82,1,Very Severe Cyclonic Storm
CYC-2026-NIO-068,Asna,Bay of Bengal,2026-03-28T00:00:00Z,13.38,87.16,75.1,975.7,36.25,15.87,1,Very Severe Cyclonic Storm
CYC-2026-NIO-068,Asna,Bay of Bengal,2026-03-28T06:00:00Z,13.64,87.24,79.5,962.5,49.46,23.57,1,Very Severe Cyclonic Storm
CYC-2026-NIO-068,Asna,Bay of Bengal,2026-03-28T12:00:00Z,13.9,87.33,67.8,977.0,34.97,10.46,1,Very Severe Cyclonic Storm
CYC-2026-NIO-068,Asna,Bay of Bengal,2026-03-28T18:00:00Z,14.26,87.53,62.4,970.7,41.34,23.01,1,Severe Cyclonic Storm
CYC-2026-NIO-068,Asna,Bay of Bengal,2026-03-29T00:00:00Z,14.6,87.75,55.4,975.6,36.39,16.95,1,Severe Cyclonic Storm
CYC-2026-NIO-068,Asna,Bay of Bengal,2026-03-29T06:00:00Z,14.89,87.79,52.2,984.6,27.44,20.5,1,Severe Cyclonic Storm
CYC-2026-NIO-068,Asna,Bay of Bengal,2026-03-29T12:00:00Z,15.15,88.0,45.5,985.7,26.28,9.33,0,Cyclonic Storm
CYC-2026-NIO-068,Asna,Bay of Bengal,2026-03-29T18:00:00Z,15.42,88.33,38.7,991.7,20.28,12.59,0,Cyclonic Storm
CYC-2026-NIO-068,Asna,Bay of Bengal,2026-03-30T00:00:00Z,15.47,88.48,28.1,991.0,21.04,20.15,0,Deep Depression
CYC-2026-NIO-069,Dana,Arabian Sea,2026-05-23T06:00:00Z,10.86,71.95,35.3,987.1,24.88,10.32,0,Cyclonic Storm
CYC-2026-NIO-069,Dana,Arabian Sea,2026-05-23T12:00:00Z,11.28,72.15,39.3,979.0,33.05,8.33,0,Cyclonic Storm
CYC-2026-NIO-069,Dana,Arabian Sea,2026-05-23T18:00:00Z,11.8,72.3,46.5,984.7,27.28,10.87,0,Cyclonic Storm
CYC-2026-NIO-069,Dana,Arabian Sea,2026-05-24T00:00:00Z,12.48,72.39,53.9,983.2,28.75,11.33,1,Severe Cyclonic Storm
CYC-2026-NIO-069,Dana,Arabian Sea,2026-05-24T06:00:00Z,13.07,72.56,60.3,967.6,44.43,23.34,1,Severe Cyclonic Storm
CYC-2026-NIO-069,Dana,Arabian Sea,2026-05-24T12:00:00Z,13.66,72.8,65.8,966.5,45.53,9.32,1,Very Severe Cyclonic Storm
CYC-2026-NIO-069,Dana,Arabian Sea,2026-05-24T18:00:00Z,14.11,73.0,73.0,969.9,42.13,16.54,1,Very Severe Cyclonic Storm
CYC-2026-NIO-069,Dana,Arabian Sea,2026-05-25T00:00:00Z,14.66,73.28,77.5,969.9,42.13,16.15,1,Very Severe Cyclonic Storm
CYC-2026-NIO-069,Dana,Arabian Sea,2026-05-25T06:00:00Z,15.16,73.59,86.6,961.9,50.1,11.44,1,Very Severe Cyclonic Storm
CYC-2026-NIO-069,Dana,Arabian Sea,2026-05-25T12:00:00Z,15.68,73.7,94.3,956.9,55.15,18.23,1,Extremely Severe Cyclonic Storm
CYC-2026-NIO-069,Dana,Arabian Sea,2026-05-25T18:00:00Z,16.2,73.87,99.8,953.8,58.21,19.18,1,Extremely Severe Cyclonic Storm
CYC-2026-NIO-069,Dana,Arabian Sea,2026-05-26T00:00:00Z,16.66,74.14,107.5,939.9,72.07,21.78,1,Extremely Severe Cyclonic Storm
CYC-2026-NIO-069,Dana,Arabian Sea,2026-05-26T06:00:00Z,17.2,74.33,117.5,939.7,72.3,21.88,1,Extremely Severe Cyclonic Storm
CYC-2026-NIO-069,Dana,Arabian Sea,2026-05-26T12:00:00Z,17.72,74.46,123.4,942.2,69.77,12.84,1,Super Cyclonic Storm
CYC-2026-NIO-069,Dana,Arabian Sea,2026-05-26T18:00:00Z,18.19,74.72,132.3,934.0,77.97,21.2,1,Super Cyclonic Storm
CYC-2026-NIO-069,Dana,Arabian Sea,2026-05-27T00:00:00Z,18.62,74.81,141.1,933.4,78.63,15.91,1,Super Cyclonic Storm
CYC-2026-NIO-069,Dana,Arabian Sea,2026-05-27T06:00:00Z,19.1,74.88,144.1,935.2,76.82,10.04,1,Super Cyclonic Storm
CYC-2026-NIO-069,Dana,Arabian Sea,2026-05-27T12:00:00Z,19.57,75.07,130.9,930.1,81.92,8.32,1,Super Cyclonic Storm
CYC-2026-NIO-069,Dana,Arabian Sea,2026-05-27T18:00:00Z,19.94,75.31,121.2,942.1,69.92,23.96,1,Super Cyclonic Storm
CYC-2026-NIO-069,Dana,Arabian Sea,2026-05-28T00:00:00Z,20.67,75.61,115.7,939.0,73.0,12.02,1,Extremely Severe Cyclonic Storm
CYC-2026-NIO-069,Dana,Arabian Sea,2026-05-28T06:00:00Z,21.15,75.62,107.6,944.8,67.16,12.34,1,Extremely Severe Cyclonic Storm
CYC-2026-NIO-069,Dana,Arabian Sea,2026-05-28T12:00:00Z,21.83,75.74,99.2,955.5,56.53,10.94,1,Extremely Severe Cyclonic Storm
CYC-2026-NIO-069,Dana,Arabian Sea,2026-05-28T18:00:00Z,22.41,75.9,92.7,956.0,55.97,13.14,1,Extremely Severe Cyclonic Storm
CYC-2026-NIO-069,Dana,Arabian Sea,2026-05-29T00:00:00Z,22.96,76.05,76.4,963.0,48.96,17.5,1,Very Severe Cyclonic Storm
CYC-2026-NIO-069,Dana,Arabian Sea,2026-05-29T06:00:00Z,23.48,76.41,65.4,968.8,43.17,8.91,1,Very Severe Cyclonic Storm
CYC-2026-NIO-069,Dana,Arabian Sea,2026-05-29T12:00:00Z,23.88,76.61,56.3,979.8,32.16,13.2,1,Severe Cyclonic Storm
CYC-2026-NIO-069,Dana,Arabian Sea,2026-05-29T18:00:00Z,24.39,76.84,44.1,980.6,31.41,22.25,0,Cyclonic Storm
CYC-2026-NIO-069,Dana,Arabian Sea,2026-05-30T00:00:00Z,24.92,77.01,31.3,994.8,17.15,14.36,0,Deep Depression
CYC-2026-NIO-070,Amphan,Bay of Bengal,2026-07-18T06:00:00Z,7.99,88.58,34.7,985.3,26.67,16.88,0,Cyclonic Storm
CYC-2026-NIO-070,Amphan,Bay of Bengal,2026-07-18T12:00:00Z,8.23,88.74,39.3,983.0,29.04,23.35,0,Cyclonic Storm
CYC-2026-NIO-070,Amphan,Bay of Bengal,2026-07-18T18:00:00Z,8.67,88.81,44.9,988.6,23.38,17.15,0,Cyclonic Storm
CYC-2026-NIO-070,Amphan,Bay of Bengal,2026-07-19T00:00:00Z,8.97,88.99,53.2,980.8,31.18,21.23,1,Severe Cyclonic Storm
CYC-2026-NIO-070,Amphan,Bay of Bengal,2026-07-19T06:00:00Z,9.3,89.18,61.8,974.2,37.75,14.91,1,Severe Cyclonic Storm
CYC-2026-NIO-070,Amphan,Bay of Bengal,2026-07-19T12:00:00Z,9.42,89.41,66.8,982.1,29.94,8.77,1,Very Severe Cyclonic Storm
CYC-2026-NIO-070,Amphan,Bay of Bengal,2026-07-19T18:00:00Z,9.71,89.59,72.1,969.8,42.21,8.05,1,Very Severe Cyclonic Storm
CYC-2026-NIO-070,Amphan,Bay of Bengal,2026-07-20T00:00:00Z,10.09,89.61,78.2,962.6,49.37,10.9,1,Very Severe Cyclonic Storm
CYC-2026-NIO-070,Amphan,Bay of Bengal,2026-07-20T06:00:00Z,10.42,89.78,84.3,957.9,54.07,15.61,1,Very Severe Cyclonic Storm
CYC-2026-NIO-070,Amphan,Bay of Bengal,2026-07-20T12:00:00Z,10.69,90.01,90.9,950.1,61.87,9.14,1,Extremely Severe Cyclonic Storm
CYC-2026-NIO-070,Amphan,Bay of Bengal,2026-07-20T18:00:00Z,10.95,90.17,97.7,954.0,58.0,23.28,1,Extremely Severe Cyclonic Storm
CYC-2026-NIO-070,Amphan,Bay of Bengal,2026-07-21T00:00:00Z,11.27,90.25,108.5,946.2,65.81,13.93,1,Extremely Severe Cyclonic Storm
CYC-2026-NIO-070,Amphan,Bay of Bengal,2026-07-21T06:00:00Z,11.56,90.25,97.3,950.2,61.77,18.02,1,Extremely Severe Cyclonic Storm
CYC-2026-NIO-070,Amphan,Bay of Bengal,2026-07-21T12:00:00Z,12.03,90.38,86.1,956.3,55.67,12.6,1,Very Severe Cyclonic Storm
CYC-2026-NIO-070,Amphan,Bay of Bengal,2026-07-21T18:00:00Z,12.26,90.43,78.1,968.1,43.92,16.14,1,Very Severe Cyclonic Storm
CYC-2026-NIO-070,Amphan,Bay of Bengal,2026-07-22T00:00:00Z,12.6,90.58,71.3,963.8,48.16,15.29,1,Very Severe Cyclonic Storm
CYC-2026-NIO-070,Amphan,Bay of Bengal,2026-07-22T06:00:00Z,12.94,90.59,58.1,975.6,36.36,20.1,1,Severe Cyclonic Storm
CYC-2026-NIO-070,Amphan,Bay of Bengal,2026-07-22T12:00:00Z,13.12,90.8,45.6,981.9,30.11,15.78,0,Cyclonic Storm
CYC-2026-NIO-070,Amphan,Bay of Bengal,2026-07-22T18:00:00Z,13.38,90.85,33.6,989.5,22.49,11.66,0,Deep Depression
CYC-2026-NIO-070,Amphan,Bay of Bengal,2026-07-23T00:00:00Z,13.48,91.06,20.3,1000.6,11.36,21.88,0,Depression
CYC-2026-NIO-070,Amphan,Bay of Bengal,2026-07-23T06:00:00Z,13.76,91.16,20.0,994.7,17.3,16.92,0,Depression
CYC-2026-NIO-071,Fani,Bay of Bengal,2026-09-05T12:00:00Z,9.74,84.36,38.6,993.7,18.3,17.4,0,Cyclonic Storm
CYC-2026-NIO-071,Fani,Bay of Bengal,2026-09-05T18:00:00Z,10.08,84.55,42.8,996.0,15.97,19.17,0,Cyclonic Storm
CYC-2026-NIO-071,Fani,Bay of Bengal,2026-09-06T00:00:00Z,10.32,84.9,50.6,978.3,33.7,20.71,1,Severe Cyclonic Storm
CYC-2026-NIO-071,Fani,Bay of Bengal,2026-09-06T06:00:00Z,10.75,85.26,58.3,980.9,31.13,9.36,1,Severe Cyclonic Storm
CYC-2026-NIO-071,Fani,Bay of Bengal,2026-09-06T12:00:00Z,11.03,85.73,62.7,978.9,33.08,21.11,1,Severe Cyclonic Storm
CYC-2026-NIO-071,Fani,Bay of Bengal,2026-09-06T18:00:00Z,11.37,86.09,66.3,965.3,46.73,13.58,1,Very Severe Cyclonic Storm
CYC-2026-NIO-071,Fani,Bay of Bengal,2026-09-07T00:00:00Z,11.7,86.47,74.0,965.8,46.17,9.07,1,Very Severe Cyclonic Storm
CYC-2026-NIO-071,Fani,Bay of Bengal,2026-09-07T06:00:00Z,12.04,86.8,82.2,960.3,51.68,17.53,1,Very Severe Cyclonic Storm
CYC-2026-NIO-071,Fani,Bay of Bengal,2026-09-07T12:00:00Z,12.5,87.22,89.1,965.3,46.68,22.24,1,Very Severe Cyclonic Storm
CYC-2026-NIO-071,Fani,Bay of Bengal,2026-09-07T18:00:00Z,12.78,87.64,94.3,944.3,67.73,8.88,1,Extremely Severe Cyclonic Storm
CYC-2026-NIO-071,Fani,Bay of Bengal,2026-09-08T00:00:00Z,13.14,88.16,100.1,956.7,55.35,11.66,1,Extremely Severe Cyclonic Storm
CYC-2026-NIO-071,Fani,Bay of Bengal,2026-09-08T06:00:00Z,13.47,88.46,105.8,941.7,70.27,23.46,1,Extremely Severe Cyclonic Storm
CYC-2026-NIO-071,Fani,Bay of Bengal,2026-09-08T12:00:00Z,13.9,88.84,110.8,954.1,57.88,21.67,1,Extremely Severe Cyclonic Storm
CYC-2026-NIO-071,Fani,Bay of Bengal,2026-09-08T18:00:00Z,14.34,89.2,115.0,941.4,70.59,21.69,1,Extremely Severe Cyclonic Storm
CYC-2026-NIO-071,Fani,Bay of Bengal,2026-09-09T00:00:00Z,14.77,89.58,116.0,942.5,69.51,18.01,1,Extremely Severe Cyclonic Storm
CYC-2026-NIO-071,Fani,Bay of Bengal,2026-09-09T06:00:00Z,15.07,90.02,125.2,938.8,73.17,10.15,1,Super Cyclonic Storm
CYC-2026-NIO-071,Fani,Bay of Bengal,2026-09-09T12:00:00Z,15.46,90.49,130.5,935.3,76.68,9.73,1,Super Cyclonic Storm
CYC-2026-NIO-071,Fani,Bay of Bengal,2026-09-09T18:00:00Z,15.75,90.86,121.8,945.5,66.55,13.9,1,Super Cyclonic Storm
CYC-2026-NIO-071,Fani,Bay of Bengal,2026-09-10T00:00:00Z,16.12,91.17,117.6,944.0,68.02,22.56,1,Extremely Severe Cyclonic Storm
CYC-2026-NIO-071,Fani,Bay of Bengal,2026-09-10T06:00:00Z,16.44,91.39,111.6,945.4,66.55,22.91,1,Extremely Severe Cyclonic Storm
CYC-2026-NIO-071,Fani,Bay of Bengal,2026-09-10T12:00:00Z,16.74,91.74,99.7,945.7,66.34,16.22,1,Extremely Severe Cyclonic Storm
CYC-2026-NIO-071,Fani,Bay of Bengal,2026-09-10T18:00:00Z,17.07,92.12,89.3,956.2,55.84,9.28,1,Very Severe Cyclonic Storm
CYC-2026-NIO-071,Fani,Bay of Bengal,2026-09-11T00:00:00Z,17.39,92.57,83.6,963.2,48.8,9.06,1,Very Severe Cyclonic Storm
CYC-2026-NIO-071,Fani,Bay of Bengal,2026-09-11T06:00:00Z,17.71,92.92,75.0,959.1,52.86,17.42,1,Very Severe Cyclonic Storm
CYC-2026-NIO-071,Fani,Bay of Bengal,2026-09-11T12:00:00Z,18.12,93.37,70.2,976.9,35.12,15.58,1,Very Severe Cyclonic Storm
CYC-2026-NIO-071,Fani,Bay of Bengal,2026-09-11T18:00:00Z,18.56,93.72,64.8,975.4,36.55,22.24,1,Very Severe Cyclonic Storm
CYC-2026-NIO-071,Fani,Bay of Bengal,2026-09-12T00:00:00Z,18.92,94.01,60.2,978.8,33.22,19.47,1,Severe Cyclonic Storm
CYC-2026-NIO-071,Fani,Bay of Bengal,2026-09-12T06:00:00Z,19.14,94.45,50.6,979.8,32.2,14.72,1,Severe Cyclonic Storm
CYC-2026-NIO-072,Hudhud,Arabian Sea,2026-11-05T12:00:00Z,10.23,65.67,31.6,997.7,14.33,8.05,0,Deep Depression
CYC-2026-NIO-072,Hudhud,Arabian Sea,2026-11-05T18:00:00Z,10.7,65.5,38.3,988.0,24.05,23.71,0,Cyclonic Storm
CYC-2026-NIO-072,Hudhud,Arabian Sea,2026-11-06T00:00:00Z,11.13,65.35,41.0,988.2,23.79,8.52,0,Cyclonic Storm
CYC-2026-NIO-072,Hudhud,Arabian Sea,2026-11-06T06:00:00Z,11.64,65.17,47.3,987.6,24.4,14.32,0,Cyclonic Storm
CYC-2026-NIO-072,Hudhud,Arabian Sea,2026-11-06T12:00:00Z,12.21,65.11,52.3,983.3,28.68,10.78,1,Severe Cyclonic Storm
CYC-2026-NIO-072,Hudhud,Arabian Sea,2026-11-06T18:00:00Z,12.68,65.06,54.8,972.1,39.89,10.54,1,Severe Cyclonic Storm
CYC-2026-NIO-072,Hudhud,Arabian Sea,2026-11-07T00:00:00Z,13.31,64.9,61.8,971.7,40.27,16.98,1,Severe Cyclonic Storm
CYC-2026-NIO-072,Hudhud,Arabian Sea,2026-11-07T06:00:00Z,13.78,64.69,68.3,972.1,39.88,10.09,1,Very Severe Cyclonic Storm
CYC-2026-NIO-072,Hudhud,Arabian Sea,2026-11-07T12:00:00Z,14.18,64.64,71.8,971.1,40.94,17.54,1,Very Severe Cyclonic Storm
CYC-2026-NIO-072,Hudhud,Arabian Sea,2026-11-07T18:00:00Z,14.75,64.61,77.4,972.1,39.86,22.25,1,Very Severe Cyclonic Storm
CYC-2026-NIO-072,Hudhud,Arabian Sea,2026-11-08T00:00:00Z,15.35,64.54,83.5,974.1,37.9,11.56,1,Very Severe Cyclonic Storm
CYC-2026-NIO-072,Hudhud,Arabian Sea,2026-11-08T06:00:00Z,15.79,64.46,89.6,961.5,50.54,23.9,1,Very Severe Cyclonic Storm
CYC-2026-NIO-072,Hudhud,Arabian Sea,2026-11-08T12:00:00Z,16.31,64.36,94.4,959.2,52.84,15.46,1,Extremely Severe Cyclonic Storm
CYC-2026-NIO-072,Hudhud,Arabian Sea,2026-11-08T18:00:00Z,16.85,64.36,100.0,951.7,60.32,8.5,1,Extremely Severe Cyclonic Storm
CYC-2026-NIO-072,Hudhud,Arabian Sea,2026-11-09T00:00:00Z,17.34,64.3,105.1,953.8,58.18,9.5,1,Extremely Severe Cyclonic Storm
CYC-2026-NIO-072,Hudhud,Arabian Sea,2026-11-09T06:00:00Z,17.86,64.36,108.8,946.1,65.91,9.51,1,Extremely Severe Cyclonic Storm
CYC-2026-NIO-072,Hudhud,Arabian Sea,2026-11-09T12:00:00Z,18.46,64.17,112.6,944.6,67.35,23.49,1,Extremely Severe Cyclonic Storm
CYC-2026-NIO-072,Hudhud,Arabian Sea,2026-11-09T18:00:00Z,18.96,64.13,114.1,942.0,70.05,15.85,1,Extremely Severe Cyclonic Storm
CYC-2026-NIO-072,Hudhud,Arabian Sea,2026-11-10T00:00:00Z,19.45,64.08,121.0,942.7,69.32,16.63,1,Super Cyclonic Storm
CYC-2026-NIO-072,Hudhud,Arabian Sea,2026-11-10T06:00:00Z,19.89,64.18,123.2,936.1,75.88,13.96,1,Super Cyclonic Storm
CYC-2026-NIO-072,Hudhud,Arabian Sea,2026-11-10T12:00:00Z,20.4,64.05,113.0,940.3,71.69,8.78,1,Extremely Severe Cyclonic Storm
CYC-2026-NIO-072,Hudhud,Arabian Sea,2026-11-10T18:00:00Z,20.83,64.02,105.8,946.5,65.45,11.59,1,Extremely Severe Cyclonic Storm
CYC-2026-NIO-072,Hudhud,Arabian Sea,2026-11-11T00:00:00Z,21.2,64.0,94.4,954.3,57.71,8.21,1,Extremely Severe Cyclonic Storm
CYC-2026-NIO-072,Hudhud,Arabian Sea,2026-11-11T06:00:00Z,21.87,63.94,87.0,955.0,56.95,16.1,1,Very Severe Cyclonic Storm
CYC-2026-NIO-072,Hudhud,Arabian Sea,2026-11-11T12:00:00Z,22.32,63.69,75.3,966.1,45.86,9.68,1,Very Severe Cyclonic Storm
CYC-2026-NIO-072,Hudhud,Arabian Sea,2026-11-11T18:00:00Z,22.91,63.7,65.2,976.5,35.53,15.53,1,Very Severe Cyclonic Storm
CYC-2026-NIO-072,Hudhud,Arabian Sea,2026-11-12T00:00:00Z,23.45,63.5,57.1,979.8,32.21,8.18,1,Severe Cyclonic Storm
CYC-2026-NIO-072,Hudhud,Arabian Sea,2026-11-12T06:00:00Z,24.01,63.41,51.4,974.4,37.65,18.15,1,Severe Cyclonic Storm
CYC-2026-NIO-072,Hudhud,Arabian Sea,2026-11-12T12:00:00Z,24.32,63.45,46.6,982.9,29.1,21.05,0,Cyclonic Storm
CYC-2026-NIO-072,Hudhud,Arabian Sea,2026-11-12T18:00:00Z,24.9,63.36,39.1,990.3,21.7,18.34,0,Cyclonic Storm
CYC-2026-NIO-072,Hudhud,Arabian Sea,2026-11-13T00:00:00Z,25.54,63.38,31.1,997.0,14.96,14.57,0,Deep Depression
CYC-2026-NIO-072,Hudhud,Arabian Sea,2026-11-13T06:00:00Z,26.11,63.34,25.7,988.1,23.89,12.1,0,Depression
CYC-2026-NIO-072,Hudhud,Arabian Sea,2026-11-13T12:00:00Z,26.55,63.38,20.0,1001.1,10.89,9.86,0,Depression
CYC-2026-NIO-072,Hudhud,Arabian Sea,2026-11-13T18:00:00Z,27.0,63.32,20.0,1002.2,9.77,10.59,0,Depression
CYC-2026-NIO-073,Vardah,Bay of Bengal,2026-12-23T00:00:00Z,10.3,85.43,35.7,988.6,23.39,20.19,0,Cyclonic Storm
CYC-2026-NIO-073,Vardah,Bay of Bengal,2026-12-23T06:00:00Z,10.86,85.19,36.1,990.2,21.77,21.49,0,Cyclonic Storm
CYC-2026-NIO-073,Vardah,Bay of Bengal,2026-12-23T12:00:00Z,11.4,85.12,38.9,989.3,22.72,16.87,0,Cyclonic Storm
CYC-2026-NIO-073,Vardah,Bay of Bengal,2026-12-23T18:00:00Z,11.95,85.05,40.5,988.0,23.98,19.58,0,Cyclonic Storm
CYC-2026-NIO-073,Vardah,Bay of Bengal,2026-12-24T00:00:00Z,12.62,85.04,40.2,991.7,20.3,18.24,0,Cyclonic Storm
CYC-2026-NIO-073,Vardah,Bay of Bengal,2026-12-24T06:00:00Z,13.06,84.99,43.3,981.0,30.97,10.05,0,Cyclonic Storm
CYC-2026-NIO-073,Vardah,Bay of Bengal,2026-12-24T12:00:00Z,13.64,84.88,45.2,976.7,35.31,23.06,0,Cyclonic Storm
CYC-2026-NIO-073,Vardah,Bay of Bengal,2026-12-24T18:00:00Z,14.13,84.69,50.1,984.3,27.7,22.43,1,Severe Cyclonic Storm
CYC-2026-NIO-073,Vardah,Bay of Bengal,2026-12-25T00:00:00Z,14.66,84.62,50.2,980.6,31.43,19.37,1,Severe Cyclonic Storm
CYC-2026-NIO-073,Vardah,Bay of Bengal,2026-12-25T06:00:00Z,15.16,84.56,51.3,983.9,28.12,14.92,1,Severe Cyclonic Storm
CYC-2026-NIO-073,Vardah,Bay of Bengal,2026-12-25T12:00:00Z,15.62,84.63,52.0,980.4,31.59,14.42,1,Severe Cyclonic Storm
CYC-2026-NIO-073,Vardah,Bay of Bengal,2026-12-25T18:00:00Z,16.17,84.56,50.9,974.2,37.81,19.24,1,Severe Cyclonic Storm
CYC-2026-NIO-073,Vardah,Bay of Bengal,2026-12-26T00:00:00Z,16.8,84.46,51.3,982.2,29.75,18.04,1,Severe Cyclonic Storm
CYC-2026-NIO-073,Vardah,Bay of Bengal,2026-12-26T06:00:00Z,17.34,84.28,55.5,979.0,32.97,15.4,1,Severe Cyclonic Storm
CYC-2026-NIO-073,Vardah,Bay of Bengal,2026-12-26T12:00:00Z,17.79,84.14,57.5,977.9,34.12,14.81,1,Severe Cyclonic Storm
CYC-2026-NIO-073,Vardah,Bay of Bengal,2026-12-26T18:00:00Z,18.36,84.01,55.3,977.4,34.64,13.78,1,Severe Cyclonic Storm
CYC-2026-NIO-073,Vardah,Bay of Bengal,2026-12-27T00:00:00Z,18.9,84.03,58.5,978.1,33.87,22.43,1,Severe Cyclonic Storm
CYC-2026-NIO-073,Vardah,Bay of Bengal,2026-12-27T06:00:00Z,19.46,83.94,60.5,974.7,37.33,22.33,1,Severe Cyclonic Storm
CYC-2026-NIO-073,Vardah,Bay of Bengal,2026-12-27T12:00:00Z,19.91,83.79,55.3,972.7,39.33,15.01,1,Severe Cyclonic Storm
CYC-2026-NIO-073,Vardah,Bay of Bengal,2026-12-27T18:00:00Z,20.48,83.74,54.9,981.6,30.44,22.92,1,Severe Cyclonic Storm
CYC-2026-NIO-073,Vardah,Bay of Bengal,2026-12-28T00:00:00Z,20.95,83.63,51.5,977.7,34.34,9.82,1,Severe Cyclonic Storm
CYC-2026-NIO-073,Vardah,Bay of Bengal,2026-12-28T06:00:00Z,21.44,83.49,46.7,977.8,34.17,21.07,0,Cyclonic Storm
CYC-2026-NIO-073,Vardah,Bay of Bengal,2026-12-28T12:00:00Z,21.91,83.48,45.5,976.9,35.12,19.31,0,Cyclonic Storm
CYC-2026-NIO-073,Vardah,Bay of Bengal,2026-12-28T18:00:00Z,22.3,83.47,38.3,990.6,21.42,8.68,0,Cyclonic Storm
CYC-2026-NIO-073,Vardah,Bay of Bengal,2026-12-29T00:00:00Z,22.82,83.37,34.4,988.0,24.01,11.42,0,Cyclonic Storm
CYC-2026-NIO-073,Vardah,Bay of Bengal,2026-12-29T06:00:00Z,23.24,83.27,33.9,992.2,19.81,8.37,0,Deep Depression
CYC-2026-NIO-073,Vardah,Bay of Bengal,2026-12-29T12:00:00Z,23.8,83.14,38.7,991.9,20.05,23.23,0,Cyclonic Storm
CYC-2026-NIO-073,Vardah,Bay of Bengal,2026-12-29T18:00:00Z,24.25,83.24,34.5,990.7,21.32,17.65,0,Cyclonic Storm
CYC-2026-NIO-073,Vardah,Bay of Bengal,2026-12-30T00:00:00Z,24.66,83.2,32.9,984.8,27.18,9.83,0,Deep Depression
CYC-2026-NIO-073,Vardah,Bay of Bengal,2026-12-30T06:00:00Z,25.17,83.14,29.1,996.8,15.21,10.63,0,Deep Depression
CYC-2027-NIO-074,Gaja,Bay of Bengal,2027-02-12T12:00:00Z,11.37,87.23,31.2,993.2,18.76,15.01,0,Deep Depression
CYC-2027-NIO-074,Gaja,Bay of Bengal,2027-02-12T18:00:00Z,11.81,87.3,35.0,993.3,18.66,23.43,0,Cyclonic Storm
CYC-2027-NIO-074,Gaja,Bay of Bengal,2027-02-13T00:00:00Z,12.37,87.2,40.2,987.6,24.39,13.77,0,Cyclonic Storm
CYC-2027-NIO-074,Gaja,Bay of Bengal,2027-02-13T06:00:00Z,12.8,87.12,44.6,983.6,28.39,11.5,0,Cyclonic Storm
CYC-2027-NIO-074,Gaja,Bay of Bengal,2027-02-13T12:00:00Z,13.16,87.11,47.9,982.5,29.54,12.36,0,Cyclonic Storm
CYC-2027-NIO-074,Gaja,Bay of Bengal,2027-02-13T18:00:00Z,13.6,87.09,54.9,980.7,31.32,14.14,1,Severe Cyclonic Storm
CYC-2027-NIO-074,Gaja,Bay of Bengal,2027-02-14T00:00:00Z,13.94,86.95,57.7,973.1,38.94,17.57,1,Severe Cyclonic Storm
CYC-2027-NIO-074,Gaja,Bay of Bengal,2027-02-14T06:00:00Z,14.38,86.93,65.7,966.3,45.73,12.99,1,Very Severe Cyclonic Storm
CYC-2027-NIO-074,Gaja,Bay of Bengal,2027-02-14T12:00:00Z,14.8,86.93,69.5,971.6,40.37,19.73,1,Very Severe Cyclonic Storm
CYC-2027-NIO-074,Gaja,Bay of Bengal,2027-02-14T18:00:00Z,15.19,86.78,77.4,964.5,47.51,8.85,1,Very Severe Cyclonic Storm
CYC-2027-NIO-074,Gaja,Bay of Bengal,2027-02-15T00:00:00Z,15.64,86.85,84.9,960.9,51.05,21.53,1,Very Severe Cyclonic Storm
CYC-2027-NIO-074,Gaja,Bay of Bengal,2027-02-15T06:00:00Z,16.14,86.78,89.2,959.5,52.48,18.93,1,Very Severe Cyclonic Storm
CYC-2027-NIO-074,Gaja,Bay of Bengal,2027-02-15T12:00:00Z,16.7,86.89,92.7,952.7,59.26,20.2,1,Extremely Severe Cyclonic Storm
CYC-2027-NIO-074,Gaja,Bay of Bengal,2027-02-15T18:00:00Z,17.09,86.74,97.2,954.6,57.4,17.51,1,Extremely Severe Cyclonic Storm
CYC-2027-NIO-074,Gaja,Bay of Bengal,2027-02-16T00:00:00Z,17.65,86.8,101.1,942.9,69.06,13.28,1,Extremely Severe Cyclonic Storm
CYC-2027-NIO-074,Gaja,Bay of Bengal,2027-02-16T06:00:00Z,18.04,86.8,106.8,949.4,62.63,22.19,1,Extremely Severe Cyclonic Storm
CYC-2027-NIO-074,Gaja,Bay of Bengal,2027-02-16T12:00:00Z,18.32,86.72,111.6,942.3,69.69,23.36,1,Extremely Severe Cyclonic Storm
CYC-2027-NIO-074,Gaja,Bay of Bengal,2027-02-16T18:00:00Z,18.8,86.87,115.8,949.2,62.79,20.13,1,Extremely Severe Cyclonic Storm
CYC-2027-NIO-074,Gaja,Bay of Bengal,2027-02-17T00:00:00Z,19.32,86.83,119.5,936.5,75.55,16.36,1,Extremely Severe Cyclonic Storm
CYC-2027-NIO-074,Gaja,Bay of Bengal,2027-02-17T06:00:00Z,19.89,86.74,114.6,940.7,71.29,15.52,1,Extremely Severe Cyclonic Storm
CYC-2027-NIO-074,Gaja,Bay of Bengal,2027-02-17T12:00:00Z,20.22,86.74,111.1,947.7,64.32,14.28,1,Extremely Severe Cyclonic Storm
CYC-2027-NIO-074,Gaja,Bay of Bengal,2027-02-17T18:00:00Z,20.66,86.71,105.8,952.0,60.0,18.32,1,Extremely Severe Cyclonic Storm
CYC-2027-NIO-074,Gaja,Bay of Bengal,2027-02-18T00:00:00Z,21.06,86.78,98.5,954.1,57.9,21.16,1,Extremely Severe Cyclonic Storm
CYC-2027-NIO-074,Gaja,Bay of Bengal,2027-02-18T06:00:00Z,21.36,86.79,89.9,957.9,54.08,20.54,1,Very Severe Cyclonic Storm
CYC-2027-NIO-074,Gaja,Bay of Bengal,2027-02-18T12:00:00Z,21.7,86.79,85.7,958.4,53.61,9.14,1,Very Severe Cyclonic Storm
CYC-2027-NIO-074,Gaja,Bay of Bengal,2027-02-18T18:00:00Z,22.2,86.78,80.5,966.9,45.06,17.18,1,Very Severe Cyclonic Storm
CYC-2027-NIO-074,Gaja,Bay of Bengal,2027-02-19T00:00:00Z,22.62,86.78,73.3,969.3,42.72,13.56,1,Very Severe Cyclonic Storm
CYC-2027-NIO-074,Gaja,Bay of Bengal,2027-02-19T06:00:00Z,23.04,86.81,65.4,968.8,43.2,19.15,1,Very Severe Cyclonic Storm
CYC-2027-NIO-074,Gaja,Bay of Bengal,2027-02-19T12:00:00Z,23.55,86.79,59.3,975.2,36.76,23.18,1,Severe Cyclonic Storm
CYC-2027-NIO-074,Gaja,Bay of Bengal,2027-02-19T18:00:00Z,24.04,86.48,51.6,983.4,28.58,14.35,1,Severe Cyclonic Storm
CYC-2027-NIO-074,Gaja,Bay of Bengal,2027-02-20T00:00:00Z,24.42,86.37,42.1,989.0,23.0,22.97,0,Cyclonic Storm
CYC-2027-NIO-074,Gaja,Bay of Bengal,2027-02-20T06:00:00Z,24.97,86.3,30.5,993.9,18.14,19.4,0,Deep Depression
CYC-2027-NIO-075,Titli,Arabian Sea,2027-04-04T12:00:00Z,13.78,65.6,39.2,989.2,22.81,19.33,0,Cyclonic Storm
CYC-2027-NIO-075,Titli,Arabian Sea,2027-04-04T18:00:00Z,14.1,65.47,38.4,983.3,28.7,16.15,0,Cyclonic Storm
CYC-2027-NIO-075,Titli,Arabian Sea,2027-04-05T00:00:00Z,14.44,65.28,43.6,988.3,23.75,18.87,0,Cyclonic Storm
CYC-2027-NIO-075,Titli,Arabian Sea,2027-04-05T06:00:00Z,14.87,65.2,47.6,984.5,27.47,9.96,0,Cyclonic Storm
CYC-2027-NIO-075,Titli,Arabian Sea,2027-04-05T12:00:00Z,15.17,65.05,52.3,979.1,32.9,14.91,1,Severe Cyclonic Storm
CYC-2027-NIO-075,Titli,Arabian Sea,2027-04-05T18:00:00Z,15.45,64.88,55.8,977.8,34.21,9.6,1,Severe Cyclonic Storm
CYC-2027-NIO-075,Titli,Arabian Sea,2027-04-06T00:00:00Z,15.71,64.71,57.7,976.9,35.08,12.59,1,Severe Cyclonic Storm
CYC-2027-NIO-075,Titli,Arabian Sea,2027-04-06T06:00:00Z,16.0,64.5,62.6,975.4,36.61,18.88,1,Severe Cyclonic Storm
CYC-2027-NIO-075,Titli,Arabian Sea,2027-04-06T12:00:00Z,16.33,64.27,67.0,970.7,41.33,19.44,1,Very Severe Cyclonic Storm
CYC-2027-NIO-075,Titli,Arabian Sea,2027-04-06T18:00:00Z,16.77,64.12,69.5,969.9,42.09,20.55,1,Very Severe Cyclonic Storm
CYC-2027-NIO-075,Titli,Arabian Sea,2027-04-07T00:00:00Z,17.07,64.04,72.4,971.4,40.64,12.71,1,Very Severe Cyclonic Storm
CYC-2027-NIO-075,Titli,Arabian Sea,2027-04-07T06:00:00Z,17.42,63.83,73.8,967.9,44.1,11.44,1,Very Severe Cyclonic Storm
CYC-2027-NIO-075,Titli,Arabian Sea,2027-04-07T12:00:00Z,17.66,63.71,76.4,971.0,41.03,20.62,1,Very Severe Cyclonic Storm
CYC-2027-NIO-075,Titli,Arabian Sea,2027-04-07T18:00:00Z,17.9,63.44,79.7,962.6,49.4,22.46,1,Very Severe Cyclonic Storm
CYC-2027-NIO-075,Titli,Arabian Sea,2027-04-08T00:00:00Z,18.17,63.14,82.0,967.1,44.91,8.6,1,Very Severe Cyclonic Storm
CYC-2027-NIO-075,Titli,Arabian Sea,2027-04-08T06:00:00Z,18.37,62.93,85.3,967.2,44.76,13.49,1,Very Severe Cyclonic Storm
CYC-2027-NIO-075,Titli,Arabian Sea,2027-04-08T12:00:00Z,18.75,62.68,89.4,960.3,51.69,22.15,1,Very Severe Cyclonic Storm
CYC-2027-NIO-075,Titli,Arabian Sea,2027-04-08T18:00:00Z,19.0,62.32,80.4,969.4,42.58,15.71,1,Very Severe Cyclonic Storm
CYC-2027-NIO-075,Titli,Arabian Sea,2027-04-09T00:00:00Z,19.34,62.08,75.9,971.6,40.43,19.64,1,Very Severe Cyclonic Storm
CYC-2027-NIO-075,Titli,Arabian Sea,2027-04-09T06:00:00Z,19.63,61.81,73.5,961.1,50.94,8.26,1,Very Severe Cyclonic Storm
CYC-2027-NIO-075,Titli,Arabian Sea,2027-04-09T12:00:00Z,19.92,61.66,70.2,970.4,41.58,10.8,1,Very Severe Cyclonic Storm
CYC-2027-NIO-075,Titli,Arabian Sea,2027-04-09T18:00:00Z,20.27,61.49,68.7,967.1,44.93,21.73,1,Very Severe Cyclonic Storm
CYC-2027-NIO-075,Titli,Arabian Sea,2027-04-10T00:00:00Z,20.65,61.31,61.1,967.8,44.23,21.33,1,Severe Cyclonic Storm
CYC-2027-NIO-075,Titli,Arabian Sea,2027-04-10T06:00:00Z,20.9,61.03,55.3,978.1,33.92,8.59,1,Severe Cyclonic Storm
CYC-2027-NIO-075,Titli,Arabian Sea,2027-04-10T12:00:00Z,21.18,60.71,48.5,992.1,19.95,11.49,1,Severe Cyclonic Storm
CYC-2027-NIO-075,Titli,Arabian Sea,2027-04-10T18:00:00Z,21.47,60.42,47.7,983.4,28.56,23.16,0,Cyclonic Storm
CYC-2027-NIO-075,Titli,Arabian Sea,2027-04-11T00:00:00Z,21.74,60.17,44.8,989.9,22.1,18.46,0,Cyclonic Storm
CYC-2027-NIO-075,Titli,Arabian Sea,2027-04-11T06:00:00Z,22.11,59.8,41.8,982.1,29.91,15.43,0,Cyclonic Storm
CYC-2027-NIO-075,Titli,Arabian Sea,2027-04-11T12:00:00Z,22.36,59.56,39.0,987.0,25.03,18.18,0,Cyclonic Storm
CYC-2027-NIO-076,Nivar,Bay of Bengal,2027-04-30T18:00:00Z,8.03,89.52,34.7,991.6,20.4,10.63,0,Cyclonic Storm
CYC-2027-NIO-076,Nivar,Bay of Bengal,2027-05-01T00:00:00Z,8.52,89.58,39.0,993.7,18.3,12.23,0,Cyclonic Storm
CYC-2027-NIO-076,Nivar,Bay of Bengal,2027-05-01T06:00:00Z,8.94,89.5,46.1,981.3,30.7,22.47,0,Cyclonic Storm
CYC-2027-NIO-076,Nivar,Bay of Bengal,2027-05-01T12:00:00Z,9.31,89.57,49.7,985.3,26.74,20.3,1,Severe Cyclonic Storm
CYC-2027-NIO-076,Nivar,Bay of Bengal,2027-05-01T18:00:00Z,9.6,89.64,56.5,976.4,35.63,17.33,1,Severe Cyclonic Storm
CYC-2027-NIO-076,Nivar,Bay of Bengal,2027-05-02T00:00:00Z,9.97,89.62,60.4,978.5,33.47,9.19,1,Severe Cyclonic Storm
CYC-2027-NIO-076,Nivar,Bay of Bengal,2027-05-02T06:00:00Z,10.42,89.64,62.6,982.7,29.3,18.59,1,Severe Cyclonic Storm
CYC-2027-NIO-076,Nivar,Bay of Bengal,2027-05-02T12:00:00Z,10.89,89.67,66.4,974.6,37.4,20.78,1,Very Severe Cyclonic Storm
CYC-2027-NIO-076,Nivar,Bay of Bengal,2027-05-02T18:00:00Z,11.28,89.58,68.7,966.7,45.3,23.6,1,Very Severe Cyclonic Storm
CYC-2027-NIO-076,Nivar,Bay of Bengal,2027-05-03T00:00:00Z,11.79,89.67,73.0,966.4,45.63,19.83,1,Very Severe Cyclonic Storm
CYC-2027-NIO-076,Nivar,Bay of Bengal,2027-05-03T06:00:00Z,12.12,89.73,64.8,972.1,39.9,18.72,1,Very Severe Cyclonic Storm
CYC-2027-NIO-076,Nivar,Bay of Bengal,2027-05-03T12:00:00Z,12.59,89.86,55.5,977.5,34.54,9.09,1,Severe Cyclonic Storm
CYC-2027-NIO-076,Nivar,Bay of Bengal,2027-05-03T18:00:00Z,12.95,89.93,47.9,978.4,33.61,22.33,0,Cyclonic Storm
CYC-2027-NIO-076,Nivar,Bay of Bengal,2027-05-04T00:00:00Z,13.44,90.14,41.3,984.1,27.9,19.24,0,Cyclonic Storm
CYC-2027-NIO-076,Nivar,Bay of Bengal,2027-05-04T06:00:00Z,13.84,90.27,32.6,993.4,18.61,11.55,0,Deep Depression
CYC-2027-NIO-076,Nivar,Bay of Bengal,2027-05-04T12:00:00Z,14.35,90.22,29.4,994.9,17.05,14.88,0,Deep Depression
CYC-2027-NIO-076,Nivar,Bay of Bengal,2027-05-04T18:00:00Z,14.84,90.23,22.8,996.2,15.76,10.09,0,Depression
CYC-2027-NIO-077,Tauktae,Bay of Bengal,2027-05-31T00:00:00Z,8.4,90.3,41.2,989.1,22.94,9.49,0,Cyclonic Storm
CYC-2027-NIO-077,Tauktae,Bay of Bengal,2027-05-31T06:00:00Z,8.91,90.71,47.6,987.3,24.69,23.58,0,Cyclonic Storm
CYC-2027-NIO-077,Tauktae,Bay of Bengal,2027-05-31T12:00:00Z,9.4,91.09,55.8,980.5,31.54,17.02,1,Severe Cyclonic Storm
CYC-2027-NIO-077,Tauktae,Bay of Bengal,2027-05-31T18:00:00Z,9.84,91.4,65.6,970.3,41.7,20.13,1,Very Severe Cyclonic Storm
CYC-2027-NIO-077,Tauktae,Bay of Bengal,2027-06-01T00:00:00Z,10.25,91.83,76.0,972.0,39.96,23.79,1,Very Severe Cyclonic Storm
CYC-2027-NIO-077,Tauktae,Bay of Bengal,2027-06-01T06:00:00Z,10.55,92.15,85.8,962.2,49.76,22.99,1,Very Severe Cyclonic Storm
CYC-2027-NIO-077,Tauktae,Bay of Bengal,2027-06-01T12:00:00Z,10.97,92.65,95.3,956.3,55.69,15.85,1,Extremely Severe Cyclonic Storm
CYC-2027-NIO-077,Tauktae,Bay of Bengal,2027-06-01T18:00:00Z,11.36,93.01,102.2,948.9,63.11,12.77,1,Extremely Severe Cyclonic Storm
CYC-2027-NIO-077,Tauktae,Bay of Bengal,2027-06-02T00:00:00Z,11.63,93.51,109.0,947.3,64.74,9.98,1,Extremely Severe Cyclonic Storm
CYC-2027-NIO-077,Tauktae,Bay of Bengal,2027-06-02T06:00:00Z,11.9,93.91,115.7,941.9,70.15,22.33,1,Extremely Severe Cyclonic Storm
CYC-2027-NIO-077,Tauktae,Bay of Bengal,2027-06-02T12:00:00Z,12.28,94.34,121.7,946.0,66.01,19.23,1,Super Cyclonic Storm
CYC-2027-NIO-077,Tauktae,Bay of Bengal,2027-06-02T18:00:00Z,12.78,94.79,123.9,934.3,77.68,8.18,1,Super Cyclonic Storm
CYC-2027-NIO-077,Tauktae,Bay of Bengal,2027-06-03T00:00:00Z,13.24,95.25,111.3,943.3,68.66,21.17,1,Extremely Severe Cyclonic Storm
CYC-2027-NIO-077,Tauktae,Bay of Bengal,2027-06-03T06:00:00Z,13.65,95.63,100.3,950.2,61.77,11.82,1,Extremely Severe Cyclonic Storm
CYC-2027-NIO-077,Tauktae,Bay of Bengal,2027-06-03T12:00:00Z,14.14,96.18,92.2,955.0,57.04,20.68,1,Extremely Severe Cyclonic Storm
CYC-2027-NIO-077,Tauktae,Bay of Bengal,2027-06-03T18:00:00Z,14.51,96.56,83.4,961.8,50.17,10.06,1,Very Severe Cyclonic Storm
CYC-2027-NIO-077,Tauktae,Bay of Bengal,2027-06-04T00:00:00Z,14.99,96.93,75.4,963.2,48.81,16.79,1,Very Severe Cyclonic Storm
CYC-2027-NIO-077,Tauktae,Bay of Bengal,2027-06-04T06:00:00Z,15.5,97.37,63.2,977.6,34.37,23.26,1,Severe Cyclonic Storm
CYC-2027-NIO-077,Tauktae,Bay of Bengal,2027-06-04T12:00:00Z,16.01,97.77,54.6,976.8,35.2,16.77,1,Severe Cyclonic Storm
CYC-2027-NIO-077,Tauktae,Bay of Bengal,2027-06-04T18:00:00Z,16.53,98.16,44.2,983.7,28.29,20.03,0,Cyclonic Storm
CYC-2027-NIO-077,Tauktae,Bay of Bengal,2027-06-05T00:00:00Z,16.95,98.51,29.3,988.7,23.25,10.53,0,Deep Depression
CYC-2027-NIO-078,Yaas,Arabian Sea,2027-07-14T06:00:00Z,10.81,66.2,31.7,992.7,19.28,19.58,0,Deep Depression
CYC-2027-NIO-078,Yaas,Arabian Sea,2027-07-14T12:00:00Z,11.13,65.9,34.7,994.5,17.53,14.49,0,Cyclonic Storm
CYC-2027-NIO-078,Yaas,Arabian Sea,2027-07-14T18:00:00Z,11.47,65.62,36.9,986.8,25.18,22.28,0,Cyclonic Storm
CYC-2027-NIO-078,Yaas,Arabian Sea,2027-07-15T00:00:00Z,11.91,65.4,41.8,987.4,24.55,9.84,0,Cyclonic Storm
CYC-2027-NIO-078,Yaas,Arabian Sea,2027-07-15T06:00:00Z,12.28,65.08,42.1,984.1,27.94,12.23,0,Cyclonic Storm
CYC-2027-NIO-078,Yaas,Arabian Sea,2027-07-15T12:00:00Z,12.72,64.7,46.2,986.6,25.38,12.74,0,Cyclonic Storm
CYC-2027-NIO-078,Yaas,Arabian Sea,2027-07-15T18:00:00Z,13.23,64.41,48.1,982.0,29.97,19.13,1,Severe Cyclonic Storm
CYC-2027-NIO-078,Yaas,Arabian Sea,2027-07-16T00:00:00Z,13.65,64.06,48.6,985.5,26.46,11.15,1,Severe Cyclonic Storm
CYC-2027-NIO-078,Yaas,Arabian Sea,2027-07-16T06:00:00Z,13.95,63.93,53.5,982.7,29.28,23.89,1,Severe Cyclonic Storm
CYC-2027-NIO-078,Yaas,Arabian Sea,2027-07-16T12:00:00Z,14.2,63.69,56.1,975.1,36.89,16.37,1,Severe Cyclonic Storm
CYC-2027-NIO-078,Yaas,Arabian Sea,2027-07-16T18:00:00Z,14.57,63.43,53.0,981.2,30.79,14.47,1,Severe Cyclonic Storm
CYC-2027-NIO-078,Yaas,Arabian Sea,2027-07-17T00:00:00Z,14.8,63.16,54.3,978.3,33.72,11.03,1,Severe Cyclonic Storm
CYC-2027-NIO-078,Yaas,Arabian Sea,2027-07-17T06:00:00Z,15.14,62.86,58.9,968.5,43.54,18.19,1,Severe Cyclonic Storm
CYC-2027-NIO-078,Yaas,Arabian Sea,2027-07-17T12:00:00Z,15.36,62.52,62.6,974.3,37.73,19.58,1,Severe Cyclonic Storm
CYC-2027-NIO-078,Yaas,Arabian Sea,2027-07-17T18:00:00Z,15.65,62.38,64.3,973.6,38.43,17.38,1,Very Severe Cyclonic Storm
CYC-2027-NIO-078,Yaas,Arabian Sea,2027-07-18T00:00:00Z,15.83,62.14,67.5,969.3,42.68,8.86,1,Very Severe Cyclonic Storm
CYC-2027-NIO-078,Yaas,Arabian Sea,2027-07-18T06:00:00Z,16.17,61.78,71.2,965.9,46.13,18.15,1,Very Severe Cyclonic Storm
CYC-2027-NIO-078,Yaas,Arabian Sea,2027-07-18T12:00:00Z,16.45,61.57,74.5,969.0,43.02,13.52,1,Very Severe Cyclonic Storm
CYC-2027-NIO-078,Yaas,Arabian Sea,2027-07-18T18:00:00Z,16.85,61.25,76.2,964.6,47.45,9.9,1,Very Severe Cyclonic Storm
CYC-2027-NIO-078,Yaas,Arabian Sea,2027-07-19T00:00:00Z,17.34,60.9,79.7,962.3,49.7,15.0,1,Very Severe Cyclonic Storm
CYC-2027-NIO-078,Yaas,Arabian Sea,2027-07-19T06:00:00Z,17.73,60.63,78.6,960.0,52.03,20.05,1,Very Severe Cyclonic Storm
CYC-2027-NIO-078,Yaas,Arabian Sea,2027-07-19T12:00:00Z,18.16,60.31,76.7,968.8,43.22,21.18,1,Very Severe Cyclonic Storm
CYC-2027-NIO-078,Yaas,Arabian Sea,2027-07-19T18:00:00Z,18.47,59.93,77.7,965.8,46.2,17.27,1,Very Severe Cyclonic Storm
CYC-2027-NIO-078,Yaas,Arabian Sea,2027-07-20T00:00:00Z,18.71,59.66,73.5,972.7,39.26,13.08,1,Very Severe Cyclonic Storm
CYC-2027-NIO-078,Yaas,Arabian Sea,2027-07-20T06:00:00Z,19.08,59.34,71.8,971.3,40.68,8.57,1,Very Severe Cyclonic Storm
CYC-2027-NIO-078,Yaas,Arabian Sea,2027-07-20T12:00:00Z,19.46,59.14,68.4,967.4,44.58,15.23,1,Very Severe Cyclonic Storm
CYC-2027-NIO-078,Yaas,Arabian Sea,2027-07-20T18:00:00Z,19.75,58.9,68.6,970.2,41.79,23.32,1,Very Severe Cyclonic Storm
CYC-2027-NIO-078,Yaas,Arabian Sea,2027-07-21T00:00:00Z,20.15,58.67,67.5,978.5,33.47,22.77,1,Very Severe Cyclonic Storm
CYC-2027-NIO-078,Yaas,Arabian Sea,2027-07-21T06:00:00Z,20.44,58.28,60.8,975.9,36.08,21.42,1,Severe Cyclonic Storm
CYC-2027-NIO-078,Yaas,Arabian Sea,2027-07-21T12:00:00Z,20.64,58.1,56.8,982.9,29.12,14.03,1,Severe Cyclonic Storm
CYC-2027-NIO-078,Yaas,Arabian Sea,2027-07-21T18:00:00Z,20.94,57.78,54.5,976.9,35.08,17.84,1,Severe Cyclonic Storm
CYC-2027-NIO-078,Yaas,Arabian Sea,2027-07-22T00:00:00Z,21.25,57.52,56.3,972.9,39.08,16.21,1,Severe Cyclonic Storm
CYC-2027-NIO-078,Yaas,Arabian Sea,2027-07-22T06:00:00Z,21.61,57.33,53.3,984.9,27.14,17.66,1,Severe Cyclonic Storm
CYC-2027-NIO-078,Yaas,Arabian Sea,2027-07-22T12:00:00Z,22.06,57.01,49.9,984.6,27.36,21.13,1,Severe Cyclonic Storm
CYC-2027-NIO-079,Gulab,Bay of Bengal,2027-08-21T18:00:00Z,11.84,90.82,36.4,987.6,24.4,10.09,0,Cyclonic Storm
CYC-2027-NIO-079,Gulab,Bay of Bengal,2027-08-22T00:00:00Z,12.27,91.22,43.5,980.5,31.46,16.14,0,Cyclonic Storm
CYC-2027-NIO-079,Gulab,Bay of Bengal,2027-08-22T06:00:00Z,12.78,91.71,53.4,979.6,32.44,9.63,1,Severe Cyclonic Storm
CYC-2027-NIO-079,Gulab,Bay of Bengal,2027-08-22T12:00:00Z,13.31,92.01,62.4,974.3,37.73,15.77,1,Severe Cyclonic Storm
CYC-2027-NIO-079,Gulab,Bay of Bengal,2027-08-22T18:00:00Z,13.83,92.32,64.9,974.6,37.45,17.84,1,Very Severe Cyclonic Storm
CYC-2027-NIO-079,Gulab,Bay of Bengal,2027-08-23T00:00:00Z,14.4,92.52,70.3,972.7,39.32,23.87,1,Very Severe Cyclonic Storm
CYC-2027-NIO-079,Gulab,Bay of Bengal,2027-08-23T06:00:00Z,15.06,92.9,76.6,972.1,39.88,20.76,1,Very Severe Cyclonic Storm
CYC-2027-NIO-079,Gulab,Bay of Bengal,2027-08-23T12:00:00Z,15.5,93.29,85.2,970.7,41.29,21.18,1,Very Severe Cyclonic Storm
CYC-2027-NIO-079,Gulab,Bay of Bengal,2027-08-23T18:00:00Z,16.07,93.64,90.5,958.6,53.38,20.43,1,Extremely Severe Cyclonic Storm
CYC-2027-NIO-079,Gulab,Bay of Bengal,2027-08-24T00:00:00Z,16.61,93.95,99.0,946.2,65.75,9.91,1,Extremely Severe Cyclonic Storm
CYC-2027-NIO-079,Gulab,Bay of Bengal,2027-08-24T06:00:00Z,17.2,94.31,102.9,943.9,68.14,19.85,1,Extremely Severe Cyclonic Storm
CYC-2027-NIO-079,Gulab,Bay of Bengal,2027-08-24T12:00:00Z,17.91,94.71,108.3,937.3,74.72,23.84,1,Extremely Severe Cyclonic Storm
CYC-2027-NIO-079,Gulab,Bay of Bengal,2027-08-24T18:00:00Z,18.45,94.92,116.2,939.2,72.83,20.22,1,Extremely Severe Cyclonic Storm
CYC-2027-NIO-079,Gulab,Bay of Bengal,2027-08-25T00:00:00Z,18.99,95.23,122.1,937.9,74.13,14.57,1,Super Cyclonic Storm
CYC-2027-NIO-079,Gulab,Bay of Bengal,2027-08-25T06:00:00Z,19.56,95.57,129.0,933.4,78.61,15.86,1,Super Cyclonic Storm
CYC-2027-NIO-079,Gulab,Bay of Bengal,2027-08-25T12:00:00Z,20.07,95.91,136.1,929.8,82.24,17.43,1,Super Cyclonic Storm
CYC-2027-NIO-079,Gulab,Bay of Bengal,2027-08-25T18:00:00Z,20.74,96.12,141.5,928.9,83.13,16.08,1,Super Cyclonic Storm
CYC-2027-NIO-079,Gulab,Bay of Bengal,2027-08-26T00:00:00Z,21.37,96.56,145.2,930.2,81.76,13.02,1,Super Cyclonic Storm
CYC-2027-NIO-079,Gulab,Bay of Bengal,2027-08-26T06:00:00Z,21.86,96.94,139.7,926.9,85.14,8.13,1,Super Cyclonic Storm
CYC-2027-NIO-079,Gulab,Bay of Bengal,2027-08-26T12:00:00Z,22.43,97.3,134.2,933.0,79.0,20.64,1,Super Cyclonic Storm
CYC-2027-NIO-079,Gulab,Bay of Bengal,2027-08-26T18:00:00Z,22.98,97.64,125.2,937.0,75.04,22.12,1,Super Cyclonic Storm
CYC-2027-NIO-079,Gulab,Bay of Bengal,2027-08-27T00:00:00Z,23.54,97.99,112.8,944.3,67.69,10.4,1,Extremely Severe Cyclonic Storm
CYC-2027-NIO-079,Gulab,Bay of Bengal,2027-08-27T06:00:00Z,24.01,98.41,100.9,946.5,65.52,15.47,1,Extremely Severe Cyclonic Storm
CYC-2027-NIO-079,Gulab,Bay of Bengal,2027-08-27T12:00:00Z,24.56,98.76,90.8,953.2,58.82,21.68,1,Extremely Severe Cyclonic Storm
CYC-2027-NIO-079,Gulab,Bay of Bengal,2027-08-27T18:00:00Z,25.06,98.99,85.6,961.4,50.64,20.98,1,Very Severe Cyclonic Storm
CYC-2027-NIO-079,Gulab,Bay of Bengal,2027-08-28T00:00:00Z,25.6,99.35,73.1,967.3,44.65,13.4,1,Very Severe Cyclonic Storm
CYC-2027-NIO-079,Gulab,Bay of Bengal,2027-08-28T06:00:00Z,26.13,99.68,67.0,973.1,38.87,21.29,1,Very Severe Cyclonic Storm
CYC-2027-NIO-079,Gulab,Bay of Bengal,2027-08-28T12:00:00Z,26.6,99.94,62.4,969.3,42.65,12.56,1,Severe Cyclonic Storm
CYC-2027-NIO-079,Gulab,Bay of Bengal,2027-08-28T18:00:00Z,27.19,100.29,53.3,978.8,33.16,16.44,1,Severe Cyclonic Storm
CYC-2027-NIO-079,Gulab,Bay of Bengal,2027-08-29T00:00:00Z,27.74,100.66,44.4,996.4,15.61,15.83,0,Cyclonic Storm
CYC-2027-NIO-079,Gulab,Bay of Bengal,2027-08-29T06:00:00Z,28.2,100.97,36.4,996.5,15.51,23.34,0,Cyclonic Storm
CYC-2027-NIO-080,Jawad,Bay of Bengal,2027-10-06T12:00:00Z,10.49,90.97,33.2,988.8,23.24,16.45,0,Deep Depression
CYC-2027-NIO-080,Jawad,Bay of Bengal,2027-10-06T18:00:00Z,10.91,91.0,37.2,991.0,21.0,11.42,0,Cyclonic Storm
CYC-2027-NIO-080,Jawad,Bay of Bengal,2027-10-07T00:00:00Z,11.57,91.11,40.0,987.8,24.19,14.95,0,Cyclonic Storm
CYC-2027-NIO-080,Jawad,Bay of Bengal,2027-10-07T06:00:00Z,12.11,91.1,44.3,987.4,24.57,15.34,0,Cyclonic Storm
CYC-2027-NIO-080,Jawad,Bay of Bengal,2027-10-07T12:00:00Z,12.53,91.23,43.6,987.5,24.54,23.28,0,Cyclonic Storm
CYC-2027-NIO-080,Jawad,Bay of Bengal,2027-10-07T18:00:00Z,12.92,91.29,44.9,982.3,29.73,21.33,0,Cyclonic Storm
CYC-2027-NIO-080,Jawad,Bay of Bengal,2027-10-08T00:00:00Z,13.53,91.39,46.4,982.9,29.11,8.1,0,Cyclonic Storm
CYC-2027-NIO-080,Jawad,Bay of Bengal,2027-10-08T06:00:00Z,14.08,91.47,46.7,988.4,23.57,22.03,0,Cyclonic Storm
CYC-2027-NIO-080,Jawad,Bay of Bengal,2027-10-08T12:00:00Z,14.59,91.62,48.3,980.9,31.12,15.5,1,Severe Cyclonic Storm
CYC-2027-NIO-080,Jawad,Bay of Bengal,2027-10-08T18:00:00Z,15.0,91.65,51.7,978.3,33.66,23.84,1,Severe Cyclonic Storm
CYC-2027-NIO-080,Jawad,Bay of Bengal,2027-10-09T00:00:00Z,15.49,91.81,52.6,977.6,34.38,10.19,1,Severe Cyclonic Storm
CYC-2027-NIO-080,Jawad,Bay of Bengal,2027-10-09T06:00:00Z,16.21,91.98,57.1,982.4,29.59,12.68,1,Severe Cyclonic Storm
CYC-2027-NIO-080,Jawad,Bay of Bengal,2027-10-09T12:00:00Z,16.86,91.96,57.2,975.2,36.77,13.99,1,Severe Cyclonic Storm
CYC-2027-NIO-080,Jawad,Bay of Bengal,2027-10-09T18:00:00Z,17.37,92.03,60.2,976.9,35.11,11.52,1,Severe Cyclonic Storm
CYC-2027-NIO-080,Jawad,Bay of Bengal,2027-10-10T00:00:00Z,17.93,92.09,61.7,969.8,42.22,9.03,1,Severe Cyclonic Storm
CYC-2027-NIO-080,Jawad,Bay of Bengal,2027-10-10T06:00:00Z,18.53,92.12,62.9,976.6,35.4,13.37,1,Severe Cyclonic Storm
CYC-2027-NIO-080,Jawad,Bay of Bengal,2027-10-10T12:00:00Z,19.2,92.22,66.2,974.1,37.94,8.26,1,Very Severe Cyclonic Storm
CYC-2027-NIO-080,Jawad,Bay of Bengal,2027-10-10T18:00:00Z,19.79,92.22,68.8,970.6,41.42,18.65,1,Very Severe Cyclonic Storm
CYC-2027-NIO-080,Jawad,Bay of Bengal,2027-10-11T00:00:00Z,20.31,92.36,61.7,975.3,36.7,14.92,1,Severe Cyclonic Storm
CYC-2027-NIO-080,Jawad,Bay of Bengal,2027-10-11T06:00:00Z,20.88,92.44,53.5,974.5,37.53,8.87,1,Severe Cyclonic Storm
CYC-2027-NIO-080,Jawad,Bay of Bengal,2027-10-11T12:00:00Z,21.46,92.6,50.6,981.5,30.51,17.47,1,Severe Cyclonic Storm
CYC-2027-NIO-080,Jawad,Bay of Bengal,2027-10-11T18:00:00Z,21.92,92.72,45.7,980.2,31.8,8.86,0,Cyclonic Storm
CYC-2027-NIO-080,Jawad,Bay of Bengal,2027-10-12T00:00:00Z,22.4,92.76,37.7,993.0,19.03,19.54,0,Cyclonic Storm
CYC-2027-NIO-080,Jawad,Bay of Bengal,2027-10-12T06:00:00Z,22.92,92.82,34.5,988.2,23.84,23.13,0,Cyclonic Storm
CYC-2027-NIO-080,Jawad,Bay of Bengal,2027-10-12T12:00:00Z,23.41,92.84,30.5,990.3,21.68,18.88,0,Deep Depression
CYC-2027-NIO-080,Jawad,Bay of Bengal,2027-10-12T18:00:00Z,24.03,92.95,29.8,994.0,18.04,12.63,0,Deep Depression
CYC-2027-NIO-080,Jawad,Bay of Bengal,2027-10-13T00:00:00Z,24.67,93.15,21.4,1000.5,11.51,18.2,0,Depression
CYC-2027-NIO-080,Jawad,Bay of Bengal,2027-10-13T06:00:00Z,25.23,93.31,20.0,1003.2,8.82,18.85,0,Depression
CYC-2027-NIO-080,Jawad,Bay of Bengal,2027-10-13T12:00:00Z,25.76,93.46,20.0,1003.6,8.4,8.95,0,Depression
CYC-2027-NIO-080,Jawad,Bay of Bengal,2027-10-13T18:00:00Z,26.23,93.55,20.8,1003.7,8.3,8.56,0,Depression
CYC-2027-NIO-080,Jawad,Bay of Bengal,2027-10-14T00:00:00Z,26.6,93.7,20.0,1001.1,10.94,21.16,0,Depression
CYC-2027-NIO-081,Mocha,Arabian Sea,2027-11-30T06:00:00Z,12.59,71.58,33.2,1001.5,10.5,12.4,0,Deep Depression
CYC-2027-NIO-081,Mocha,Arabian Sea,2027-11-30T12:00:00Z,13.23,71.71,38.1,993.6,18.38,15.48,0,Cyclonic Storm
CYC-2027-NIO-081,Mocha,Arabian Sea,2027-11-30T18:00:00Z,13.59,71.95,41.4,983.3,28.66,16.49,0,Cyclonic Storm
CYC-2027-NIO-081,Mocha,Arabian Sea,2027-12-01T00:00:00Z,14.16,72.11,44.2,987.2,24.83,10.79,0,Cyclonic Storm
CYC-2027-NIO-081,Mocha,Arabian Sea,2027-12-01T06:00:00Z,14.7,72.21,50.7,981.9,30.06,17.22,1,Severe Cyclonic Storm
CYC-2027-NIO-081,Mocha,Arabian Sea,2027-12-01T12:00:00Z,15.24,72.4,56.3,986.0,25.97,19.57,1,Severe Cyclonic Storm
CYC-2027-NIO-081,Mocha,Arabian Sea,2027-12-01T18:00:00Z,15.69,72.53,60.2,973.6,38.39,17.59,1,Severe Cyclonic Storm
CYC-2027-NIO-081,Mocha,Arabian Sea,2027-12-02T00:00:00Z,16.18,72.64,65.3,965.4,46.65,12.46,1,Very Severe Cyclonic Storm
CYC-2027-NIO-081,Mocha,Arabian Sea,2027-12-02T06:00:00Z,16.73,72.75,71.2,965.3,46.71,17.09,1,Very Severe Cyclonic Storm
CYC-2027-NIO-081,Mocha,Arabian Sea,2027-12-02T12:00:00Z,17.3,72.8,74.7,966.1,45.93,21.68,1,Very Severe Cyclonic Storm
CYC-2027-NIO-081,Mocha,Arabian Sea,2027-12-02T18:00:00Z,17.76,72.95,75.3,967.0,45.03,14.42,1,Very Severe Cyclonic Storm
CYC-2027-NIO-081,Mocha,Arabian Sea,2027-12-03T00:00:00Z,18.33,73.13,81.8,953.2,58.79,22.91,1,Very Severe Cyclonic Storm
CYC-2027-NIO-081,Mocha,Arabian Sea,2027-12-03T06:00:00Z,18.84,73.17,86.6,954.6,57.36,16.94,1,Very Severe Cyclonic Storm
CYC-2027-NIO-081,Mocha,Arabian Sea,2027-12-03T12:00:00Z,19.43,73.28,93.0,959.8,52.17,10.41,1,Extremely Severe Cyclonic Storm
CYC-2027-NIO-081,Mocha,Arabian Sea,2027-12-03T18:00:00Z,19.91,73.4,98.8,952.1,59.9,12.04,1,Extremely Severe Cyclonic Storm
CYC-2027-NIO-081,Mocha,Arabian Sea,2027-12-04T00:00:00Z,20.51,73.51,105.5,951.3,60.69,11.42,1,Extremely Severe Cyclonic Storm
CYC-2027-NIO-081,Mocha,Arabian Sea,2027-12-04T06:00:00Z,20.95,73.71,109.4,947.4,64.58,19.13,1,Extremely Severe Cyclonic Storm
CYC-2027-NIO-081,Mocha,Arabian Sea,2027-12-04T12:00:00Z,21.44,73.81,104.6,945.2,66.82,12.55,1,Extremely Severe Cyclonic Storm
CYC-2027-NIO-081,Mocha,Arabian Sea,2027-12-04T18:00:00Z,21.91,73.97,97.5,951.1,60.91,19.88,1,Extremely Severe Cyclonic Storm
CYC-2027-NIO-081,Mocha,Arabian Sea,2027-12-05T00:00:00Z,22.38,74.11,95.5,961.5,50.47,13.06,1,Extremely Severe Cyclonic Storm
CYC-2027-NIO-081,Mocha,Arabian Sea,2027-12-05T06:00:00Z,22.82,74.41,92.0,957.0,54.97,21.4,1,Extremely Severe Cyclonic Storm
CYC-2027-NIO-081,Mocha,Arabian Sea,2027-12-05T12:00:00Z,23.24,74.58,82.0,963.0,48.97,9.93,1,Very Severe Cyclonic Storm
CYC-2027-NIO-081,Mocha,Arabian Sea,2027-12-05T18:00:00Z,23.7,74.64,77.6,960.1,51.88,16.95,1,Very Severe Cyclonic Storm
CYC-2027-NIO-081,Mocha,Arabian Sea,2027-12-06T00:00:00Z,24.22,74.78,71.7,971.9,40.12,19.75,1,Very Severe Cyclonic Storm
CYC-2027-NIO-081,Mocha,Arabian Sea,2027-12-06T06:00:00Z,24.86,74.95,64.3,964.9,47.11,16.26,1,Very Severe Cyclonic Storm
CYC-2027-NIO-081,Mocha,Arabian Sea,2027-12-06T12:00:00Z,25.35,75.04,57.5,979.2,32.8,20.83,1,Severe Cyclonic Storm
CYC-2027-NIO-081,Mocha,Arabian Sea,2027-12-06T18:00:00Z,25.94,75.23,48.9,987.5,24.49,18.68,1,Severe Cyclonic Storm
CYC-2027-NIO-081,Mocha,Arabian Sea,2027-12-07T00:00:00Z,26.27,75.39,45.6,988.9,23.13,16.69,0,Cyclonic Storm
CYC-2027-NIO-082,Biparjoy,Bay of Bengal,2028-01-14T06:00:00Z,8.66,86.47,33.3,983.0,29.03,14.71,0,Deep Depression
CYC-2027-NIO-082,Biparjoy,Bay of Bengal,2028-01-14T12:00:00Z,9.0,86.91,40.1,989.2,22.82,10.18,0,Cyclonic Storm
CYC-2027-NIO-082,Biparjoy,Bay of Bengal,2028-01-14T18:00:00Z,9.37,87.1,45.4,986.1,25.9,13.75,0,Cyclonic Storm
CYC-2027-NIO-082,Biparjoy,Bay of Bengal,2028-01-15T00:00:00Z,9.65,87.36,51.9,980.4,31.57,21.18,1,Severe Cyclonic Storm
CYC-2027-NIO-082,Biparjoy,Bay of Bengal,2028-01-15T06:00:00Z,10.17,87.66,60.8,967.7,44.34,8.93,1,Severe Cyclonic Storm
CYC-2027-NIO-082,Biparjoy,Bay of Bengal,2028-01-15T12:00:00Z,10.49,87.98,67.1,973.5,38.54,11.79,1,Very Severe Cyclonic Storm
CYC-2027-NIO-082,Biparjoy,Bay of Bengal,2028-01-15T18:00:00Z,10.82,88.13,69.3,973.3,38.71,17.48,1,Very Severe Cyclonic Storm
CYC-2027-NIO-082,Biparjoy,Bay of Bengal,2028-01-16T00:00:00Z,11.15,88.43,75.7,955.7,56.29,10.35,1,Very Severe Cyclonic Storm
CYC-2027-NIO-082,Biparjoy,Bay of Bengal,2028-01-16T06:00:00Z,11.41,88.75,82.4,963.3,48.75,11.13,1,Very Severe Cyclonic Storm
CYC-2027-NIO-082,Biparjoy,Bay of Bengal,2028-01-16T12:00:00Z,11.69,89.04,85.6,958.7,53.29,13.97,1,Very Severe Cyclonic Storm
CYC-2027-NIO-082,Biparjoy,Bay of Bengal,2028-01-16T18:00:00Z,11.9,89.3,92.3,957.6,54.44,14.41,1,Extremely Severe Cyclonic Storm
CYC-2027-NIO-082,Biparjoy,Bay of Bengal,2028-01-17T00:00:00Z,12.2,89.54,98.1,957.6,54.41,15.28,1,Extremely Severe Cyclonic Storm
CYC-2027-NIO-082,Biparjoy,Bay of Bengal,2028-01-17T06:00:00Z,12.53,89.76,103.9,949.3,62.66,22.15,1,Extremely Severe Cyclonic Storm
CYC-2027-NIO-082,Biparjoy,Bay of Bengal,2028-01-17T12:00:00Z,12.89,90.01,108.3,941.4,70.64,22.03,1,Extremely Severe Cyclonic Storm
CYC-2027-NIO-082,Biparjoy,Bay of Bengal,2028-01-17T18:00:00Z,13.07,90.34,114.9,940.7,71.31,17.99,1,Extremely Severe Cyclonic Storm
CYC-2027-NIO-082,Biparjoy,Bay of Bengal,2028-01-18T00:00:00Z,13.3,90.64,106.3,947.8,64.21,16.32,1,Extremely Severe Cyclonic Storm
CYC-2027-NIO-082,Biparjoy,Bay of Bengal,2028-01-18T06:00:00Z,13.69,90.76,100.1,956.6,55.44,10.86,1,Extremely Severe Cyclonic Storm
CYC-2027-NIO-082,Biparjoy,Bay of Bengal,2028-01-18T12:00:00Z,14.18,91.14,90.6,959.1,52.93,13.94,1,Extremely Severe Cyclonic Storm
CYC-2027-NIO-082,Biparjoy,Bay of Bengal,2028-01-18T18:00:00Z,14.69,91.37,81.3,971.2,40.84,11.28,1,Very Severe Cyclonic Storm
CYC-2027-NIO-082,Biparjoy,Bay of Bengal,2028-01-19T00:00:00Z,15.09,91.73,75.0,978.7,33.34,9.82,1,Very Severe Cyclonic Storm
CYC-2027-NIO-082,Biparjoy,Bay of Bengal,2028-01-19T06:00:00Z,15.42,91.99,66.5,971.7,40.3,20.54,1,Very Severe Cyclonic Storm
CYC-2027-NIO-082,Biparjoy,Bay of Bengal,2028-01-19T12:00:00Z,15.79,92.47,60.7,974.5,37.48,15.9,1,Severe Cyclonic Storm
CYC-2027-NIO-082,Biparjoy,Bay of Bengal,2028-01-19T18:00:00Z,16.26,92.93,51.4,983.5,28.46,22.24,1,Severe Cyclonic Storm
CYC-2027-NIO-082,Biparjoy,Bay of Bengal,2028-01-20T00:00:00Z,16.64,93.25,43.5,990.7,21.33,14.2,0,Cyclonic Storm
CYC-2027-NIO-082,Biparjoy,Bay of Bengal,2028-01-20T06:00:00Z,16.95,93.57,32.9,992.3,19.67,11.42,0,Deep Depression
CYC-2027-NIO-082,Biparjoy,Bay of Bengal,2028-01-20T12:00:00Z,17.35,93.87,29.8,990.3,21.74,15.05,0,Deep Depression
CYC-2028-NIO-083,Tej,Bay of Bengal,2028-03-08T18:00:00Z,9.53,90.54,33.4,992.7,19.34,16.48,0,Deep Depression
CYC-2028-NIO-083,Tej,Bay of Bengal,2028-03-09T00:00:00Z,10.02,90.65,39.6,992.3,19.68,11.31,0,Cyclonic Storm
CYC-2028-NIO-083,Tej,Bay of Bengal,2028-03-09T06:00:00Z,10.53,90.86,45.5,979.8,32.21,8.5,0,Cyclonic Storm
CYC-2028-NIO-083,Tej,Bay of Bengal,2028-03-09T12:00:00Z,10.96,90.87,48.4,982.3,29.66,9.92,1,Severe Cyclonic Storm
CYC-2028-NIO-083,Tej,Bay of Bengal,2028-03-09T18:00:00Z,11.46,91.08,48.6,989.6,22.4,23.62,1,Severe Cyclonic Storm
CYC-2028-NIO-083,Tej,Bay of Bengal,2028-03-10T00:00:00Z,11.85,91.18,56.6,985.8,26.16,23.54,1,Severe Cyclonic Storm
CYC-2028-NIO-083,Tej,Bay of Bengal,2028-03-10T06:00:00Z,12.34,91.17,60.0,978.0,34.02,18.12,1,Severe Cyclonic Storm
CYC-2028-NIO-083,Tej,Bay of Bengal,2028-03-10T12:00:00Z,12.79,91.22,64.9,970.2,41.79,21.61,1,Very Severe Cyclonic Storm
CYC-2028-NIO-083,Tej,Bay of Bengal,2028-03-10T18:00:00Z,13.23,91.24,71.9,966.0,45.99,16.69,1,Very Severe Cyclonic Storm
CYC-2028-NIO-083,Tej,Bay of Bengal,2028-03-11T00:00:00Z,13.69,91.33,80.8,968.3,43.67,20.63,1,Very Severe Cyclonic Storm
CYC-2028-NIO-083,Tej,Bay of Bengal,2028-03-11T06:00:00Z,14.11,91.44,86.8,958.6,53.38,21.11,1,Very Severe Cyclonic Storm
CYC-2028-NIO-083,Tej,Bay of Bengal,2028-03-11T12:00:00Z,14.5,91.57,91.2,961.8,50.22,8.58,1,Extremely Severe Cyclonic Storm
CYC-2028-NIO-083,Tej,Bay of Bengal,2028-03-11T18:00:00Z,15.05,91.58,97.0,947.6,64.45,20.99,1,Extremely Severe Cyclonic Storm
CYC-2028-NIO-083,Tej,Bay of Bengal,2028-03-12T00:00:00Z,15.54,91.78,99.4,955.1,56.93,14.92,1,Extremely Severe Cyclonic Storm
CYC-2028-NIO-083,Tej,Bay of Bengal,2028-03-12T06:00:00Z,16.04,91.82,105.0,946.1,65.9,12.16,1,Extremely Severe Cyclonic Storm
CYC-2028-NIO-083,Tej,Bay of Bengal,2028-03-12T12:00:00Z,16.35,91.87,107.7,944.0,68.04,20.04,1,Extremely Severe Cyclonic Storm
CYC-2028-NIO-083,Tej,Bay of Bengal,2028-03-12T18:00:00Z,16.92,91.87,116.9,934.1,77.94,16.69,1,Extremely Severe Cyclonic Storm
CYC-2028-NIO-083,Tej,Bay of Bengal,2028-03-13T00:00:00Z,17.38,91.96,122.7,936.9,75.06,10.4,1,Super Cyclonic Storm
CYC-2028-NIO-083,Tej,Bay of Bengal,2028-03-13T06:00:00Z,17.76,92.06,115.0,946.1,65.89,13.27,1,Extremely Severe Cyclonic Storm
CYC-2028-NIO-083,Tej,Bay of Bengal,2028-03-13T12:00:00Z,18.2,92.05,109.8,952.2,59.82,11.94,1,Extremely Severe Cyclonic Storm
CYC-2028-NIO-083,Tej,Bay of Bengal,2028-03-13T18:00:00Z,18.51,92.26,103.2,949.0,63.0,19.32,1,Extremely Severe Cyclonic Storm
CYC-2028-NIO-083,Tej,Bay of Bengal,2028-03-14T00:00:00Z,18.96,92.34,95.5,945.1,66.88,12.3,1,Extremely Severe Cyclonic Storm
CYC-2028-NIO-083,Tej,Bay of Bengal,2028-03-14T06:00:00Z,19.5,92.41,85.9,956.1,55.9,12.06,1,Very Severe Cyclonic Storm
CYC-2028-NIO-083,Tej,Bay of Bengal,2028-03-14T12:00:00Z,19.87,92.44,76.3,964.0,48.0,13.73,1,Very Severe Cyclonic Storm
CYC-2028-NIO-083,Tej,Bay of Bengal,2028-03-14T18:00:00Z,20.35,92.48,72.9,970.9,41.06,12.05,1,Very Severe Cyclonic Storm
CYC-2028-NIO-083,Tej,Bay of Bengal,2028-03-15T00:00:00Z,20.79,92.57,67.4,974.3,37.71,23.64,1,Very Severe Cyclonic Storm
CYC-2028-NIO-083,Tej,Bay of Bengal,2028-03-15T06:00:00Z,21.24,92.6,57.0,976.7,35.29,20.26,1,Severe Cyclonic Storm
CYC-2028-NIO-083,Tej,Bay of Bengal,2028-03-15T12:00:00Z,21.78,92.51,51.3,980.2,31.79,15.67,1,Severe Cyclonic Storm
CYC-2028-NIO-083,Tej,Bay of Bengal,2028-03-15T18:00:00Z,22.28,92.71,42.6,982.1,29.95,18.96,0,Cyclonic Storm
CYC-2028-NIO-083,Tej,Bay of Bengal,2028-03-16T00:00:00Z,22.79,92.8,40.9,987.6,24.43,10.73,0,Cyclonic Storm
CYC-2028-NIO-083,Tej,Bay of Bengal,2028-03-16T06:00:00Z,23.22,92.95,30.7,985.9,26.07,8.43,0,Deep Depression
CYC-2028-NIO-084,Hamoon,Arabian Sea,2028-04-18T12:00:00Z,10.12,70.47,33.6,992.0,19.96,17.77,0,Deep Depression
CYC-2028-NIO-084,Hamoon,Arabian Sea,2028-04-18T18:00:00Z,10.57,70.46,38.3,988.4,23.56,22.64,0,Cyclonic Storm
CYC-2028-NIO-084,Hamoon,Arabian Sea,2028-04-19T00:00:00Z,10.95,70.3,45.5,993.8,18.19,9.58,0,Cyclonic Storm
CYC-2028-NIO-084,Hamoon,Arabian Sea,2028-04-19T06:00:00Z,11.29,70.22,48.1,981.5,30.53,16.99,1,Severe Cyclonic Storm
CYC-2028-NIO-084,Hamoon,Arabian Sea,2028-04-19T12:00:00Z,11.69,70.31,49.2,977.8,34.2,21.47,1,Severe Cyclonic Storm
CYC-2028-NIO-084,Hamoon,Arabian Sea,2028-04-19T18:00:00Z,12.12,70.17,53.3,986.0,26.01,12.76,1,Severe Cyclonic Storm
CYC-2028-NIO-084,Hamoon,Arabian Sea,2028-04-20T00:00:00Z,12.42,70.09,58.5,971.4,40.55,21.59,1,Severe Cyclonic Storm
CYC-2028-NIO-084,Hamoon,Arabian Sea,2028-04-20T06:00:00Z,12.75,70.11,63.8,970.7,41.27,16.94,1,Severe Cyclonic Storm
CYC-2028-NIO-084,Hamoon,Arabian Sea,2028-04-20T12:00:00Z,12.95,70.05,74.7,969.1,42.9,21.2,1,Very Severe Cyclonic Storm
CYC-2028-NIO-084,Hamoon,Arabian Sea,2028-04-20T18:00:00Z,13.39,69.98,81.9,964.5,47.55,10.37,1,Very Severe Cyclonic Storm
CYC-2028-NIO-084,Hamoon,Arabian Sea,2028-04-21T00:00:00Z,13.79,69.98,86.1,958.5,53.5,22.82,1,Very Severe Cyclonic Storm
CYC-2028-NIO-084,Hamoon,Arabian Sea,2028-04-21T06:00:00Z,14.16,69.87,93.4,951.0,61.04,21.43,1,Extremely Severe Cyclonic Storm
CYC-2028-NIO-084,Hamoon,Arabian Sea,2028-04-21T12:00:00Z,14.45,69.65,86.4,963.9,48.14,11.75,1,Very Severe Cyclonic Storm
CYC-2028-NIO-084,Hamoon,Arabian Sea,2028-04-21T18:00:00Z,14.95,69.53,79.8,961.9,50.06,8.75,1,Very Severe Cyclonic Storm
CYC-2028-NIO-084,Hamoon,Arabian Sea,2028-04-22T00:00:00Z,15.42,69.44,69.8,973.9,38.11,18.79,1,Very Severe Cyclonic Storm
CYC-2028-NIO-084,Hamoon,Arabian Sea,2028-04-22T06:00:00Z,15.71,69.33,63.8,984.3,27.73,19.66,1,Severe Cyclonic Storm
CYC-2028-NIO-084,Hamoon,Arabian Sea,2028-04-22T12:00:00Z,15.93,69.2,58.8,974.0,37.99,12.25,1,Severe Cyclonic Storm
CYC-2028-NIO-084,Hamoon,Arabian Sea,2028-04-22T18:00:00Z,16.28,69.08,53.5,984.6,27.44,18.69,1,Severe Cyclonic Storm
CYC-2028-NIO-084,Hamoon,Arabian Sea,2028-04-23T00:00:00Z,16.7,69.14,46.5,984.9,27.14,13.23,0,Cyclonic Storm
CYC-2028-NIO-084,Hamoon,Arabian Sea,2028-04-23T06:00:00Z,17.1,68.97,41.6,991.6,20.37,16.63,0,Cyclonic Storm
CYC-2028-NIO-085,Midhili,Bay of Bengal,2028-06-04T12:00:00Z,10.97,84.52,38.4,987.4,24.58,19.96,0,Cyclonic Storm
CYC-2028-NIO-085,Midhili,Bay of Bengal,2028-06-04T18:00:00Z,11.51,84.53,48.8,987.1,24.94,9.0,1,Severe Cyclonic Storm
CYC-2028-NIO-085,Midhili,Bay of Bengal,2028-06-05T00:00:00Z,12.05,84.57,60.4,974.2,37.81,13.01,1,Severe Cyclonic Storm
CYC-2028-NIO-085,Midhili,Bay of Bengal,2028-06-05T06:00:00Z,12.69,84.66,71.4,970.6,41.44,11.75,1,Very Severe Cyclonic Storm
CYC-2028-NIO-085,Midhili,Bay of Bengal,2028-06-05T12:00:00Z,13.25,84.59,80.5,958.5,53.54,8.32,1,Very Severe Cyclonic Storm
CYC-2028-NIO-085,Midhili,Bay of Bengal,2028-06-05T18:00:00Z,13.77,84.54,89.0,959.9,52.09,11.64,1,Very Severe Cyclonic Storm
CYC-2028-NIO-085,Midhili,Bay of Bengal,2028-06-06T00:00:00Z,14.24,84.49,98.1,949.0,62.99,19.71,1,Extremely Severe Cyclonic Storm
CYC-2028-NIO-085,Midhili,Bay of Bengal,2028-06-06T06:00:00Z,14.64,84.58,108.6,947.7,64.29,13.56,1,Extremely Severe Cyclonic Storm
CYC-2028-NIO-085,Midhili,Bay of Bengal,2028-06-06T12:00:00Z,15.18,84.45,119.5,935.3,76.66,21.32,1,Extremely Severe Cyclonic Storm
CYC-2028-NIO-085,Midhili,Bay of Bengal,2028-06-06T18:00:00Z,15.83,84.43,128.3,935.5,76.54,10.93,1,Super Cyclonic Storm
CYC-2028-NIO-085,Midhili,Bay of Bengal,2028-06-07T00:00:00Z,16.23,84.39,136.6,929.5,82.55,20.96,1,Super Cyclonic Storm
CYC-2028-NIO-085,Midhili,Bay of Bengal,2028-06-07T06:00:00Z,16.57,84.44,145.0,920.3,91.68,18.67,1,Super Cyclonic Storm
CYC-2028-NIO-085,Midhili,Bay of Bengal,2028-06-07T12:00:00Z,17.12,84.45,130.1,930.7,81.31,11.69,1,Super Cyclonic Storm
CYC-2028-NIO-085,Midhili,Bay of Bengal,2028-06-07T18:00:00Z,17.64,84.58,116.5,935.9,76.14,14.5,1,Extremely Severe Cyclonic Storm
CYC-2028-NIO-085,Midhili,Bay of Bengal,2028-06-08T00:00:00Z,18.15,84.66,99.5,959.4,52.6,16.6,1,Extremely Severe Cyclonic Storm
CYC-2028-NIO-085,Midhili,Bay of Bengal,2028-06-08T06:00:00Z,18.65,84.79,86.6,962.2,49.8,20.9,1,Very Severe Cyclonic Storm
CYC-2028-NIO-085,Midhili,Bay of Bengal,2028-06-08T12:00:00Z,19.18,84.77,73.1,970.0,42.02,16.48,1,Very Severe Cyclonic Storm
CYC-2028-NIO-085,Midhili,Bay of Bengal,2028-06-08T18:00:00Z,19.61,84.81,64.9,972.7,39.3,21.96,1,Very Severe Cyclonic Storm
CYC-2028-NIO-085,Midhili,Bay of Bengal,2028-06-09T00:00:00Z,20.13,84.88,47.8,986.7,25.3,13.86,0,Cyclonic Storm
CYC-2028-NIO-085,Midhili,Bay of Bengal,2028-06-09T06:00:00Z,20.71,84.72,33.6,992.8,19.24,16.82,0,Deep Depression
CYC-2028-NIO-086,Michaung,Bay of Bengal,2028-07-03T12:00:00Z,9.35,86.24,35.4,992.0,19.97,10.95,0,Cyclonic Storm
CYC-2028-NIO-086,Michaung,Bay of Bengal,2028-07-03T18:00:00Z,9.77,86.47,42.1,984.9,27.14,19.04,0,Cyclonic Storm
CYC-2028-NIO-086,Michaung,Bay of Bengal,2028-07-04T00:00:00Z,10.27,86.75,50.0,979.3,32.69,12.2,1,Severe Cyclonic Storm
CYC-2028-NIO-086,Michaung,Bay of Bengal,2028-07-04T06:00:00Z,10.7,86.96,55.3,980.2,31.82,16.33,1,Severe Cyclonic Storm
CYC-2028-NIO-086,Michaung,Bay of Bengal,2028-07-04T12:00:00Z,11.22,87.2,63.1,971.4,40.56,21.69,1,Severe Cyclonic Storm
CYC-2028-NIO-086,Michaung,Bay of Bengal,2028-07-04T18:00:00Z,11.54,87.36,69.3,971.2,40.8,20.08,1,Very Severe Cyclonic Storm
CYC-2028-NIO-086,Michaung,Bay of Bengal,2028-07-05T00:00:00Z,12.05,87.58,77.5,958.0,54.04,21.3,1,Very Severe Cyclonic Storm
CYC-2028-NIO-086,Michaung,Bay of Bengal,2028-07-05T06:00:00Z,12.58,87.78,84.8,962.0,50.01,10.75,1,Very Severe Cyclonic Storm
CYC-2028-NIO-086,Michaung,Bay of Bengal,2028-07-05T12:00:00Z,13.16,88.0,93.0,953.4,58.64,18.52,1,Extremely Severe Cyclonic Storm
CYC-2028-NIO-086,Michaung,Bay of Bengal,2028-07-05T18:00:00Z,13.71,88.44,97.6,955.8,56.18,15.08,1,Extremely Severe Cyclonic Storm
CYC-2028-NIO-086,Michaung,Bay of Bengal,2028-07-06T00:00:00Z,14.22,88.59,101.6,946.3,65.71,15.54,1,Extremely Severe Cyclonic Storm
CYC-2028-NIO-086,Michaung,Bay of Bengal,2028-07-06T06:00:00Z,14.65,88.98,108.0,950.3,61.7,8.13,1,Extremely Severe Cyclonic Storm
CYC-2028-NIO-086,Michaung,Bay of Bengal,2028-07-06T12:00:00Z,15.07,89.24,117.4,942.9,69.13,11.8,1,Extremely Severe Cyclonic Storm
CYC-2028-NIO-086,Michaung,Bay of Bengal,2028-07-06T18:00:00Z,15.64,89.47,122.0,935.9,76.15,15.13,1,Super Cyclonic Storm
CYC-2028-NIO-086,Michaung,Bay of Bengal,2028-07-07T00:00:00Z,16.06,89.83,110.2,942.3,69.69,11.62,1,Extremely Severe Cyclonic Storm
CYC-2028-NIO-086,Michaung,Bay of Bengal,2028-07-07T06:00:00Z,16.46,90.11,101.9,953.9,58.12,20.74,1,Extremely Severe Cyclonic Storm
CYC-2028-NIO-086,Michaung,Bay of Bengal,2028-07-07T12:00:00Z,17.02,90.22,92.1,956.7,55.27,19.96,1,Extremely Severe Cyclonic Storm
CYC-2028-NIO-086,Michaung,Bay of Bengal,2028-07-07T18:00:00Z,17.37,90.65,84.2,962.3,49.66,12.32,1,Very Severe Cyclonic Storm
CYC-2028-NIO-086,Michaung,Bay of Bengal,2028-07-08T00:00:00Z,17.74,90.86,73.4,968.7,43.3,21.3,1,Very Severe Cyclonic Storm
CYC-2028-NIO-086,Michaung,Bay of Bengal,2028-07-08T06:00:00Z,18.25,90.96,69.4,964.4,47.62,12.84,1,Very Severe Cyclonic Storm
CYC-2028-NIO-086,Michaung,Bay of Bengal,2028-07-08T12:00:00Z,18.6,91.18,58.2,975.0,36.95,21.35,1,Severe Cyclonic Storm
CYC-2028-NIO-086,Michaung,Bay of Bengal,2028-07-08T18:00:00Z,19.06,91.27,50.7,982.9,29.09,18.86,1,Severe Cyclonic Storm
CYC-2028-NIO-086,Michaung,Bay of Bengal,2028-07-09T00:00:00Z,19.66,91.69,41.2,978.9,33.08,20.98,0,Cyclonic Storm
CYC-2028-NIO-086,Michaung,Bay of Bengal,2028-07-09T06:00:00Z,20.19,91.88,36.2,988.7,23.33,20.14,0,Cyclonic Storm
CYC-2028-NIO-087,Remal,Arabian Sea,2028-08-15T12:00:00Z,11.61,68.45,30.5,996.2,15.83,19.49,0,Deep Depression
CYC-2028-NIO-087,Remal,Arabian Sea,2028-08-15T18:00:00Z,11.91,68.43,37.3,994.7,17.27,17.48,0,Cyclonic Storm
CYC-2028-NIO-087,Remal,Arabian Sea,2028-08-16T00:00:00Z,12.46,68.24,41.1,991.2,20.84,20.38,0,Cyclonic Storm
CYC-2028-NIO-087,Remal,Arabian Sea,2028-08-16T06:00:00Z,12.88,68.18,47.0,983.0,28.99,10.55,0,Cyclonic Storm
CYC-2028-NIO-087,Remal,Arabian Sea,2028-08-16T12:00:00Z,13.33,68.04,48.0,988.1,23.86,8.92,0,Cyclonic Storm
CYC-2028-NIO-087,Remal,Arabian Sea,2028-08-16T18:00:00Z,13.82,68.11,53.4,976.8,35.21,22.16,1,Severe Cyclonic Storm
CYC-2028-NIO-087,Remal,Arabian Sea,2028-08-17T00:00:00Z,14.12,68.06,59.0,975.2,36.8,12.77,1,Severe Cyclonic Storm
CYC-2028-NIO-087,Remal,Arabian Sea,2028-08-17T06:00:00Z,14.44,67.92,63.8,978.1,33.92,21.98,1,Severe Cyclonic Storm
CYC-2028-NIO-087,Remal,Arabian Sea,2028-08-17T12:00:00Z,14.91,67.92,67.0,972.3,39.67,21.96,1,Very Severe Cyclonic Storm
CYC-2028-NIO-087,Remal,Arabian Sea,2028-08-17T18:00:00Z,15.45,67.67,71.4,972.8,39.17,17.24,1,Very Severe Cyclonic Storm
CYC-2028-NIO-087,Remal,Arabian Sea,2028-08-18T00:00:00Z,15.79,67.66,77.0,961.4,50.58,9.67,1,Very Severe Cyclonic Storm
CYC-2028-NIO-087,Remal,Arabian Sea,2028-08-18T06:00:00Z,16.17,67.33,78.8,962.9,49.06,13.69,1,Very Severe Cyclonic Storm
CYC-2028-NIO-087,Remal,Arabian Sea,2028-08-18T12:00:00Z,16.59,67.07,83.1,962.2,49.8,10.31,1,Very Severe Cyclonic Storm
CYC-2028-NIO-087,Remal,Arabian Sea,2028-08-18T18:00:00Z,16.98,67.04,89.6,967.2,44.8,16.91,1,Very Severe Cyclonic Storm
CYC-2028-NIO-087,Remal,Arabian Sea,2028-08-19T00:00:00Z,17.34,67.07,95.5,952.9,59.08,11.52,1,Extremely Severe Cyclonic Storm
CYC-2028-NIO-087,Remal,Arabian Sea,2028-08-19T06:00:00Z,17.77,66.87,96.4,955.2,56.83,9.16,1,Extremely Severe Cyclonic Storm
CYC-2028-NIO-087,Remal,Arabian Sea,2028-08-19T12:00:00Z,18.26,66.85,98.7,953.9,58.05,17.96,1,Extremely Severe Cyclonic Storm
CYC-2028-NIO-087,Remal,Arabian Sea,2028-08-19T18:00:00Z,18.83,66.75,92.5,953.9,58.1,12.82,1,Extremely Severe Cyclonic Storm
CYC-2028-NIO-087,Remal,Arabian Sea,2028-08-20T00:00:00Z,19.19,66.54,83.5,961.7,50.28,15.18,1,Very Severe Cyclonic Storm
CYC-2028-NIO-087,Remal,Arabian Sea,2028-08-20T06:00:00Z,19.54,66.66,73.9,967.6,44.42,13.45,1,Very Severe Cyclonic Storm
CYC-2028-NIO-087,Remal,Arabian Sea,2028-08-20T12:00:00Z,20.07,66.53,63.1,967.7,44.31,20.12,1,Severe Cyclonic Storm
CYC-2028-NIO-087,Remal,Arabian Sea,2028-08-20T18:00:00Z,20.53,66.42,56.9,979.5,32.52,22.99,1,Severe Cyclonic Storm
CYC-2028-NIO-087,Remal,Arabian Sea,2028-08-21T00:00:00Z,20.87,66.24,52.6,976.1,35.88,11.42,1,Severe Cyclonic Storm
CYC-2028-NIO-087,Remal,Arabian Sea,2028-08-21T06:00:00Z,21.26,66.24,46.4,979.0,32.96,14.67,0,Cyclonic Storm
CYC-2028-NIO-087,Remal,Arabian Sea,2028-08-21T12:00:00Z,21.74,66.08,42.2,987.7,24.29,22.81,0,Cyclonic Storm
CYC-2028-NIO-087,Remal,Arabian Sea,2028-08-21T18:00:00Z,22.04,66.02,37.1,988.5,23.54,14.79,0,Cyclonic Storm
CYC-2028-NIO-087,Remal,Arabian Sea,2028-08-22T00:00:00Z,22.44,65.85,29.9,990.3,21.67,20.56,0,Deep Depression
CYC-2028-NIO-087,Remal,Arabian Sea,2028-08-22T06:00:00Z,23.01,65.81,23.3,1000.2,11.77,13.83,0,Depression
CYC-2028-NIO-088,Asna,Bay of Bengal,2028-10-16T12:00:00Z,7.85,86.22,34.4,991.3,20.74,20.39,0,Cyclonic Storm
CYC-2028-NIO-088,Asna,Bay of Bengal,2028-10-16T18:00:00Z,8.11,86.17,39.7,992.7,19.28,8.43,0,Cyclonic Storm
CYC-2028-NIO-088,Asna,Bay of Bengal,2028-10-17T00:00:00Z,8.42,86.31,47.1,984.1,27.93,12.11,0,Cyclonic Storm
CYC-2028-NIO-088,Asna,Bay of Bengal,2028-10-17T06:00:00Z,8.73,86.25,51.0,980.2,31.81,19.16,1,Severe Cyclonic Storm
CYC-2028-NIO-088,Asna,Bay of Bengal,2028-10-17T12:00:00Z,9.05,86.21,58.4,974.0,38.05,14.84,1,Severe Cyclonic Storm
CYC-2028-NIO-088,Asna,Bay of Bengal,2028-10-17T18:00:00Z,9.47,86.27,64.3,969.6,42.38,11.19,1,Very Severe Cyclonic Storm
CYC-2028-NIO-088,Asna,Bay of Bengal,2028-10-18T00:00:00Z,9.91,86.22,69.8,971.4,40.63,21.61,1,Very Severe Cyclonic Storm
CYC-2028-NIO-088,Asna,Bay of Bengal,2028-10-18T06:00:00Z,10.16,86.35,74.6,969.9,42.12,14.91,1,Very Severe Cyclonic Storm
CYC-2028-NIO-088,Asna,Bay of Bengal,2028-10-18T12:00:00Z,10.39,86.39,79.8,967.7,44.33,14.79,1,Very Severe Cyclonic Storm
CYC-2028-NIO-088,Asna,Bay of Bengal,2028-10-18T18:00:00Z,10.73,86.47,84.8,961.7,50.31,10.92,1,Very Severe Cyclonic Storm
CYC-2028-NIO-088,Asna,Bay of Bengal,2028-10-19T00:00:00Z,11.23,86.39,90.3,955.0,56.99,10.28,1,Extremely Severe Cyclonic Storm
CYC-2028-NIO-088,Asna,Bay of Bengal,2028-10-19T06:00:00Z,11.83,86.47,94.3,962.9,49.14,9.85,1,Extremely Severe Cyclonic Storm
CYC-2028-NIO-088,Asna,Bay of Bengal,2028-10-19T12:00:00Z,12.22,86.45,99.1,952.3,59.74,19.64,1,Extremely Severe Cyclonic Storm
CYC-2028-NIO-088,Asna,Bay of Bengal,2028-10-19T18:00:00Z,12.61,86.45,103.7,944.5,67.49,17.61,1,Extremely Severe Cyclonic Storm
CYC-2028-NIO-088,Asna,Bay of Bengal,2028-10-20T00:00:00Z,12.95,86.43,109.3,939.2,72.85,16.17,1,Extremely Severe Cyclonic Storm
CYC-2028-NIO-088,Asna,Bay of Bengal,2028-10-20T06:00:00Z,13.38,86.5,103.4,945.2,66.78,16.01,1,Extremely Severe Cyclonic Storm
CYC-2028-NIO-088,Asna,Bay of Bengal,2028-10-20T12:00:00Z,13.74,86.5,93.8,966.5,45.46,18.47,1,Extremely Severe Cyclonic Storm
CYC-2028-NIO-088,Asna,Bay of Bengal,2028-10-20T18:00:00Z,13.99,86.53,88.1,955.2,56.78,14.61,1,Very Severe Cyclonic Storm
CYC-2028-NIO-088,Asna,Bay of Bengal,2028-10-21T00:00:00Z,14.37,86.45,77.5,968.1,43.9,19.38,1,Very Severe Cyclonic Storm
CYC-2028-NIO-088,Asna,Bay of Bengal,2028-10-21T06:00:00Z,14.73,86.38,73.6,966.3,45.7,18.93,1,Very Severe Cyclonic Storm
CYC-2028-NIO-088,Asna,Bay of Bengal,2028-10-21T12:00:00Z,15.15,86.42,69.2,967.3,44.7,14.18,1,Very Severe Cyclonic Storm
CYC-2028-NIO-088,Asna,Bay of Bengal,2028-10-21T18:00:00Z,15.67,86.45,62.4,981.8,30.17,16.36,1,Severe Cyclonic Storm
CYC-2028-NIO-088,Asna,Bay of Bengal,2028-10-22T00:00:00Z,16.2,86.48,54.4,978.9,33.06,17.32,1,Severe Cyclonic Storm
CYC-2028-NIO-088,Asna,Bay of Bengal,2028-10-22T06:00:00Z,16.58,86.42,48.4,987.7,24.34,14.07,1,Severe Cyclonic Storm
CYC-2028-NIO-088,Asna,Bay of Bengal,2028-10-22T12:00:00Z,16.93,86.38,38.8,994.2,17.78,14.65,0,Cyclonic Storm
CYC-2028-NIO-089,Dana,Bay of Bengal,2028-12-08T18:00:00Z,10.63,86.48,32.8,991.2,20.76,11.37,0,Deep Depression
CYC-2028-NIO-089,Dana,Bay of Bengal,2028-12-09T00:00:00Z,11.21,86.54,37.0,986.7,25.33,16.52,0,Cyclonic Storm
CYC-2028-NIO-089,Dana,Bay of Bengal,2028-12-09T06:00:00Z,11.74,86.62,44.9,980.5,31.48,13.61,0,Cyclonic Storm
CYC-2028-NIO-089,Dana,Bay of Bengal,2028-12-09T12:00:00Z,12.34,86.56,50.9,985.2,26.84,23.42,1,Severe Cyclonic Storm
CYC-2028-NIO-089,Dana,Bay of Bengal,2028-12-09T18:00:00Z,12.79,86.64,58.5,978.0,34.02,22.33,1,Severe Cyclonic Storm
CYC-2028-NIO-089,Dana,Bay of Bengal,2028-12-10T00:00:00Z,13.3,86.75,59.6,980.2,31.79,8.15,1,Severe Cyclonic Storm
CYC-2028-NIO-089,Dana,Bay of Bengal,2028-12-10T06:00:00Z,13.85,86.81,63.1,976.9,35.11,12.56,1,Severe Cyclonic Storm
CYC-2028-NIO-089,Dana,Bay of Bengal,2028-12-10T12:00:00Z,14.4,86.91,67.9,968.3,43.7,11.03,1,Very Severe Cyclonic Storm
CYC-2028-NIO-089,Dana,Bay of Bengal,2028-12-10T18:00:00Z,15.04,86.95,74.0,967.0,44.97,15.97,1,Very Severe Cyclonic Storm
CYC-2028-NIO-089,Dana,Bay of Bengal,2028-12-11T00:00:00Z,15.72,86.97,78.1,973.8,38.16,20.65,1,Very Severe Cyclonic Storm
CYC-2028-NIO-089,Dana,Bay of Bengal,2028-12-11T06:00:00Z,16.26,87.1,82.6,972.7,39.28,23.71,1,Very Severe Cyclonic Storm
CYC-2028-NIO-089,Dana,Bay of Bengal,2028-12-11T12:00:00Z,16.89,87.11,85.4,958.1,53.92,23.11,1,Very Severe Cyclonic Storm
CYC-2028-NIO-089,Dana,Bay of Bengal,2028-12-11T18:00:00Z,17.48,87.15,81.1,958.1,53.89,11.47,1,Very Severe Cyclonic Storm
CYC-2028-NIO-089,Dana,Bay of Bengal,2028-12-12T00:00:00Z,17.9,87.3,71.4,967.8,44.17,22.21,1,Very Severe Cyclonic Storm
CYC-2028-NIO-089,Dana,Bay of Bengal,2028-12-12T06:00:00Z,18.49,87.24,66.9,975.8,36.25,14.54,1,Very Severe Cyclonic Storm
CYC-2028-NIO-089,Dana,Bay of Bengal,2028-12-12T12:00:00Z,18.97,87.32,62.1,975.5,36.45,11.04,1,Severe Cyclonic Storm
CYC-2028-NIO-089,Dana,Bay of Bengal,2028-12-12T18:00:00Z,19.48,87.37,51.7,976.8,35.19,17.42,1,Severe Cyclonic Storm
CYC-2028-NIO-089,Dana,Bay of Bengal,2028-12-13T00:00:00Z,20.09,87.4,41.9,986.7,25.29,14.5,0,Cyclonic Storm
CYC-2028-NIO-089,Dana,Bay of Bengal,2028-12-13T06:00:00Z,20.65,87.51,31.4,992.5,19.51,22.08,0,Deep Depression
CYC-2028-NIO-089,Dana,Bay of Bengal,2028-12-13T12:00:00Z,21.21,87.59,26.4,998.6,13.39,16.73,0,Depression
CYC-2028-NIO-089,Dana,Bay of Bengal,2028-12-13T18:00:00Z,21.73,87.58,20.0,1007.0,5.04,9.93,0,Depression
CYC-2028-NIO-090,Amphan,Arabian Sea,2029-01-08T00:00:00Z,12.8,71.78,35.0,993.1,18.88,10.02,0,Cyclonic Storm
CYC-2028-NIO-090,Amphan,Arabian Sea,2029-01-08T06:00:00Z,13.4,71.43,41.6,981.5,30.52,13.92,0,Cyclonic Storm
CYC-2028-NIO-090,Amphan,Arabian Sea,2029-01-08T12:00:00Z,13.73,71.25,54.8,975.6,36.43,8.25,1,Severe Cyclonic Storm
CYC-2028-NIO-090,Amphan,Arabian Sea,2029-01-08T18:00:00Z,14.17,70.93,64.3,969.7,42.26,15.78,1,Very Severe Cyclonic Storm
CYC-2028-NIO-090,Amphan,Arabian Sea,2029-01-09T00:00:00Z,14.46,70.71,74.6,967.6,44.38,15.48,1,Very Severe Cyclonic Storm
CYC-2028-NIO-090,Amphan,Arabian Sea,2029-01-09T06:00:00Z,14.8,70.48,84.9,956.8,55.17,16.25,1,Very Severe Cyclonic Storm
CYC-2028-NIO-090,Amphan,Arabian Sea,2029-01-09T12:00:00Z,15.15,70.14,95.5,948.7,63.31,20.1,1,Extremely Severe Cyclonic Storm
CYC-2028-NIO-090,Amphan,Arabian Sea,2029-01-09T18:00:00Z,15.37,69.95,107.7,944.2,67.82,9.89,1,Extremely Severe Cyclonic Storm
CYC-2028-NIO-090,Amphan,Arabian Sea,2029-01-10T00:00:00Z,15.65,69.71,117.0,939.9,72.07,22.19,1,Extremely Severe Cyclonic Storm
CYC-2028-NIO-090,Amphan,Arabian Sea,2029-01-10T06:00:00Z,16.05,69.64,101.3,945.1,66.93,16.33,1,Extremely Severe Cyclonic Storm
CYC-2028-NIO-090,Amphan,Arabian Sea,2029-01-10T12:00:00Z,16.36,69.44,85.8,962.4,49.62,22.82,1,Very Severe Cyclonic Storm
CYC-2028-NIO-090,Amphan,Arabian Sea,2029-01-10T18:00:00Z,16.74,69.21,67.9,969.3,42.66,21.32,1,Very Severe Cyclonic Storm
CYC-2028-NIO-090,Amphan,Arabian Sea,2029-01-11T00:00:00Z,17.21,69.1,49.7,987.0,25.01,14.19,1,Severe Cyclonic Storm
CYC-2028-NIO-090,Amphan,Arabian Sea,2029-01-11T06:00:00Z,17.62,68.92,33.1,991.5,20.47,8.22,0,Deep Depression
CYC-2028-NIO-090,Amphan,Arabian Sea,2029-01-11T12:00:00Z,17.92,68.69,20.0,999.1,12.92,22.69,0,Depression
CYC-2029-NIO-091,Fani,Bay of Bengal,2029-02-09T18:00:00Z,8.66,84.75,32.5,995.4,16.62,22.88,0,Deep Depression
CYC-2029-NIO-091,Fani,Bay of Bengal,2029-02-10T00:00:00Z,9.05,85.0,42.4,985.2,26.82,9.44,0,Cyclonic Storm
CYC-2029-NIO-091,Fani,Bay of Bengal,2029-02-10T06:00:00Z,9.55,85.47,49.3,976.2,35.76,11.56,1,Severe Cyclonic Storm
CYC-2029-NIO-091,Fani,Bay of Bengal,2029-02-10T12:00:00Z,9.96,85.71,53.0,977.1,34.88,12.26,1,Severe Cyclonic Storm
CYC-2029-NIO-091,Fani,Bay of Bengal,2029-02-10T18:00:00Z,10.49,85.99,59.4,980.2,31.79,10.19,1,Severe Cyclonic Storm
CYC-2029-NIO-091,Fani,Bay of Bengal,2029-02-11T00:00:00Z,11.04,86.41,66.1,976.9,35.14,14.57,1,Very Severe Cyclonic Storm
CYC-2029-NIO-091,Fani,Bay of Bengal,2029-02-11T06:00:00Z,11.5,86.77,75.7,970.0,42.02,19.01,1,Very Severe Cyclonic Storm
CYC-2029-NIO-091,Fani,Bay of Bengal,2029-02-11T12:00:00Z,11.82,87.2,85.7,966.5,45.47,13.04,1,Very Severe Cyclonic Storm
CYC-2029-NIO-091,Fani,Bay of Bengal,2029-02-11T18:00:00Z,12.31,87.49,89.8,959.1,52.86,21.4,1,Very Severe Cyclonic Storm
CYC-2029-NIO-091,Fani,Bay of Bengal,2029-02-12T00:00:00Z,12.7,87.9,95.5,956.6,55.39,9.53,1,Extremely Severe Cyclonic Storm
CYC-2029-NIO-091,Fani,Bay of Bengal,2029-02-12T06:00:00Z,13.24,88.19,102.0,945.6,66.43,14.81,1,Extremely Severe Cyclonic Storm
CYC-2029-NIO-091,Fani,Bay of Bengal,2029-02-12T12:00:00Z,13.62,88.6,109.5,946.5,65.52,12.8,1,Extremely Severe Cyclonic Storm
CYC-2029-NIO-091,Fani,Bay of Bengal,2029-02-12T18:00:00Z,14.09,88.89,98.3,950.9,61.08,9.53,1,Extremely Severe Cyclonic Storm
CYC-2029-NIO-091,Fani,Bay of Bengal,2029-02-13T00:00:00Z,14.63,89.26,90.5,955.8,56.24,21.36,1,Extremely Severe Cyclonic Storm
CYC-2029-NIO-091,Fani,Bay of Bengal,2029-02-13T06:00:00Z,14.97,89.42,81.4,961.8,50.19,20.33,1,Very Severe Cyclonic Storm
CYC-2029-NIO-091,Fani,Bay of Bengal,2029-02-13T12:00:00Z,15.41,89.83,72.0,976.6,35.4,16.61,1,Very Severe Cyclonic Storm
CYC-2029-NIO-091,Fani,Bay of Bengal,2029-02-13T18:00:00Z,15.73,90.24,58.7,978.7,33.35,16.61,1,Severe Cyclonic Storm
CYC-2029-NIO-091,Fani,Bay of Bengal,2029-02-14T00:00:00Z,16.13,90.57,47.4,985.7,26.32,8.64,0,Cyclonic Storm
CYC-2029-NIO-091,Fani,Bay of Bengal,2029-02-14T06:00:00Z,16.48,90.81,37.6,983.3,28.68,19.13,0,Cyclonic Storm
CYC-2029-NIO-091,Fani,Bay of Bengal,2029-02-14T12:00:00Z,16.79,91.13,32.8,984.9,27.13,15.97,0,Deep Depression
CYC-2029-NIO-091,Fani,Bay of Bengal,2029-02-14T18:00:00Z,17.19,91.47,21.5,1000.3,11.68,18.86,0,Depression
CYC-2029-NIO-092,Hudhud,Bay of Bengal,2029-03-22T00:00:00Z,7.59,89.52,30.2,993.1,18.92,17.32,0,Deep Depression
CYC-2029-NIO-092,Hudhud,Bay of Bengal,2029-03-22T06:00:00Z,8.03,89.68,33.5,990.0,21.96,10.21,0,Deep Depression
CYC-2029-NIO-092,Hudhud,Bay of Bengal,2029-03-22T12:00:00Z,8.54,89.85,38.5,990.9,21.08,23.8,0,Cyclonic Storm
CYC-2029-NIO-092,Hudhud,Bay of Bengal,2029-03-22T18:00:00Z,9.07,89.94,41.4,985.0,27.02,10.29,0,Cyclonic Storm
CYC-2029-NIO-092,Hudhud,Bay of Bengal,2029-03-23T00:00:00Z,9.54,90.17,44.4,984.0,27.98,15.3,0,Cyclonic Storm
CYC-2029-NIO-092,Hudhud,Bay of Bengal,2029-03-23T06:00:00Z,10.06,90.32,49.0,979.2,32.84,23.73,1,Severe Cyclonic Storm
CYC-2029-NIO-092,Hudhud,Bay of Bengal,2029-03-23T12:00:00Z,10.7,90.55,55.1,983.5,28.53,21.71,1,Severe Cyclonic Storm
CYC-2029-NIO-092,Hudhud,Bay of Bengal,2029-03-23T18:00:00Z,11.28,90.74,60.7,978.4,33.64,20.17,1,Severe Cyclonic Storm
CYC-2029-NIO-092,Hudhud,Bay of Bengal,2029-03-24T00:00:00Z,11.92,91.0,66.2,973.6,38.44,18.77,1,Very Severe Cyclonic Storm
CYC-2029-NIO-092,Hudhud,Bay of Bengal,2029-03-24T06:00:00Z,12.51,91.31,69.5,968.5,43.52,21.27,1,Very Severe Cyclonic Storm
CYC-2029-NIO-092,Hudhud,Bay of Bengal,2029-03-24T12:00:00Z,13.12,91.6,71.7,974.6,37.37,12.87,1,Very Severe Cyclonic Storm
CYC-2029-NIO-092,Hudhud,Bay of Bengal,2029-03-24T18:00:00Z,13.72,91.8,83.3,964.1,47.94,22.83,1,Very Severe Cyclonic Storm
CYC-2029-NIO-092,Hudhud,Bay of Bengal,2029-03-25T00:00:00Z,14.25,92.05,88.5,964.8,47.23,8.46,1,Very Severe Cyclonic Storm
CYC-2029-NIO-092,Hudhud,Bay of Bengal,2029-03-25T06:00:00Z,14.84,92.27,82.1,968.1,43.89,16.87,1,Very Severe Cyclonic Storm
CYC-2029-NIO-092,Hudhud,Bay of Bengal,2029-03-25T12:00:00Z,15.45,92.63,73.7,962.5,49.54,18.05,1,Very Severe Cyclonic Storm
CYC-2029-NIO-092,Hudhud,Bay of Bengal,2029-03-25T18:00:00Z,16.09,93.0,66.5,974.6,37.38,18.75,1,Very Severe Cyclonic Storm
CYC-2029-NIO-092,Hudhud,Bay of Bengal,2029-03-26T00:00:00Z,16.65,93.19,57.5,981.4,30.58,8.64,1,Severe Cyclonic Storm
CYC-2029-NIO-092,Hudhud,Bay of Bengal,2029-03-26T06:00:00Z,17.17,93.46,51.0,984.0,28.03,19.51,1,Severe Cyclonic Storm
CYC-2029-NIO-092,Hudhud,Bay of Bengal,2029-03-26T12:00:00Z,17.9,93.66,47.2,979.1,32.91,14.79,0,Cyclonic Storm
CYC-2029-NIO-092,Hudhud,Bay of Bengal,2029-03-26T18:00:00Z,18.5,93.89,42.9,979.5,32.46,22.3,0,Cyclonic Storm
CYC-2029-NIO-092,Hudhud,Bay of Bengal,2029-03-27T00:00:00Z,19.33,94.13,36.1,985.2,26.77,23.54,0,Cyclonic Storm
CYC-2029-NIO-092,Hudhud,Bay of Bengal,2029-03-27T06:00:00Z,19.8,94.27,29.5,993.6,18.37,19.84,0,Deep Depression
CYC-2029-NIO-093,Vardah,Arabian Sea,2029-05-17T12:00:00Z,13.91,66.72,31.0,994.0,18.05,16.7,0,Deep Depression
CYC-2029-NIO-093,Vardah,Arabian Sea,2029-05-17T18:00:00Z,14.46,66.89,33.1,987.8,24.16,22.1,0,Deep Depression
CYC-2029-NIO-093,Vardah,Arabian Sea,2029-05-18T00:00:00Z,14.69,67.12,36.0,989.0,22.97,23.78,0,Cyclonic Storm
CYC-2029-NIO-093,Vardah,Arabian Sea,2029-05-18T06:00:00Z,15.11,67.31,38.1,987.6,24.44,10.99,0,Cyclonic Storm
CYC-2029-NIO-093,Vardah,Arabian Sea,2029-05-18T12:00:00Z,15.4,67.41,42.0,981.3,30.71,13.1,0,Cyclonic Storm
CYC-2029-NIO-093,Vardah,Arabian Sea,2029-05-18T18:00:00Z,15.82,67.58,47.2,986.5,25.45,20.03,0,Cyclonic Storm
CYC-2029-NIO-093,Vardah,Arabian Sea,2029-05-19T00:00:00Z,16.21,67.72,51.0,982.5,29.5,23.34,1,Severe Cyclonic Storm
CYC-2029-NIO-093,Vardah,Arabian Sea,2029-05-19T06:00:00Z,16.67,67.83,55.6,977.3,34.73,11.53,1,Severe Cyclonic Storm
CYC-2029-NIO-093,Vardah,Arabian Sea,2029-05-19T12:00:00Z,16.99,68.07,57.1,968.7,43.32,14.83,1,Severe Cyclonic Storm
CYC-2029-NIO-093,Vardah,Arabian Sea,2029-05-19T18:00:00Z,17.6,68.27,63.5,972.6,39.36,19.5,1,Severe Cyclonic Storm
CYC-2029-NIO-093,Vardah,Arabian Sea,2029-05-20T00:00:00Z,17.9,68.4,68.6,973.4,38.59,18.21,1,Very Severe Cyclonic Storm
CYC-2029-NIO-093,Vardah,Arabian Sea,2029-05-20T06:00:00Z,18.18,68.59,68.5,975.7,36.3,22.71,1,Very Severe Cyclonic Storm
CYC-2029-NIO-093,Vardah,Arabian Sea,2029-05-20T12:00:00Z,18.47,68.82,73.5,967.5,44.48,13.37,1,Very Severe Cyclonic Storm
CYC-2029-NIO-093,Vardah,Arabian Sea,2029-05-20T18:00:00Z,19.02,68.99,74.7,969.3,42.7,17.04,1,Very Severe Cyclonic Storm
CYC-2029-NIO-093,Vardah,Arabian Sea,2029-05-21T00:00:00Z,19.29,69.31,75.4,967.3,44.68,14.43,1,Very Severe Cyclonic Storm
CYC-2029-NIO-093,Vardah,Arabian Sea,2029-05-21T06:00:00Z,19.77,69.45,79.1,970.2,41.75,13.56,1,Very Severe Cyclonic Storm
CYC-2029-NIO-093,Vardah,Arabian Sea,2029-05-21T12:00:00Z,20.13,69.52,79.4,967.8,44.17,14.83,1,Very Severe Cyclonic Storm
CYC-2029-NIO-093,Vardah,Arabian Sea,2029-05-21T18:00:00Z,20.63,69.62,82.7,965.1,46.94,13.47,1,Very Severe Cyclonic Storm
CYC-2029-NIO-093,Vardah,Arabian Sea,2029-05-22T00:00:00Z,20.93,69.76,84.7,959.8,52.16,10.09,1,Very Severe Cyclonic Storm
CYC-2029-NIO-093,Vardah,Arabian Sea,2029-05-22T06:00:00Z,21.29,69.87,80.2,960.6,51.39,23.85,1,Very Severe Cyclonic Storm
CYC-2029-NIO-093,Vardah,Arabian Sea,2029-05-22T12:00:00Z,21.77,70.0,74.7,967.8,44.2,22.02,1,Very Severe Cyclonic Storm
CYC-2029-NIO-093,Vardah,Arabian Sea,2029-05-22T18:00:00Z,22.25,70.26,71.7,968.0,44.04,14.65,1,Very Severe Cyclonic Storm
CYC-2029-NIO-093,Vardah,Arabian Sea,2029-05-23T00:00:00Z,22.71,70.38,67.0,960.9,51.06,10.91,1,Very Severe Cyclonic Storm
CYC-2029-NIO-093,Vardah,Arabian Sea,2029-05-23T06:00:00Z,23.11,70.57,63.9,973.7,38.29,15.77,1,Severe Cyclonic Storm
CYC-2029-NIO-093,Vardah,Arabian Sea,2029-05-23T12:00:00Z,23.47,70.77,60.9,978.1,33.94,17.4,1,Severe Cyclonic Storm
CYC-2029-NIO-093,Vardah,Arabian Sea,2029-05-23T18:00:00Z,23.79,70.95,61.9,972.4,39.58,8.91,1,Severe Cyclonic Storm
CYC-2029-NIO-093,Vardah,Arabian Sea,2029-05-24T00:00:00Z,24.08,71.19,56.7,973.8,38.2,17.19,1,Severe Cyclonic Storm
CYC-2029-NIO-093,Vardah,Arabian Sea,2029-05-24T06:00:00Z,24.48,71.19,51.5,979.5,32.48,13.02,1,Severe Cyclonic Storm
CYC-2029-NIO-093,Vardah,Arabian Sea,2029-05-24T12:00:00Z,24.94,71.28,45.5,983.5,28.46,23.21,0,Cyclonic Storm
CYC-2029-NIO-093,Vardah,Arabian Sea,2029-05-24T18:00:00Z,25.33,71.57,44.5,992.5,19.5,12.78,0,Cyclonic Storm
CYC-2029-NIO-093,Vardah,Arabian Sea,2029-05-25T00:00:00Z,25.78,71.7,40.7,985.9,26.13,15.75,0,Cyclonic Storm
CYC-2029-NIO-093,Vardah,Arabian Sea,2029-05-25T06:00:00Z,26.03,71.82,43.3,985.0,27.05,10.72,0,Cyclonic Storm
CYC-2029-NIO-094,Gaja,Bay of Bengal,2029-06-18T12:00:00Z,10.32,84.65,38.1,993.4,18.56,8.36,0,Cyclonic Storm
CYC-2029-NIO-094,Gaja,Bay of Bengal,2029-06-18T18:00:00Z,10.84,84.6,46.2,986.2,25.82,13.53,0,Cyclonic Storm
CYC-2029-NIO-094,Gaja,Bay of Bengal,2029-06-19T00:00:00Z,11.49,84.49,56.3,976.1,35.88,18.52,1,Severe Cyclonic Storm
CYC-2029-NIO-094,Gaja,Bay of Bengal,2029-06-19T06:00:00Z,12.0,84.34,64.8,969.3,42.74,11.26,1,Very Severe Cyclonic Storm
CYC-2029-NIO-094,Gaja,Bay of Bengal,2029-06-19T12:00:00Z,12.57,84.25,75.5,967.3,44.73,16.1,1,Very Severe Cyclonic Storm
CYC-2029-NIO-094,Gaja,Bay of Bengal,2029-06-19T18:00:00Z,13.0,84.37,83.4,961.5,50.54,16.81,1,Very Severe Cyclonic Storm
CYC-2029-NIO-094,Gaja,Bay of Bengal,2029-06-20T00:00:00Z,13.59,84.15,94.8,948.8,63.21,9.53,1,Extremely Severe Cyclonic Storm
CYC-2029-NIO-094,Gaja,Bay of Bengal,2029-06-20T06:00:00Z,14.06,84.01,105.2,959.3,52.74,22.89,1,Extremely Severe Cyclonic Storm
CYC-2029-NIO-094,Gaja,Bay of Bengal,2029-06-20T12:00:00Z,14.66,84.1,116.0,941.3,70.75,17.5,1,Extremely Severe Cyclonic Storm
CYC-2029-NIO-094,Gaja,Bay of Bengal,2029-06-20T18:00:00Z,15.2,84.13,124.7,933.3,78.72,15.32,1,Super Cyclonic Storm
CYC-2029-NIO-094,Gaja,Bay of Bengal,2029-06-21T00:00:00Z,15.68,84.06,134.1,925.9,86.09,16.6,1,Super Cyclonic Storm
CYC-2029-NIO-094,Gaja,Bay of Bengal,2029-06-21T06:00:00Z,16.37,83.96,114.6,944.7,67.31,19.58,1,Extremely Severe Cyclonic Storm
CYC-2029-NIO-094,Gaja,Bay of Bengal,2029-06-21T12:00:00Z,16.94,83.86,99.5,951.7,60.32,13.65,1,Extremely Severe Cyclonic Storm
CYC-2029-NIO-094,Gaja,Bay of Bengal,2029-06-21T18:00:00Z,17.53,83.78,82.3,950.7,61.26,21.37,1,Very Severe Cyclonic Storm
CYC-2029-NIO-094,Gaja,Bay of Bengal,2029-06-22T00:00:00Z,18.02,83.78,69.0,969.1,42.86,21.74,1,Very Severe Cyclonic Storm
CYC-2029-NIO-094,Gaja,Bay of Bengal,2029-06-22T06:00:00Z,18.6,83.78,51.9,979.7,32.34,19.84,1,Severe Cyclonic Storm
CYC-2029-NIO-094,Gaja,Bay of Bengal,2029-06-22T12:00:00Z,19.1,83.71,38.7,991.9,20.11,13.81,0,Cyclonic Storm
CYC-2029-NIO-094,Gaja,Bay of Bengal,2029-06-22T18:00:00Z,19.78,83.73,24.0,995.8,16.22,12.64,0,Depression
CYC-2029-NIO-095,Titli,Bay of Bengal,2029-07-18T00:00:00Z,11.14,91.52,33.1,988.7,23.34,18.81,0,Deep Depression
CYC-2029-NIO-095,Titli,Bay of Bengal,2029-07-18T06:00:00Z,11.55,91.44,40.1,984.6,27.38,11.51,0,Cyclonic Storm
CYC-2029-NIO-095,Titli,Bay of Bengal,2029-07-18T12:00:00Z,12.0,91.38,46.1,986.6,25.45,21.18,0,Cyclonic Storm
CYC-2029-NIO-095,Titli,Bay of Bengal,2029-07-18T18:00:00Z,12.33,91.19,53.1,980.0,32.02,12.75,1,Severe Cyclonic Storm
CYC-2029-NIO-095,Titli,Bay of Bengal,2029-07-19T00:00:00Z,12.67,91.19,55.7,982.1,29.87,14.56,1,Severe Cyclonic Storm
CYC-2029-NIO-095,Titli,Bay of Bengal,2029-07-19T06:00:00Z,13.02,91.27,60.9,976.4,35.63,17.03,1,Severe Cyclonic Storm
CYC-2029-NIO-095,Titli,Bay of Bengal,2029-07-19T12:00:00Z,13.38,91.27,63.3,976.9,35.07,14.32,1,Severe Cyclonic Storm
CYC-2029-NIO-095,Titli,Bay of Bengal,2029-07-19T18:00:00Z,13.78,91.23,66.2,969.6,42.44,17.5,1,Very Severe Cyclonic Storm
CYC-2029-NIO-095,Titli,Bay of Bengal,2029-07-20T00:00:00Z,14.14,91.14,69.3,975.9,36.12,22.28,1,Very Severe Cyclonic Storm
CYC-2029-NIO-095,Titli,Bay of Bengal,2029-07-20T06:00:00Z,14.66,91.08,73.4,962.5,49.53,21.8,1,Very Severe Cyclonic Storm
CYC-2029-NIO-095,Titli,Bay of Bengal,2029-07-20T12:00:00Z,14.96,90.91,76.7,964.2,47.82,12.64,1,Very Severe Cyclonic Storm
CYC-2029-NIO-095,Titli,Bay of Bengal,2029-07-20T18:00:00Z,15.23,90.93,73.6,968.5,43.47,9.83,1,Very Severe Cyclonic Storm
CYC-2029-NIO-095,Titli,Bay of Bengal,2029-07-21T00:00:00Z,15.56,90.89,67.2,976.6,35.44,8.23,1,Very Severe Cyclonic Storm
CYC-2029-NIO-095,Titli,Bay of Bengal,2029-07-21T06:00:00Z,15.95,90.95,63.3,970.4,41.62,9.18,1,Severe Cyclonic Storm
CYC-2029-NIO-095,Titli,Bay of Bengal,2029-07-21T12:00:00Z,16.29,90.94,58.3,974.4,37.59,12.49,1,Severe Cyclonic Storm
CYC-2029-NIO-095,Titli,Bay of Bengal,2029-07-21T18:00:00Z,16.58,90.89,48.7,982.6,29.38,11.01,1,Severe Cyclonic Storm
CYC-2029-NIO-095,Titli,Bay of Bengal,2029-07-22T00:00:00Z,16.84,90.69,39.5,988.9,23.09,14.31,0,Cyclonic Storm
CYC-2029-NIO-095,Titli,Bay of Bengal,2029-07-22T06:00:00Z,17.16,90.58,31.0,989.0,22.98,8.47,0,Deep Depression
CYC-2029-NIO-095,Titli,Bay of Bengal,2029-07-22T12:00:00Z,17.54,90.37,22.8,991.4,20.6,9.84,0,Depression
CYC-2029-NIO-096,Nivar,Arabian Sea,2029-08-28T18:00:00Z,12.69,65.97,39.9,1000.3,11.65,12.25,0,Cyclonic Storm
CYC-2029-NIO-096,Nivar,Arabian Sea,2029-08-29T00:00:00Z,13.19,65.89,48.8,978.6,33.43,10.03,1,Severe Cyclonic Storm
CYC-2029-NIO-096,Nivar,Arabian Sea,2029-08-29T06:00:00Z,13.92,65.76,57.0,977.0,35.03,23.1,1,Severe Cyclonic Storm
CYC-2029-NIO-096,Nivar,Arabian Sea,2029-08-29T12:00:00Z,14.47,65.66,68.9,968.0,44.0,15.77,1,Very Severe Cyclonic Storm
CYC-2029-NIO-096,Nivar,Arabian Sea,2029-08-29T18:00:00Z,14.94,65.5,76.4,964.6,47.37,23.97,1,Very Severe Cyclonic Storm
CYC-2029-NIO-096,Nivar,Arabian Sea,2029-08-30T00:00:00Z,15.44,65.31,82.0,961.0,50.98,17.14,1,Very Severe Cyclonic Storm
CYC-2029-NIO-096,Nivar,Arabian Sea,2029-08-30T06:00:00Z,15.97,65.14,93.2,949.2,62.82,19.45,1,Extremely Severe Cyclonic Storm
CYC-2029-NIO-096,Nivar,Arabian Sea,2029-08-30T12:00:00Z,16.35,65.12,105.7,948.7,63.32,22.04,1,Extremely Severe Cyclonic Storm
CYC-2029-NIO-096,Nivar,Arabian Sea,2029-08-30T18:00:00Z,16.83,64.91,114.2,949.3,62.71,13.32,1,Extremely Severe Cyclonic Storm
CYC-2029-NIO-096,Nivar,Arabian Sea,2029-08-31T00:00:00Z,17.47,64.66,100.6,951.8,60.22,11.34,1,Extremely Severe Cyclonic Storm
CYC-2029-NIO-096,Nivar,Arabian Sea,2029-08-31T06:00:00Z,18.1,64.69,85.3,956.9,55.13,19.86,1,Very Severe Cyclonic Storm
CYC-2029-NIO-096,Nivar,Arabian Sea,2029-08-31T12:00:00Z,18.54,64.46,72.4,974.8,37.18,20.69,1,Very Severe Cyclonic Storm
CYC-2029-NIO-096,Nivar,Arabian Sea,2029-08-31T18:00:00Z,19.1,64.41,62.5,976.3,35.68,14.38,1,Severe Cyclonic Storm
CYC-2029-NIO-096,Nivar,Arabian Sea,2029-09-01T00:00:00Z,19.65,64.37,51.6,984.3,27.7,15.99,1,Severe Cyclonic Storm
CYC-2029-NIO-096,Nivar,Arabian Sea,2029-09-01T06:00:00Z,20.19,64.36,39.8,984.8,27.19,17.05,0,Cyclonic Storm
CYC-2029-NIO-096,Nivar,Arabian Sea,2029-09-01T12:00:00Z,20.57,64.22,26.2,997.6,14.35,21.88,0,Depression
CYC-2029-NIO-097,Tauktae,Bay of Bengal,2029-10-01T18:00:00Z,8.37,89.51,27.0,997.6,14.44,12.34,0,Depression
CYC-2029-NIO-097,Tauktae,Bay of Bengal,2029-10-02T00:00:00Z,8.65,89.88,31.9,996.0,16.05,18.84,0,Deep Depression
CYC-2029-NIO-097,Tauktae,Bay of Bengal,2029-10-02T06:00:00Z,9.11,90.28,36.8,991.1,20.9,9.38,0,Cyclonic Storm
CYC-2029-NIO-097,Tauktae,Bay of Bengal,2029-10-02T12:00:00Z,9.53,90.52,41.9,983.9,28.13,18.6,0,Cyclonic Storm
CYC-2029-NIO-097,Tauktae,Bay of Bengal,2029-10-02T18:00:00Z,9.89,90.96,48.5,991.6,20.37,8.84,1,Severe Cyclonic Storm
CYC-2029-NIO-097,Tauktae,Bay of Bengal,2029-10-03T00:00:00Z,10.22,91.32,53.7,977.9,34.15,21.85,1,Severe Cyclonic Storm
CYC-2029-NIO-097,Tauktae,Bay of Bengal,2029-10-03T06:00:00Z,10.58,91.57,56.3,979.6,32.42,20.83,1,Severe Cyclonic Storm
CYC-2029-NIO-097,Tauktae,Bay of Bengal,2029-10-03T12:00:00Z,11.02,91.97,57.0,977.0,35.05,14.01,1,Severe Cyclonic Storm
CYC-2029-NIO-097,Tauktae,Bay of Bengal,2029-10-03T18:00:00Z,11.34,92.29,60.1,981.3,30.65,11.6,1,Severe Cyclonic Storm
CYC-2029-NIO-097,Tauktae,Bay of Bengal,2029-10-04T00:00:00Z,11.66,92.56,65.7,976.5,35.49,21.88,1,Very Severe Cyclonic Storm
CYC-2029-NIO-097,Tauktae,Bay of Bengal,2029-10-04T06:00:00Z,12.1,92.87,71.5,963.4,48.62,10.01,1,Very Severe Cyclonic Storm
CYC-2029-NIO-097,Tauktae,Bay of Bengal,2029-10-04T12:00:00Z,12.65,93.06,73.5,973.0,38.97,9.22,1,Very Severe Cyclonic Storm
CYC-2029-NIO-097,Tauktae,Bay of Bengal,2029-10-04T18:00:00Z,13.02,93.55,79.5,962.6,49.43,11.61,1,Very Severe Cyclonic Storm
CYC-2029-NIO-097,Tauktae,Bay of Bengal,2029-10-05T00:00:00Z,13.31,93.87,90.0,953.4,58.62,15.13,1,Extremely Severe Cyclonic Storm
CYC-2029-NIO-097,Tauktae,Bay of Bengal,2029-10-05T06:00:00Z,13.69,94.13,91.9,956.0,56.03,22.75,1,Extremely Severe Cyclonic Storm
CYC-2029-NIO-097,Tauktae,Bay of Bengal,2029-10-05T12:00:00Z,14.16,94.42,96.5,951.3,60.72,10.82,1,Extremely Severe Cyclonic Storm
CYC-2029-NIO-097,Tauktae,Bay of Bengal,2029-10-05T18:00:00Z,14.47,94.72,97.8,950.1,61.88,11.57,1,Extremely Severe Cyclonic Storm
CYC-2029-NIO-097,Tauktae,Bay of Bengal,2029-10-06T00:00:00Z,14.89,95.05,104.4,945.7,66.31,19.88,1,Extremely Severe Cyclonic Storm
CYC-2029-NIO-097,Tauktae,Bay of Bengal,2029-10-06T06:00:00Z,15.34,95.36,96.9,955.1,56.85,18.42,1,Extremely Severe Cyclonic Storm
CYC-2029-NIO-097,Tauktae,Bay of Bengal,2029-10-06T12:00:00Z,15.65,95.82,88.0,958.4,53.58,20.64,1,Very Severe Cyclonic Storm
CYC-2029-NIO-097,Tauktae,Bay of Bengal,2029-10-06T18:00:00Z,15.94,96.19,82.0,962.0,50.02,17.55,1,Very Severe Cyclonic Storm
CYC-2029-NIO-097,Tauktae,Bay of Bengal,2029-10-07T00:00:00Z,16.22,96.62,74.5,974.1,37.89,14.88,1,Very Severe Cyclonic Storm
CYC-2029-NIO-097,Tauktae,Bay of Bengal,2029-10-07T06:00:00Z,16.49,96.78,63.9,970.1,41.92,13.28,1,Severe Cyclonic Storm
CYC-2029-NIO-097,Tauktae,Bay of Bengal,2029-10-07T12:00:00Z,16.87,97.02,57.9,982.8,29.24,21.91,1,Severe Cyclonic Storm
CYC-2029-NIO-097,Tauktae,Bay of Bengal,2029-10-07T18:00:00Z,17.12,97.24,50.2,982.3,29.67,20.88,1,Severe Cyclonic Storm
CYC-2029-NIO-097,Tauktae,Bay of Bengal,2029-10-08T00:00:00Z,17.48,97.52,41.6,993.1,18.92,16.95,0,Cyclonic Storm
CYC-2029-NIO-097,Tauktae,Bay of Bengal,2029-10-08T06:00:00Z,17.82,97.77,38.3,989.7,22.31,11.36,0,Cyclonic Storm
CYC-2029-NIO-097,Tauktae,Bay of Bengal,2029-10-08T12:00:00Z,18.27,98.16,35.3,993.4,18.61,21.17,0,Cyclonic Storm
CYC-2029-NIO-097,Tauktae,Bay of Bengal,2029-10-08T18:00:00Z,18.67,98.5,32.5,995.9,16.14,17.7,0,Deep Depression
CYC-2029-NIO-097,Tauktae,Bay of Bengal,2029-10-09T00:00:00Z,19.05,98.79,26.2,994.5,17.53,17.85,0,Depression
CYC-2029-NIO-097,Tauktae,Bay of Bengal,2029-10-09T06:00:00Z,19.35,99.12,20.0,1001.4,10.6,22.05,0,Depression
CYC-2029-NIO-098,Yaas,Bay of Bengal,2029-11-06T12:00:00Z,7.94,85.92,40.6,987.5,24.52,11.15,0,Cyclonic Storm
CYC-2029-NIO-098,Yaas,Bay of Bengal,2029-11-06T18:00:00Z,8.18,86.36,54.0,984.6,27.43,14.22,1,Severe Cyclonic Storm
CYC-2029-NIO-098,Yaas,Bay of Bengal,2029-11-07T00:00:00Z,8.59,86.77,60.9,982.2,29.82,9.05,1,Severe Cyclonic Storm
CYC-2029-NIO-098,Yaas,Bay of Bengal,2029-11-07T06:00:00Z,8.93,87.07,70.6,962.6,49.44,13.07,1,Very Severe Cyclonic Storm
CYC-2029-NIO-098,Yaas,Bay of Bengal,2029-11-07T12:00:00Z,9.38,87.41,76.4,971.8,40.2,22.97,1,Very Severe Cyclonic Storm
CYC-2029-NIO-098,Yaas,Bay of Bengal,2029-11-07T18:00:00Z,9.72,87.76,88.9,958.6,53.38,21.41,1,Very Severe Cyclonic Storm
CYC-2029-NIO-098,Yaas,Bay of Bengal,2029-11-08T00:00:00Z,10.13,88.13,98.6,955.5,56.51,14.55,1,Extremely Severe Cyclonic Storm
CYC-2029-NIO-098,Yaas,Bay of Bengal,2029-11-08T06:00:00Z,10.59,88.45,106.4,948.8,63.17,20.49,1,Extremely Severe Cyclonic Storm
CYC-2029-NIO-098,Yaas,Bay of Bengal,2029-11-08T12:00:00Z,10.93,88.81,112.4,942.7,69.34,12.72,1,Extremely Severe Cyclonic Storm
CYC-2029-NIO-098,Yaas,Bay of Bengal,2029-11-08T18:00:00Z,11.23,89.26,122.2,929.6,82.43,9.4,1,Super Cyclonic Storm
CYC-2029-NIO-098,Yaas,Bay of Bengal,2029-11-09T00:00:00Z,11.6,89.71,131.1,933.2,78.77,13.51,1,Super Cyclonic Storm
CYC-2029-NIO-098,Yaas,Bay of Bengal,2029-11-09T06:00:00Z,11.93,90.17,140.8,923.2,88.75,9.04,1,Super Cyclonic Storm
CYC-2029-NIO-098,Yaas,Bay of Bengal,2029-11-09T12:00:00Z,12.34,90.53,147.9,927.0,85.02,18.12,1,Super Cyclonic Storm
CYC-2029-NIO-098,Yaas,Bay of Bengal,2029-11-09T18:00:00Z,12.78,90.77,154.3,911.7,100.3,13.36,1,Super Cyclonic Storm
CYC-2029-NIO-098,Yaas,Bay of Bengal,2029-11-10T00:00:00Z,13.24,90.94,142.0,921.3,90.66,12.46,1,Super Cyclonic Storm
CYC-2029-NIO-098,Yaas,Bay of Bengal,2029-11-10T06:00:00Z,13.75,91.2,130.3,932.5,79.5,14.52,1,Super Cyclonic Storm
CYC-2029-NIO-098,Yaas,Bay of Bengal,2029-11-10T12:00:00Z,14.33,91.52,121.4,936.9,75.11,22.16,1,Super Cyclonic Storm
CYC-2029-NIO-098,Yaas,Bay of Bengal,2029-11-10T18:00:00Z,14.59,91.9,111.8,940.0,72.03,18.22,1,Extremely Severe Cyclonic Storm
CYC-2029-NIO-098,Yaas,Bay of Bengal,2029-11-11T00:00:00Z,14.86,92.2,104.7,945.5,66.47,13.41,1,Extremely Severe Cyclonic Storm
CYC-2029-NIO-098,Yaas,Bay of Bengal,2029-11-11T06:00:00Z,15.26,92.53,92.9,956.0,55.98,23.82,1,Extremely Severe Cyclonic Storm
CYC-2029-NIO-098,Yaas,Bay of Bengal,2029-11-11T12:00:00Z,15.69,92.88,83.0,961.8,50.2,18.71,1,Very Severe Cyclonic Storm
CYC-2029-NIO-098,Yaas,Bay of Bengal,2029-11-11T18:00:00Z,16.15,93.15,71.1,971.0,41.03,11.43,1,Very Severe Cyclonic Storm
CYC-2029-NIO-098,Yaas,Bay of Bengal,2029-11-12T00:00:00Z,16.59,93.67,63.5,984.5,27.49,18.78,1,Severe Cyclonic Storm
CYC-2029-NIO-098,Yaas,Bay of Bengal,2029-11-12T06:00:00Z,17.03,94.0,53.0,983.2,28.76,19.61,1,Severe Cyclonic Storm
CYC-2029-NIO-099,Gulab,Arabian Sea,2029-12-08T12:00:00Z,11.75,69.43,42.0,990.9,21.06,22.76,0,Cyclonic Storm
CYC-2029-NIO-099,Gulab,Arabian Sea,2029-12-08T18:00:00Z,12.24,69.29,55.0,973.4,38.56,16.36,1,Severe Cyclonic Storm
CYC-2029-NIO-099,Gulab,Arabian Sea,2029-12-09T00:00:00Z,12.62,68.97,61.6,976.8,35.25,11.73,1,Severe Cyclonic Storm
CYC-2029-NIO-099,Gulab,Arabian Sea,2029-12-09T06:00:00Z,13.18,68.65,68.8,970.5,41.53,9.87,1,Very Severe Cyclonic Storm
CYC-2029-NIO-099,Gulab,Arabian Sea,2029-12-09T12:00:00Z,13.74,68.37,76.5,968.8,43.16,14.99,1,Very Severe Cyclonic Storm
CYC-2029-NIO-099,Gulab,Arabian Sea,2029-12-09T18:00:00Z,14.16,68.12,82.4,964.5,47.49,9.99,1,Very Severe Cyclonic Storm
CYC-2029-NIO-099,Gulab,Arabian Sea,2029-12-10T00:00:00Z,14.62,67.79,91.8,956.4,55.56,14.41,1,Extremely Severe Cyclonic Storm
CYC-2029-NIO-099,Gulab,Arabian Sea,2029-12-10T06:00:00Z,15.03,67.44,103.0,955.1,56.86,15.13,1,Extremely Severe Cyclonic Storm
CYC-2029-NIO-099,Gulab,Arabian Sea,2029-12-10T12:00:00Z,15.5,67.1,114.4,944.4,67.64,15.37,1,Extremely Severe Cyclonic Storm
CYC-2029-NIO-099,Gulab,Arabian Sea,2029-12-10T18:00:00Z,15.82,66.71,125.8,936.8,75.24,22.38,1,Super Cyclonic Storm
CYC-2029-NIO-099,Gulab,Arabian Sea,2029-12-11T00:00:00Z,16.41,66.41,106.5,951.0,61.05,21.27,1,Extremely Severe Cyclonic Storm
CYC-2029-NIO-099,Gulab,Arabian Sea,2029-12-11T06:00:00Z,16.86,66.12,91.6,957.9,54.06,17.17,1,Extremely Severe Cyclonic Storm
CYC-2029-NIO-099,Gulab,Arabian Sea,2029-12-11T12:00:00Z,17.25,65.79,76.7,966.0,46.0,19.25,1,Very Severe Cyclonic Storm
CYC-2029-NIO-099,Gulab,Arabian Sea,2029-12-11T18:00:00Z,17.65,65.62,58.4,970.6,41.39,22.56,1,Severe Cyclonic Storm
CYC-2029-NIO-099,Gulab,Arabian Sea,2029-12-12T00:00:00Z,18.12,65.45,43.0,983.8,28.2,16.42,0,Cyclonic Storm
CYC-2029-NIO-099,Gulab,Arabian Sea,2029-12-12T06:00:00Z,18.57,65.16,30.9,987.1,24.86,18.76,0,Deep Depression
CYC-2029-NIO-099,Gulab,Arabian Sea,2029-12-12T12:00:00Z,18.95,64.88,20.0,999.1,12.89,11.05,0,Depression
CYC-2029-NIO-100,Jawad,Bay of Bengal,2030-01-17T18:00:00Z,9.93,89.64,32.2,992.4,19.6,8.93,0,Deep Depression
CYC-2029-NIO-100,Jawad,Bay of Bengal,2030-01-18T00:00:00Z,10.26,90.03,36.1,992.2,19.75,21.51,0,Cyclonic Storm
CYC-2029-NIO-100,Jawad,Bay of Bengal,2030-01-18T06:00:00Z,10.62,90.42,37.0,989.4,22.58,12.67,0,Cyclonic Storm
CYC-2029-NIO-100,Jawad,Bay of Bengal,2030-01-18T12:00:00Z,11.05,90.71,40.1,995.0,17.01,9.38,0,Cyclonic Storm
CYC-2029-NIO-100,Jawad,Bay of Bengal,2030-01-18T18:00:00Z,11.44,90.94,48.3,980.0,32.0,8.1,1,Severe Cyclonic Storm
CYC-2029-NIO-100,Jawad,Bay of Bengal,2030-01-19T00:00:00Z,11.86,91.31,52.4,979.1,32.88,19.36,1,Severe Cyclonic Storm
CYC-2029-NIO-100,Jawad,Bay of Bengal,2030-01-19T06:00:00Z,12.39,91.82,56.5,975.4,36.56,22.58,1,Severe Cyclonic Storm
CYC-2029-NIO-100,Jawad,Bay of Bengal,2030-01-19T12:00:00Z,12.78,92.07,59.5,978.4,33.59,18.46,1,Severe Cyclonic Storm
CYC-2029-NIO-100,Jawad,Bay of Bengal,2030-01-19T18:00:00Z,13.38,92.41,59.7,973.3,38.69,8.78,1,Severe Cyclonic Storm
CYC-2029-NIO-100,Jawad,Bay of Bengal,2030-01-20T00:00:00Z,13.85,92.75,65.7,978.1,33.89,11.9,1,Very Severe Cyclonic Storm
CYC-2029-NIO-100,Jawad,Bay of Bengal,2030-01-20T06:00:00Z,14.1,93.02,71.5,966.9,45.09,22.7,1,Very Severe Cyclonic Storm
CYC-2029-NIO-100,Jawad,Bay of Bengal,2030-01-20T12:00:00Z,14.52,93.37,76.4,963.7,48.27,11.42,1,Very Severe Cyclonic Storm
CYC-2029-NIO-100,Jawad,Bay of Bengal,2030-01-20T18:00:00Z,14.85,93.58,75.9,967.1,44.87,10.47,1,Very Severe Cyclonic Storm
CYC-2029-NIO-100,Jawad,Bay of Bengal,2030-01-21T00:00:00Z,15.34,93.85,81.5,963.8,48.16,11.13,1,Very Severe Cyclonic Storm
CYC-2029-NIO-100,Jawad,Bay of Bengal,2030-01-21T06:00:00Z,15.77,94.03,89.2,956.6,55.41,20.71,1,Very Severe Cyclonic Storm
CYC-2029-NIO-100,Jawad,Bay of Bengal,2030-01-21T12:00:00Z,16.08,94.27,90.9,958.0,54.0,12.62,1,Extremely Severe Cyclonic Storm
CYC-2029-NIO-100,Jawad,Bay of Bengal,2030-01-21T18:00:00Z,16.45,94.44,96.7,960.4,51.61,19.33,1,Extremely Severe Cyclonic Storm
CYC-2029-NIO-100,Jawad,Bay of Bengal,2030-01-22T00:00:00Z,16.79,94.74,98.9,951.1,60.91,21.49,1,Extremely Severe Cyclonic Storm
CYC-2029-NIO-100,Jawad,Bay of Bengal,2030-01-22T06:00:00Z,17.14,95.07,102.9,949.9,62.07,17.51,1,Extremely Severe Cyclonic Storm
CYC-2029-NIO-100,Jawad,Bay of Bengal,2030-01-22T12:00:00Z,17.49,95.41,107.8,944.7,67.29,18.97,1,Extremely Severe Cyclonic Storm
CYC-2029-NIO-100,Jawad,Bay of Bengal,2030-01-22T18:00:00Z,17.94,95.84,98.5,954.7,57.32,12.32,1,Extremely Severe Cyclonic Storm
CYC-2029-NIO-100,Jawad,Bay of Bengal,2030-01-23T00:00:00Z,18.42,96.09,92.1,949.2,62.77,19.24,1,Extremely Severe Cyclonic Storm
CYC-2029-NIO-100,Jawad,Bay of Bengal,2030-01-23T06:00:00Z,18.92,96.34,85.3,964.1,47.9,15.41,1,Very Severe Cyclonic Storm
CYC-2029-NIO-100,Jawad,Bay of Bengal,2030-01-23T12:00:00Z,19.41,96.49,80.5,959.9,52.07,15.44,1,Very Severe Cyclonic Storm
CYC-2029-NIO-100,Jawad,Bay of Bengal,2030-01-23T18:00:00Z,19.79,96.76,77.5,966.1,45.92,21.35,1,Very Severe Cyclonic Storm
CYC-2029-NIO-100,Jawad,Bay of Bengal,2030-01-24T00:00:00Z,20.17,97.17,70.0,969.4,42.63,12.62,1,Very Severe Cyclonic Storm
CYC-2029-NIO-100,Jawad,Bay of Bengal,2030-01-24T06:00:00Z,20.62,97.48,65.7,971.3,40.73,8.42,1,Very Severe Cyclonic Storm
CYC-2029-NIO-100,Jawad,Bay of Bengal,2030-01-24T12:00:00Z,21.09,97.7,58.5,973.3,38.71,12.03,1,Severe Cyclonic Storm
CYC-2029-NIO-100,Jawad,Bay of Bengal,2030-01-24T18:00:00Z,21.51,97.97,54.9,973.7,38.35,12.82,1,Severe Cyclonic Storm
CYC-2029-NIO-100,Jawad,Bay of Bengal,2030-01-25T00:00:00Z,21.92,98.17,45.9,980.7,31.27,21.08,0,Cyclonic Storm
CYC-2029-NIO-100,Jawad,Bay of Bengal,2030-01-25T06:00:00Z,22.28,98.45,42.1,987.4,24.64,17.86,0,Cyclonic Storm
CYC-2029-NIO-100,Jawad,Bay of Bengal,2030-01-25T12:00:00Z,22.61,98.77,38.3,992.8,19.22,17.39,0,Cyclonic Storm
CYC-2029-NIO-100,Jawad,Bay of Bengal,2030-01-25T18:00:00Z,23.0,99.09,31.2,996.0,16.04,22.88,0,Deep Depression
CYC-2030-NIO-101,Mocha,Bay of Bengal,2030-03-07T00:00:00Z,8.3,89.46,33.6,987.7,24.3,8.19,0,Deep Depression
CYC-2030-NIO-101,Mocha,Bay of Bengal,2030-03-07T06:00:00Z,8.91,89.4,41.4,986.9,25.1,9.72,0,Cyclonic Storm
CYC-2030-NIO-101,Mocha,Bay of Bengal,2030-03-07T12:00:00Z,9.43,89.34,48.6,988.1,23.88,16.22,1,Severe Cyclonic Storm
CYC-2030-NIO-101,Mocha,Bay of Bengal,2030-03-07T18:00:00Z,9.89,89.26,57.2,981.7,30.25,11.72,1,Severe Cyclonic Storm
CYC-2030-NIO-101,Mocha,Bay of Bengal,2030-03-08T00:00:00Z,10.36,89.28,62.7,977.1,34.9,20.09,1,Severe Cyclonic Storm
CYC-2030-NIO-101,Mocha,Bay of Bengal,2030-03-08T06:00:00Z,10.77,89.23,66.6,970.6,41.44,13.75,1,Very Severe Cyclonic Storm
CYC-2030-NIO-101,Mocha,Bay of Bengal,2030-03-08T12:00:00Z,11.19,88.98,75.7,974.3,37.68,8.62,1,Very Severe Cyclonic Storm
CYC-2030-NIO-101,Mocha,Bay of Bengal,2030-03-08T18:00:00Z,11.57,88.89,85.7,962.0,49.99,18.86,1,Very Severe Cyclonic Storm
CYC-2030-NIO-101,Mocha,Bay of Bengal,2030-03-09T00:00:00Z,11.94,88.85,91.5,961.8,50.16,11.54,1,Extremely Severe Cyclonic Storm
CYC-2030-NIO-101,Mocha,Bay of Bengal,2030-03-09T06:00:00Z,12.39,88.73,101.0,955.8,56.18,23.4,1,Extremely Severe Cyclonic Storm
CYC-2030-NIO-101,Mocha,Bay of Bengal,2030-03-09T12:00:00Z,12.8,88.84,108.0,949.9,62.12,13.58,1,Extremely Severe Cyclonic Storm
CYC-2030-NIO-101,Mocha,Bay of Bengal,2030-03-09T18:00:00Z,13.28,88.84,115.6,943.9,68.11,15.17,1,Extremely Severe Cyclonic Storm
CYC-2030-NIO-101,Mocha,Bay of Bengal,2030-03-10T00:00:00Z,13.84,88.84,108.4,946.6,65.41,20.34,1,Extremely Severe Cyclonic Storm
CYC-2030-NIO-101,Mocha,Bay of Bengal,2030-03-10T06:00:00Z,14.28,88.84,99.7,950.8,61.19,17.0,1,Extremely Severe Cyclonic Storm
CYC-2030-NIO-101,Mocha,Bay of Bengal,2030-03-10T12:00:00Z,14.74,88.84,89.7,954.7,57.26,19.73,1,Very Severe Cyclonic Storm
CYC-2030-NIO-101,Mocha,Bay of Bengal,2030-03-10T18:00:00Z,15.32,88.72,77.8,962.8,49.25,13.46,1,Very Severe Cyclonic Storm
CYC-2030-NIO-101,Mocha,Bay of Bengal,2030-03-11T00:00:00Z,15.83,88.63,72.9,969.9,42.14,22.96,1,Very Severe Cyclonic Storm
CYC-2030-NIO-101,Mocha,Bay of Bengal,2030-03-11T06:00:00Z,16.2,88.63,61.2,976.5,35.53,19.14,1,Severe Cyclonic Storm
CYC-2030-NIO-101,Mocha,Bay of Bengal,2030-03-11T12:00:00Z,16.72,88.47,49.0,984.3,27.71,10.85,1,Severe Cyclonic Storm
CYC-2030-NIO-101,Mocha,Bay of Bengal,2030-03-11T18:00:00Z,17.14,88.34,35.8,992.8,19.23,13.51,0,Cyclonic Storm
CYC-2030-NIO-102,Biparjoy,Arabian Sea,2030-04-23T00:00:00Z,10.29,71.29,30.5,994.3,17.71,12.37,0,Deep Depression
CYC-2030-NIO-102,Biparjoy,Arabian Sea,2030-04-23T06:00:00Z,10.72,70.95,34.6,990.7,21.27,19.69,0,Cyclonic Storm
CYC-2030-NIO-102,Biparjoy,Arabian Sea,2030-04-23T12:00:00Z,11.07,70.61,39.6,987.0,25.03,17.05,0,Cyclonic Storm
CYC-2030-NIO-102,Biparjoy,Arabian Sea,2030-04-23T18:00:00Z,11.45,70.49,45.6,985.2,26.84,13.17,0,Cyclonic Storm
CYC-2030-NIO-102,Biparjoy,Arabian Sea,2030-04-24T00:00:00Z,11.8,70.28,53.3,982.6,29.41,20.38,1,Severe Cyclonic Storm
CYC-2030-NIO-102,Biparjoy,Arabian Sea,2030-04-24T06:00:00Z,12.16,69.99,58.9,972.6,39.39,10.53,1,Severe Cyclonic Storm
CYC-2030-NIO-102,Biparjoy,Arabian Sea,2030-04-24T12:00:00Z,12.53,69.81,65.0,971.2,40.81,15.34,1,Very Severe Cyclonic Storm
CYC-2030-NIO-102,Biparjoy,Arabian Sea,2030-04-24T18:00:00Z,12.92,69.58,66.4,974.3,37.66,17.02,1,Very Severe Cyclonic Storm
CYC-2030-NIO-102,Biparjoy,Arabian Sea,2030-04-25T00:00:00Z,13.2,69.29,71.2,968.2,43.84,16.56,1,Very Severe Cyclonic Storm
CYC-2030-NIO-102,Biparjoy,Arabian Sea,2030-04-25T06:00:00Z,13.65,69.09,75.7,964.5,47.54,13.03,1,Very Severe Cyclonic Storm
CYC-2030-NIO-102,Biparjoy,Arabian Sea,2030-04-25T12:00:00Z,14.08,68.83,81.6,959.0,52.96,13.59,1,Very Severe Cyclonic Storm
CYC-2030-NIO-102,Biparjoy,Arabian Sea,2030-04-25T18:00:00Z,14.52,68.63,86.1,958.1,53.89,21.67,1,Very Severe Cyclonic Storm
CYC-2030-NIO-102,Biparjoy,Arabian Sea,2030-04-26T00:00:00Z,14.78,68.49,93.9,952.0,60.05,22.25,1,Extremely Severe Cyclonic Storm
CYC-2030-NIO-102,Biparjoy,Arabian Sea,2030-04-26T06:00:00Z,15.07,68.23,96.7,951.1,60.94,11.13,1,Extremely Severe Cyclonic Storm
CYC-2030-NIO-102,Biparjoy,Arabian Sea,2030-04-26T12:00:00Z,15.43,68.0,102.8,953.0,58.99,9.68,1,Extremely Severe Cyclonic Storm
CYC-2030-NIO-102,Biparjoy,Arabian Sea,2030-04-26T18:00:00Z,15.78,67.89,108.4,940.6,71.38,21.15,1,Extremely Severe Cyclonic Storm
CYC-2030-NIO-102,Biparjoy,Arabian Sea,2030-04-27T00:00:00Z,16.19,67.72,112.4,944.4,67.59,22.07,1,Extremely Severe Cyclonic Storm
CYC-2030-NIO-102,Biparjoy,Arabian Sea,2030-04-27T06:00:00Z,16.58,67.52,114.7,937.4,74.62,8.63,1,Extremely Severe Cyclonic Storm
CYC-2030-NIO-102,Biparjoy,Arabian Sea,2030-04-27T12:00:00Z,17.02,67.3,119.1,939.1,72.89,8.5,1,Extremely Severe Cyclonic Storm
CYC-2030-NIO-102,Biparjoy,Arabian Sea,2030-04-27T18:00:00Z,17.31,67.06,111.1,943.9,68.06,14.98,1,Extremely Severe Cyclonic Storm
CYC-2030-NIO-102,Biparjoy,Arabian Sea,2030-04-28T00:00:00Z,17.75,66.74,105.5,946.1,65.86,16.74,1,Extremely Severe Cyclonic Storm
CYC-2030-NIO-102,Biparjoy,Arabian Sea,2030-04-28T06:00:00Z,18.19,66.45,94.9,954.8,57.16,23.17,1,Extremely Severe Cyclonic Storm
CYC-2030-NIO-102,Biparjoy,Arabian Sea,2030-04-28T12:00:00Z,18.55,66.19,90.5,955.9,56.09,20.96,1,Extremely Severe Cyclonic Storm
CYC-2030-NIO-102,Biparjoy,Arabian Sea,2030-04-28T18:00:00Z,18.92,66.13,85.6,960.9,51.09,16.89,1,Very Severe Cyclonic Storm
CYC-2030-NIO-102,Biparjoy,Arabian Sea,2030-04-29T00:00:00Z,19.33,66.04,76.7,961.1,50.87,13.78,1,Very Severe Cyclonic Storm
CYC-2030-NIO-102,Biparjoy,Arabian Sea,2030-04-29T06:00:00Z,19.65,66.08,66.4,969.0,43.03,22.14,1,Very Severe Cyclonic Storm
CYC-2030-NIO-102,Biparjoy,Arabian Sea,2030-04-29T12:00:00Z,20.19,65.89,60.0,980.6,31.39,21.36,1,Severe Cyclonic Storm
CYC-2030-NIO-102,Biparjoy,Arabian Sea,2030-04-29T18:00:00Z,20.54,65.66,51.2,982.7,29.26,22.28,1,Severe Cyclonic Storm
CYC-2030-NIO-102,Biparjoy,Arabian Sea,2030-04-30T00:00:00Z,20.96,65.64,41.7,983.6,28.38,16.51,0,Cyclonic Storm
CYC-2030-NIO-102,Biparjoy,Arabian Sea,2030-04-30T06:00:00Z,21.22,65.57,34.9,993.0,18.96,23.0,0,Cyclonic Storm
CYC-2030-NIO-102,Biparjoy,Arabian Sea,2030-04-30T12:00:00Z,21.6,65.36,25.8,1000.0,12.0,22.48,0,Depression
CYC-2030-NIO-102,Biparjoy,Arabian Sea,2030-04-30T18:00:00Z,21.95,65.16,20.9,999.3,12.71,16.35,0,Depression
CYC-2030-NIO-103,Tej,Bay of Bengal,2030-05-30T00:00:00Z,9.36,85.89,30.0,995.3,16.67,15.06,0,Deep Depression
CYC-2030-NIO-103,Tej,Bay of Bengal,2030-05-30T06:00:00Z,9.91,86.21,38.1,992.5,19.45,12.06,0,Cyclonic Storm
CYC-2030-NIO-103,Tej,Bay of Bengal,2030-05-30T12:00:00Z,10.45,86.5,45.0,983.7,28.31,14.69,0,Cyclonic Storm
CYC-2030-NIO-103,Tej,Bay of Bengal,2030-05-30T18:00:00Z,11.02,86.84,53.4,978.1,33.9,17.35,1,Severe Cyclonic Storm
CYC-2030-NIO-103,Tej,Bay of Bengal,2030-05-31T00:00:00Z,11.5,87.03,58.8,980.5,31.53,18.23,1,Severe Cyclonic Storm
CYC-2030-NIO-103,Tej,Bay of Bengal,2030-05-31T06:00:00Z,12.17,87.28,65.2,979.4,32.63,18.0,1,Very Severe Cyclonic Storm
CYC-2030-NIO-103,Tej,Bay of Bengal,2030-05-31T12:00:00Z,12.77,87.52,69.8,975.1,36.89,23.95,1,Very Severe Cyclonic Storm
CYC-2030-NIO-103,Tej,Bay of Bengal,2030-05-31T18:00:00Z,13.29,87.73,74.1,966.2,45.77,9.94,1,Very Severe Cyclonic Storm
CYC-2030-NIO-103,Tej,Bay of Bengal,2030-06-01T00:00:00Z,13.83,87.94,79.1,965.4,46.63,11.25,1,Very Severe Cyclonic Storm
CYC-2030-NIO-103,Tej,Bay of Bengal,2030-06-01T06:00:00Z,14.42,88.02,85.0,961.5,50.46,12.24,1,Very Severe Cyclonic Storm
CYC-2030-NIO-103,Tej,Bay of Bengal,2030-06-01T12:00:00Z,14.98,88.17,89.4,955.1,56.85,23.85,1,Very Severe Cyclonic Storm
CYC-2030-NIO-103,Tej,Bay of Bengal,2030-06-01T18:00:00Z,15.58,88.42,97.5,954.3,57.7,18.33,1,Extremely Severe Cyclonic Storm
CYC-2030-NIO-103,Tej,Bay of Bengal,2030-06-02T00:00:00Z,16.12,88.64,106.9,951.2,60.81,14.29,1,Extremely Severe Cyclonic Storm
CYC-2030-NIO-103,Tej,Bay of Bengal,2030-06-02T06:00:00Z,16.48,88.84,115.3,942.5,69.54,18.33,1,Extremely Severe Cyclonic Storm
CYC-2030-NIO-103,Tej,Bay of Bengal,2030-06-02T12:00:00Z,17.03,89.01,120.7,931.5,80.51,20.78,1,Super Cyclonic Storm
CYC-2030-NIO-103,Tej,Bay of Bengal,2030-06-02T18:00:00Z,17.47,89.18,126.4,938.2,73.79,12.75,1,Super Cyclonic Storm
CYC-2030-NIO-103,Tej,Bay of Bengal,2030-06-03T00:00:00Z,18.07,89.35,130.2,936.9,75.1,14.03,1,Super Cyclonic Storm
CYC-2030-NIO-103,Tej,Bay of Bengal,2030-06-03T06:00:00Z,18.88,89.62,122.0,942.3,69.7,22.54,1,Super Cyclonic Storm
CYC-2030-NIO-103,Tej,Bay of Bengal,2030-06-03T12:00:00Z,19.56,89.8,119.6,936.7,75.34,18.25,1,Extremely Severe Cyclonic Storm
CYC-2030-NIO-103,Tej,Bay of Bengal,2030-06-03T18:00:00Z,20.0,89.99,113.1,943.9,68.09,20.56,1,Extremely Severe Cyclonic Storm
CYC-2030-NIO-103,Tej,Bay of Bengal,2030-06-04T00:00:00Z,20.47,90.31,99.3,959.4,52.6,12.76,1,Extremely Severe Cyclonic Storm
CYC-2030-NIO-103,Tej,Bay of Bengal,2030-06-04T06:00:00Z,20.9,90.69,91.4,956.4,55.58,12.04,1,Extremely Severe Cyclonic Storm
CYC-2030-NIO-103,Tej,Bay of Bengal,2030-06-04T12:00:00Z,21.47,90.79,78.5,970.9,41.07,14.21,1,Very Severe Cyclonic Storm
CYC-2030-NIO-103,Tej,Bay of Bengal,2030-06-04T18:00:00Z,22.11,90.98,68.8,970.7,41.35,15.03,1,Very Severe Cyclonic Storm
CYC-2030-NIO-103,Tej,Bay of Bengal,2030-06-05T00:00:00Z,22.63,91.2,57.6,979.1,32.88,23.08,1,Severe Cyclonic Storm
CYC-2030-NIO-103,Tej,Bay of Bengal,2030-06-05T06:00:00Z,23.06,91.59,51.6,981.9,30.08,21.7,1,Severe Cyclonic Storm
CYC-2030-NIO-103,Tej,Bay of Bengal,2030-06-05T12:00:00Z,23.6,91.87,44.5,983.6,28.41,18.94,0,Cyclonic Storm
CYC-2030-NIO-103,Tej,Bay of Bengal,2030-06-05T18:00:00Z,24.2,92.06,32.7,997.8,14.16,16.95,0,Deep Depression
CYC-2030-NIO-104,Hamoon,Bay of Bengal,2030-07-26T00:00:00Z,10.34,90.12,35.0,986.3,25.69,12.22,0,Cyclonic Storm
CYC-2030-NIO-104,Hamoon,Bay of Bengal,2030-07-26T06:00:00Z,10.83,90.29,44.9,994.1,17.91,11.92,0,Cyclonic Storm
CYC-2030-NIO-104,Hamoon,Bay of Bengal,2030-07-26T12:00:00Z,11.38,90.54,52.6,976.2,35.81,23.23,1,Severe Cyclonic Storm
CYC-2030-NIO-104,Hamoon,Bay of Bengal,2030-07-26T18:00:00Z,11.98,90.94,57.7,978.5,33.46,14.92,1,Severe Cyclonic Storm
CYC-2030-NIO-104,Hamoon,Bay of Bengal,2030-07-27T00:00:00Z,12.55,91.22,65.0,966.5,45.46,23.01,1,Very Severe Cyclonic Storm
CYC-2030-NIO-104,Hamoon,Bay of Bengal,2030-07-27T06:00:00Z,12.95,91.59,71.6,972.4,39.56,10.64,1,Very Severe Cyclonic Storm
CYC-2030-NIO-104,Hamoon,Bay of Bengal,2030-07-27T12:00:00Z,13.56,91.98,81.5,965.7,46.31,23.71,1,Very Severe Cyclonic Storm
CYC-2030-NIO-104,Hamoon,Bay of Bengal,2030-07-27T18:00:00Z,14.0,92.24,88.3,962.4,49.57,17.57,1,Very Severe Cyclonic Storm
CYC-2030-NIO-104,Hamoon,Bay of Bengal,2030-07-28T00:00:00Z,14.42,92.39,94.3,960.8,51.22,19.09,1,Extremely Severe Cyclonic Storm
CYC-2030-NIO-104,Hamoon,Bay of Bengal,2030-07-28T06:00:00Z,15.04,92.61,104.1,943.8,68.19,19.02,1,Extremely Severe Cyclonic Storm
CYC-2030-NIO-104,Hamoon,Bay of Bengal,2030-07-28T12:00:00Z,15.66,93.02,108.1,942.2,69.78,17.03,1,Extremely Severe Cyclonic Storm
CYC-2030-NIO-104,Hamoon,Bay of Bengal,2030-07-28T18:00:00Z,16.16,93.39,117.2,942.1,69.9,12.35,1,Extremely Severe Cyclonic Storm
CYC-2030-NIO-104,Hamoon,Bay of Bengal,2030-07-29T00:00:00Z,16.67,93.69,126.9,936.1,75.92,16.83,1,Super Cyclonic Storm
CYC-2030-NIO-104,Hamoon,Bay of Bengal,2030-07-29T06:00:00Z,17.26,94.0,136.6,934.4,77.6,17.38,1,Super Cyclonic Storm
CYC-2030-NIO-104,Hamoon,Bay of Bengal,2030-07-29T12:00:00Z,17.89,94.32,142.8,928.0,84.02,21.07,1,Super Cyclonic Storm
CYC-2030-NIO-104,Hamoon,Bay of Bengal,2030-07-29T18:00:00Z,18.49,94.67,130.8,932.8,79.24,9.56,1,Super Cyclonic Storm
CYC-2030-NIO-104,Hamoon,Bay of Bengal,2030-07-30T00:00:00Z,19.09,94.86,122.5,943.0,69.02,19.22,1,Super Cyclonic Storm
CYC-2030-NIO-104,Hamoon,Bay of Bengal,2030-07-30T06:00:00Z,19.59,95.12,112.7,951.8,60.18,20.75,1,Extremely Severe Cyclonic Storm
CYC-2030-NIO-104,Hamoon,Bay of Bengal,2030-07-30T12:00:00Z,20.13,95.25,104.8,953.7,58.35,8.66,1,Extremely Severe Cyclonic Storm
CYC-2030-NIO-104,Hamoon,Bay of Bengal,2030-07-30T18:00:00Z,20.64,95.53,95.0,951.5,60.54,23.73,1,Extremely Severe Cyclonic Storm
CYC-2030-NIO-104,Hamoon,Bay of Bengal,2030-07-31T00:00:00Z,21.28,95.77,81.0,962.8,49.22,19.26,1,Very Severe Cyclonic Storm
CYC-2030-NIO-104,Hamoon,Bay of Bengal,2030-07-31T06:00:00Z,21.87,96.07,69.1,967.1,44.92,12.83,1,Very Severe Cyclonic Storm
CYC-2030-NIO-104,Hamoon,Bay of Bengal,2030-07-31T12:00:00Z,22.43,96.38,60.5,974.0,38.01,8.18,1,Severe Cyclonic Storm
CYC-2030-NIO-104,Hamoon,Bay of Bengal,2030-07-31T18:00:00Z,22.85,96.81,45.1,984.0,27.98,10.84,0,Cyclonic Storm
CYC-2030-NIO-104,Hamoon,Bay of Bengal,2030-08-01T00:00:00Z,23.38,97.07,33.6,1000.2,11.79,22.25,0,Deep Depression
CYC-2030-NIO-105,Midhili,Arabian Sea,2030-09-14T06:00:00Z,10.44,66.16,32.3,992.5,19.48,14.24,0,Deep Depression
CYC-2030-NIO-105,Midhili,Arabian Sea,2030-09-14T12:00:00Z,10.67,66.32,32.7,992.0,20.04,17.41,0,Deep Depression
CYC-2030-NIO-105,Midhili,Arabian Sea,2030-09-14T18:00:00Z,10.96,66.53,32.8,991.7,20.31,11.23,0,Deep Depression
CYC-2030-NIO-105,Midhili,Arabian Sea,2030-09-15T00:00:00Z,11.28,66.53,35.8,990.7,21.31,9.17,0,Cyclonic Storm
CYC-2030-NIO-105,Midhili,Arabian Sea,2030-09-15T06:00:00Z,11.66,66.82,39.7,988.4,23.61,11.29,0,Cyclonic Storm
CYC-2030-NIO-105,Midhili,Arabian Sea,2030-09-15T12:00:00Z,12.0,66.9,39.7,983.8,28.16,17.87,0,Cyclonic Storm
CYC-2030-NIO-105,Midhili,Arabian Sea,2030-09-15T18:00:00Z,12.31,66.9,35.7,985.7,26.33,23.58,0,Cyclonic Storm
CYC-2030-NIO-105,Midhili,Arabian Sea,2030-09-16T00:00:00Z,12.74,67.03,34.4,982.4,29.58,22.07,0,Cyclonic Storm
CYC-2030-NIO-105,Midhili,Arabian Sea,2030-09-16T06:00:00Z,13.05,67.15,36.1,984.6,27.37,22.4,0,Cyclonic Storm
CYC-2030-NIO-105,Midhili,Arabian Sea,2030-09-16T12:00:00Z,13.47,67.14,39.7,991.0,20.97,17.02,0,Cyclonic Storm
CYC-2030-NIO-105,Midhili,Arabian Sea,2030-09-16T18:00:00Z,13.83,67.23,44.4,988.2,23.77,13.52,0,Cyclonic Storm
CYC-2030-NIO-105,Midhili,Arabian Sea,2030-09-17T00:00:00Z,14.07,67.4,47.8,979.4,32.55,16.34,0,Cyclonic Storm
CYC-2030-NIO-105,Midhili,Arabian Sea,2030-09-17T06:00:00Z,14.31,67.56,47.1,992.2,19.77,17.55,0,Cyclonic Storm
CYC-2030-NIO-105,Midhili,Arabian Sea,2030-09-17T12:00:00Z,14.72,67.58,47.5,986.6,25.37,12.81,0,Cyclonic Storm
CYC-2030-NIO-105,Midhili,Arabian Sea,2030-09-17T18:00:00Z,15.15,67.76,51.3,985.8,26.16,14.28,1,Severe Cyclonic Storm
CYC-2030-NIO-105,Midhili,Arabian Sea,2030-09-18T00:00:00Z,15.36,67.81,54.0,976.2,35.8,9.49,1,Severe Cyclonic Storm
CYC-2030-NIO-105,Midhili,Arabian Sea,2030-09-18T06:00:00Z,15.78,67.88,54.1,982.8,29.18,18.78,1,Severe Cyclonic Storm
CYC-2030-NIO-105,Midhili,Arabian Sea,2030-09-18T12:00:00Z,16.15,67.91,53.2,979.8,32.21,19.67,1,Severe Cyclonic Storm
CYC-2030-NIO-105,Midhili,Arabian Sea,2030-09-18T18:00:00Z,16.42,67.91,51.5,983.2,28.76,14.05,1,Severe Cyclonic Storm
CYC-2030-NIO-105,Midhili,Arabian Sea,2030-09-19T00:00:00Z,16.72,68.04,52.7,978.0,33.99,14.79,1,Severe Cyclonic Storm
CYC-2030-NIO-105,Midhili,Arabian Sea,2030-09-19T06:00:00Z,16.87,68.2,55.2,974.3,37.72,18.36,1,Severe Cyclonic Storm
CYC-2030-NIO-105,Midhili,Arabian Sea,2030-09-19T12:00:00Z,17.2,68.34,56.9,974.2,37.79,9.55,1,Severe Cyclonic Storm
CYC-2030-NIO-105,Midhili,Arabian Sea,2030-09-19T18:00:00Z,17.38,68.37,55.4,976.0,35.98,22.18,1,Severe Cyclonic Storm
CYC-2030-NIO-105,Midhili,Arabian Sea,2030-09-20T00:00:00Z,17.8,68.39,56.1,986.1,25.95,11.82,1,Severe Cyclonic Storm
CYC-2030-NIO-105,Midhili,Arabian Sea,2030-09-20T06:00:00Z,18.22,68.34,56.6,975.6,36.43,9.86,1,Severe Cyclonic Storm
CYC-2030-NIO-105,Midhili,Arabian Sea,2030-09-20T12:00:00Z,18.54,68.52,54.6,988.6,23.41,21.96,1,Severe Cyclonic Storm
CYC-2030-NIO-105,Midhili,Arabian Sea,2030-09-20T18:00:00Z,18.78,68.84,51.7,982.5,29.54,9.78,1,Severe Cyclonic Storm
CYC-2030-NIO-105,Midhili,Arabian Sea,2030-09-21T00:00:00Z,19.15,68.89,48.9,987.6,24.41,16.87,1,Severe Cyclonic Storm
CYC-2030-NIO-105,Midhili,Arabian Sea,2030-09-21T06:00:00Z,19.4,69.15,48.3,984.3,27.66,23.38,1,Severe Cyclonic Storm
CYC-2030-NIO-105,Midhili,Arabian Sea,2030-09-21T12:00:00Z,19.79,69.35,48.1,981.2,30.79,14.55,1,Severe Cyclonic Storm
CYC-2030-NIO-105,Midhili,Arabian Sea,2030-09-21T18:00:00Z,20.21,69.57,42.0,980.7,31.29,21.02,0,Cyclonic Storm
CYC-2030-NIO-105,Midhili,Arabian Sea,2030-09-22T00:00:00Z,20.54,69.63,38.9,995.0,17.01,18.42,0,Cyclonic Storm
CYC-2030-NIO-105,Midhili,Arabian Sea,2030-09-22T06:00:00Z,20.89,69.73,36.5,987.4,24.61,9.46,0,Cyclonic Storm
CYC-2030-NIO-105,Midhili,Arabian Sea,2030-09-22T12:00:00Z,21.19,69.73,34.5,993.0,19.01,18.24,0,Cyclonic Storm
CYC-2030-NIO-106,Michaung,Bay of Bengal,2030-11-04T18:00:00Z,7.5,90.11,41.8,984.7,27.32,10.48,0,Cyclonic Storm
CYC-2030-NIO-106,Michaung,Bay of Bengal,2030-11-05T00:00:00Z,8.11,90.18,53.3,975.0,37.02,12.31,1,Severe Cyclonic Storm
CYC-2030-NIO-106,Michaung,Bay of Bengal,2030-11-05T06:00:00Z,8.68,90.23,64.5,969.6,42.39,14.98,1,Very Severe Cyclonic Storm
CYC-2030-NIO-106,Michaung,Bay of Bengal,2030-11-05T12:00:00Z,9.23,90.47,76.8,966.5,45.53,23.72,1,Very Severe Cyclonic Storm
CYC-2030-NIO-106,Michaung,Bay of Bengal,2030-11-05T18:00:00Z,9.78,90.79,85.0,966.8,45.25,23.8,1,Very Severe Cyclonic Storm
CYC-2030-NIO-106,Michaung,Bay of Bengal,2030-11-06T00:00:00Z,10.22,91.03,95.1,952.1,59.92,14.64,1,Extremely Severe Cyclonic Storm
CYC-2030-NIO-106,Michaung,Bay of Bengal,2030-11-06T06:00:00Z,10.79,91.09,105.3,946.6,65.39,15.54,1,Extremely Severe Cyclonic Storm
CYC-2030-NIO-106,Michaung,Bay of Bengal,2030-11-06T12:00:00Z,11.31,91.32,120.0,932.9,79.13,12.12,1,Extremely Severe Cyclonic Storm
CYC-2030-NIO-106,Michaung,Bay of Bengal,2030-11-06T18:00:00Z,11.74,91.43,134.8,933.6,78.35,18.78,1,Super Cyclonic Storm
CYC-2030-NIO-106,Michaung,Bay of Bengal,2030-11-07T00:00:00Z,12.32,91.52,119.7,938.3,73.66,13.6,1,Extremely Severe Cyclonic Storm
CYC-2030-NIO-106,Michaung,Bay of Bengal,2030-11-07T06:00:00Z,12.76,91.7,100.7,953.1,58.92,12.69,1,Extremely Severe Cyclonic Storm
CYC-2030-NIO-106,Michaung,Bay of Bengal,2030-11-07T12:00:00Z,13.17,91.83,84.3,961.3,50.7,23.26,1,Very Severe Cyclonic Storm
CYC-2030-NIO-106,Michaung,Bay of Bengal,2030-11-07T18:00:00Z,13.8,91.96,66.7,970.6,41.42,21.76,1,Very Severe Cyclonic Storm
CYC-2030-NIO-106,Michaung,Bay of Bengal,2030-11-08T00:00:00Z,14.37,92.13,50.2,976.8,35.21,17.92,1,Severe Cyclonic Storm
CYC-2030-NIO-106,Michaung,Bay of Bengal,2030-11-08T06:00:00Z,14.97,92.31,34.9,989.0,22.97,12.05,0,Cyclonic Storm
CYC-2030-NIO-106,Michaung,Bay of Bengal,2030-11-08T12:00:00Z,15.5,92.69,20.0,1005.8,6.22,10.72,0,Depression
CYC-2030-NIO-107,Remal,Bay of Bengal,2030-11-27T18:00:00Z,7.64,90.12,39.3,989.4,22.58,19.49,0,Cyclonic Storm
CYC-2030-NIO-107,Remal,Bay of Bengal,2030-11-28T00:00:00Z,8.27,90.18,48.1,988.8,23.23,14.77,1,Severe Cyclonic Storm
CYC-2030-NIO-107,Remal,Bay of Bengal,2030-11-28T06:00:00Z,8.7,90.49,55.4,977.3,34.73,22.89,1,Severe Cyclonic Storm
CYC-2030-NIO-107,Remal,Bay of Bengal,2030-11-28T12:00:00Z,9.19,90.71,62.3,976.9,35.1,11.9,1,Severe Cyclonic Storm
CYC-2030-NIO-107,Remal,Bay of Bengal,2030-11-28T18:00:00Z,9.79,90.79,68.6,983.0,28.99,19.48,1,Very Severe Cyclonic Storm
CYC-2030-NIO-107,Remal,Bay of Bengal,2030-11-29T00:00:00Z,10.43,90.94,77.1,963.4,48.59,18.62,1,Very Severe Cyclonic Storm
CYC-2030-NIO-107,Remal,Bay of Bengal,2030-11-29T06:00:00Z,10.96,91.31,83.4,962.9,49.11,21.62,1,Very Severe Cyclonic Storm
CYC-2030-NIO-107,Remal,Bay of Bengal,2030-11-29T12:00:00Z,11.64,91.56,91.0,958.7,53.28,15.7,1,Extremely Severe Cyclonic Storm
CYC-2030-NIO-107,Remal,Bay of Bengal,2030-11-29T18:00:00Z,12.12,91.86,100.3,951.8,60.21,23.29,1,Extremely Severe Cyclonic Storm
CYC-2030-NIO-107,Remal,Bay of Bengal,2030-11-30T00:00:00Z,12.66,92.09,106.2,944.2,67.77,15.06,1,Extremely Severe Cyclonic Storm
CYC-2030-NIO-107,Remal,Bay of Bengal,2030-11-30T06:00:00Z,13.13,92.19,91.9,959.3,52.67,19.77,1,Extremely Severe Cyclonic Storm
CYC-2030-NIO-107,Remal,Bay of Bengal,2030-11-30T12:00:00Z,13.88,92.48,78.6,966.3,45.68,22.67,1,Very Severe Cyclonic Storm
CYC-2030-NIO-107,Remal,Bay of Bengal,2030-11-30T18:00:00Z,14.68,92.69,67.3,976.7,35.34,16.27,1,Very Severe Cyclonic Storm
CYC-2030-NIO-107,Remal,Bay of Bengal,2030-12-01T00:00:00Z,15.23,92.91,56.6,978.6,33.4,16.39,1,Severe Cyclonic Storm
CYC-2030-NIO-107,Remal,Bay of Bengal,2030-12-01T06:00:00Z,15.74,93.16,44.5,990.2,21.82,11.09,0,Cyclonic Storm
CYC-2030-NIO-107,Remal,Bay of Bengal,2030-12-01T12:00:00Z,16.45,93.35,36.2,998.0,14.04,22.39,0,Cyclonic Storm
CYC-2030-NIO-107,Remal,Bay of Bengal,2030-12-01T18:00:00Z,17.08,93.83,24.9,991.8,20.21,20.86,0,Depression
CYC-2030-NIO-108,Asna,Arabian Sea,2030-12-19T00:00:00Z,12.56,68.51,35.7,987.0,24.97,23.42,0,Cyclonic Storm
CYC-2030-NIO-108,Asna,Arabian Sea,2030-12-19T06:00:00Z,12.98,68.56,40.4,990.0,21.99,13.81,0,Cyclonic Storm
CYC-2030-NIO-108,Asna,Arabian Sea,2030-12-19T12:00:00Z,13.6,68.58,47.2,978.7,33.25,21.72,0,Cyclonic Storm
CYC-2030-NIO-108,Asna,Arabian Sea,2030-12-19T18:00:00Z,14.31,68.74,53.6,976.7,35.27,9.52,1,Severe Cyclonic Storm
CYC-2030-NIO-108,Asna,Arabian Sea,2030-12-20T00:00:00Z,14.75,68.95,59.2,975.6,36.38,12.96,1,Severe Cyclonic Storm
CYC-2030-NIO-108,Asna,Arabian Sea,2030-12-20T06:00:00Z,15.52,69.11,66.1,970.1,41.88,15.82,1,Very Severe Cyclonic Storm
CYC-2030-NIO-108,Asna,Arabian Sea,2030-12-20T12:00:00Z,16.17,69.27,70.6,967.7,44.33,16.83,1,Very Severe Cyclonic Storm
CYC-2030-NIO-108,Asna,Arabian Sea,2030-12-20T18:00:00Z,16.73,69.47,78.1,967.8,44.22,16.29,1,Very Severe Cyclonic Storm
CYC-2030-NIO-108,Asna,Arabian Sea,2030-12-21T00:00:00Z,17.2,69.76,86.2,973.2,38.75,19.35,1,Very Severe Cyclonic Storm
CYC-2030-NIO-108,Asna,Arabian Sea,2030-12-21T06:00:00Z,17.69,69.89,94.0,959.7,52.25,23.2,1,Extremely Severe Cyclonic Storm
CYC-2030-NIO-108,Asna,Arabian Sea,2030-12-21T12:00:00Z,18.18,70.03,101.1,949.6,62.36,9.08,1,Extremely Severe Cyclonic Storm
CYC-2030-NIO-108,Asna,Arabian Sea,2030-12-21T18:00:00Z,18.72,70.21,108.0,948.4,63.61,21.94,1,Extremely Severe Cyclonic Storm
CYC-2030-NIO-108,Asna,Arabian Sea,2030-12-22T00:00:00Z,19.31,70.25,116.7,938.5,73.49,8.4,1,Extremely Severe Cyclonic Storm
CYC-2030-NIO-108,Asna,Arabian Sea,2030-12-22T06:00:00Z,19.81,70.38,122.2,940.3,71.71,22.16,1,Super Cyclonic Storm
CYC-2030-NIO-108,Asna,Arabian Sea,2030-12-22T12:00:00Z,20.42,70.53,113.6,936.7,75.35,19.11,1,Extremely Severe Cyclonic Storm
CYC-2030-NIO-108,Asna,Arabian Sea,2030-12-22T18:00:00Z,20.96,70.78,106.4,953.4,58.6,9.62,1,Extremely Severe Cyclonic Storm
CYC-2030-NIO-108,Asna,Arabian Sea,2030-12-23T00:00:00Z,21.59,70.9,97.0,954.8,57.25,22.18,1,Extremely Severe Cyclonic Storm
CYC-2030-NIO-108,Asna,Arabian Sea,2030-12-23T06:00:00Z,22.29,71.06,87.3,957.3,54.72,9.12,1,Very Severe Cyclonic Storm
CYC-2030-NIO-108,Asna,Arabian Sea,2030-12-23T12:00:00Z,22.88,71.07,77.1,971.1,40.88,22.98,1,Very Severe Cyclonic Storm
CYC-2030-NIO-108,Asna,Arabian Sea,2030-12-23T18:00:00Z,23.41,71.25,63.6,969.7,42.33,23.01,1,Severe Cyclonic Storm
CYC-2030-NIO-108,Asna,Arabian Sea,2030-12-24T00:00:00Z,24.09,71.43,56.4,974.2,37.78,18.47,1,Severe Cyclonic Storm
CYC-2030-NIO-108,Asna,Arabian Sea,2030-12-24T06:00:00Z,24.73,71.53,45.9,988.5,23.46,13.56,0,Cyclonic Storm
CYC-2030-NIO-108,Asna,Arabian Sea,2030-12-24T12:00:00Z,25.39,71.82,32.4,998.3,13.75,21.55,0,Deep Depression
CYC-2030-NIO-108,Asna,Arabian Sea,2030-12-24T18:00:00Z,25.91,71.88,26.9,998.4,13.57,23.65,0,Depression
CYC-2031-NIO-109,Dana,Bay of Bengal,2031-01-24T00:00:00Z,10.07,84.25,27.6,993.2,18.83,23.32,0,Depression
CYC-2031-NIO-109,Dana,Bay of Bengal,2031-01-24T06:00:00Z,10.68,84.26,31.4,990.2,21.78,19.63,0,Deep Depression
CYC-2031-NIO-109,Dana,Bay of Bengal,2031-01-24T12:00:00Z,11.31,84.16,33.3,989.1,22.94,9.01,0,Deep Depression
CYC-2031-NIO-109,Dana,Bay of Bengal,2031-01-24T18:00:00Z,11.92,84.18,34.3,989.4,22.58,8.64,0,Cyclonic Storm
CYC-2031-NIO-109,Dana,Bay of Bengal,2031-01-25T00:00:00Z,12.48,84.0,35.5,987.2,24.8,22.01,0,Cyclonic Storm
CYC-2031-NIO-109,Dana,Bay of Bengal,2031-01-25T06:00:00Z,13.19,83.93,38.2,987.7,24.34,15.67,0,Cyclonic Storm
CYC-2031-NIO-109,Dana,Bay of Bengal,2031-01-25T12:00:00Z,13.75,83.84,40.6,985.1,26.89,23.33,0,Cyclonic Storm
CYC-2031-NIO-109,Dana,Bay of Bengal,2031-01-25T18:00:00Z,14.34,83.71,41.0,987.0,25.03,11.23,0,Cyclonic Storm
CYC-2031-NIO-109,Dana,Bay of Bengal,2031-01-26T00:00:00Z,15.02,83.67,45.5,989.6,22.42,21.24,0,Cyclonic Storm
CYC-2031-NIO-109,Dana,Bay of Bengal,2031-01-26T06:00:00Z,15.62,83.74,50.0,978.6,33.37,15.58,1,Severe Cyclonic Storm
CYC-2031-NIO-109,Dana,Bay of Bengal,2031-01-26T12:00:00Z,16.26,83.61,53.6,980.5,31.48,10.65,1,Severe Cyclonic Storm
CYC-2031-NIO-109,Dana,Bay of Bengal,2031-01-26T18:00:00Z,16.73,83.59,58.7,979.2,32.8,13.68,1,Severe Cyclonic Storm
CYC-2031-NIO-109,Dana,Bay of Bengal,2031-01-27T00:00:00Z,17.22,83.43,54.8,976.0,35.96,16.77,1,Severe Cyclonic Storm
CYC-2031-NIO-109,Dana,Bay of Bengal,2031-01-27T06:00:00Z,17.77,83.29,49.8,974.3,37.65,18.58,1,Severe Cyclonic Storm
CYC-2031-NIO-109,Dana,Bay of Bengal,2031-01-27T12:00:00Z,18.28,83.24,44.3,989.4,22.59,22.23,0,Cyclonic Storm
CYC-2031-NIO-109,Dana,Bay of Bengal,2031-01-27T18:00:00Z,18.93,83.15,40.7,991.9,20.09,14.1,0,Cyclonic Storm
CYC-2031-NIO-109,Dana,Bay of Bengal,2031-01-28T00:00:00Z,19.52,83.1,38.9,989.7,22.29,12.66,0,Cyclonic Storm
CYC-2031-NIO-109,Dana,Bay of Bengal,2031-01-28T06:00:00Z,20.11,82.98,37.1,993.7,18.28,12.76,0,Cyclonic Storm
CYC-2031-NIO-109,Dana,Bay of Bengal,2031-01-28T12:00:00Z,20.65,82.89,34.7,995.4,16.64,21.66,0,Cyclonic Storm
CYC-2031-NIO-109,Dana,Bay of Bengal,2031-01-28T18:00:00Z,21.26,82.9,30.1,985.8,26.22,15.12,0,Deep Depression
CYC-2031-NIO-109,Dana,Bay of Bengal,2031-01-29T00:00:00Z,21.91,82.79,22.9,998.0,13.98,9.68,0,Depression
CYC-2031-NIO-110,Amphan,Bay of Bengal,2031-03-02T06:00:00Z,10.73,84.68,33.8,993.5,18.53,22.88,0,Deep Depression
CYC-2031-NIO-110,Amphan,Bay of Bengal,2031-03-02T12:00:00Z,11.17,85.1,41.9,979.6,32.4,8.36,0,Cyclonic Storm
CYC-2031-NIO-110,Amphan,Bay of Bengal,2031-03-02T18:00:00Z,11.64,85.3,46.5,982.3,29.73,14.99,0,Cyclonic Storm
CYC-2031-NIO-110,Amphan,Bay of Bengal,2031-03-03T00:00:00Z,12.12,85.47,51.7,982.5,29.54,19.63,1,Severe Cyclonic Storm
CYC-2031-NIO-110,Amphan,Bay of Bengal,2031-03-03T06:00:00Z,12.67,85.62,52.3,982.1,29.86,15.0,1,Severe Cyclonic Storm
CYC-2031-NIO-110,Amphan,Bay of Bengal,2031-03-03T12:00:00Z,13.26,85.86,59.1,981.5,30.52,8.28,1,Severe Cyclonic Storm
CYC-2031-NIO-110,Amphan,Bay of Bengal,2031-03-03T18:00:00Z,13.84,86.06,60.1,973.5,38.49,16.51,1,Severe Cyclonic Storm
CYC-2031-NIO-110,Amphan,Bay of Bengal,2031-03-04T00:00:00Z,14.3,86.36,64.5,982.2,29.8,18.1,1,Very Severe Cyclonic Storm
CYC-2031-NIO-110,Amphan,Bay of Bengal,2031-03-04T06:00:00Z,14.74,86.48,70.2,964.2,47.79,15.29,1,Very Severe Cyclonic Storm
CYC-2031-NIO-110,Amphan,Bay of Bengal,2031-03-04T12:00:00Z,15.19,86.61,74.6,966.3,45.67,13.77,1,Very Severe Cyclonic Storm
CYC-2031-NIO-110,Amphan,Bay of Bengal,2031-03-04T18:00:00Z,15.8,86.83,77.7,963.5,48.55,12.45,1,Very Severe Cyclonic Storm
CYC-2031-NIO-110,Amphan,Bay of Bengal,2031-03-05T00:00:00Z,16.21,87.08,83.5,965.7,46.27,13.15,1,Very Severe Cyclonic Storm
CYC-2031-NIO-110,Amphan,Bay of Bengal,2031-03-05T06:00:00Z,16.74,87.11,87.2,963.8,48.17,8.98,1,Very Severe Cyclonic Storm
CYC-2031-NIO-110,Amphan,Bay of Bengal,2031-03-05T12:00:00Z,17.11,87.25,92.0,958.2,53.76,8.81,1,Extremely Severe Cyclonic Storm
CYC-2031-NIO-110,Amphan,Bay of Bengal,2031-03-05T18:00:00Z,17.57,87.43,96.1,950.5,61.54,22.91,1,Extremely Severe Cyclonic Storm
CYC-2031-NIO-110,Amphan,Bay of Bengal,2031-03-06T00:00:00Z,18.0,87.56,96.9,956.4,55.57,14.06,1,Extremely Severe Cyclonic Storm
CYC-2031-NIO-110,Amphan,Bay of Bengal,2031-03-06T06:00:00Z,18.41,87.85,100.7,950.7,61.29,19.66,1,Extremely Severe Cyclonic Storm
CYC-2031-NIO-110,Amphan,Bay of Bengal,2031-03-06T12:00:00Z,18.84,88.03,94.0,957.1,54.95,10.44,1,Extremely Severe Cyclonic Storm
CYC-2031-NIO-110,Amphan,Bay of Bengal,2031-03-06T18:00:00Z,19.33,88.12,84.5,958.7,53.28,16.73,1,Very Severe Cyclonic Storm
CYC-2031-NIO-110,Amphan,Bay of Bengal,2031-03-07T00:00:00Z,19.84,88.3,81.8,956.4,55.61,18.65,1,Very Severe Cyclonic Storm
CYC-2031-NIO-110,Amphan,Bay of Bengal,2031-03-07T06:00:00Z,20.35,88.58,77.7,971.2,40.77,15.67,1,Very Severe Cyclonic Storm
CYC-2031-NIO-110,Amphan,Bay of Bengal,2031-03-07T12:00:00Z,20.87,88.68,71.7,970.6,41.38,11.15,1,Very Severe Cyclonic Storm
CYC-2031-NIO-110,Amphan,Bay of Bengal,2031-03-07T18:00:00Z,21.27,88.77,67.2,971.5,40.49,8.84,1,Very Severe Cyclonic Storm
CYC-2031-NIO-110,Amphan,Bay of Bengal,2031-03-08T00:00:00Z,21.66,88.87,61.3,971.4,40.59,12.54,1,Severe Cyclonic Storm
CYC-2031-NIO-110,Amphan,Bay of Bengal,2031-03-08T06:00:00Z,22.12,89.08,54.5,974.4,37.59,18.09,1,Severe Cyclonic Storm
CYC-2031-NIO-110,Amphan,Bay of Bengal,2031-03-08T12:00:00Z,22.58,89.3,45.7,985.7,26.28,15.2,0,Cyclonic Storm
CYC-2031-NIO-110,Amphan,Bay of Bengal,2031-03-08T18:00:00Z,23.03,89.42,41.3,990.3,21.65,8.03,0,Cyclonic Storm
CYC-2031-NIO-110,Amphan,Bay of Bengal,2031-03-09T00:00:00Z,23.49,89.68,36.9,986.4,25.61,11.85,0,Cyclonic Storm
CYC-2031-NIO-110,Amphan,Bay of Bengal,2031-03-09T06:00:00Z,24.0,89.84,29.8,989.1,22.87,9.24,0,Deep Depression
CYC-2031-NIO-111,Fani,Arabian Sea,2031-04-06T12:00:00Z,10.39,70.49,27.7,990.0,22.02,20.42,0,Depression
CYC-2031-NIO-111,Fani,Arabian Sea,2031-04-06T18:00:00Z,10.79,70.57,30.7,987.4,24.58,17.7,0,Deep Depression
CYC-2031-NIO-111,Fani,Arabian Sea,2031-04-07T00:00:00Z,11.37,70.52,29.9,990.8,21.21,17.05,0,Deep Depression
CYC-2031-NIO-111,Fani,Arabian Sea,2031-04-07T06:00:00Z,12.0,70.63,35.7,988.1,23.89,14.19,0,Cyclonic Storm
CYC-2031-NIO-111,Fani,Arabian Sea,2031-04-07T12:00:00Z,12.59,70.54,37.1,982.6,29.39,15.88,0,Cyclonic Storm
CYC-2031-NIO-111,Fani,Arabian Sea,2031-04-07T18:00:00Z,13.15,70.69,37.4,986.7,25.29,14.54,0,Cyclonic Storm
CYC-2031-NIO-111,Fani,Arabian Sea,2031-04-08T00:00:00Z,13.84,70.75,39.7,986.6,25.44,14.07,0,Cyclonic Storm
CYC-2031-NIO-111,Fani,Arabian Sea,2031-04-08T06:00:00Z,14.3,70.67,41.4,991.4,20.61,16.03,0,Cyclonic Storm
CYC-2031-NIO-111,Fani,Arabian Sea,2031-04-08T12:00:00Z,14.75,70.77,45.1,992.0,20.03,15.15,0,Cyclonic Storm
CYC-2031-NIO-111,Fani,Arabian Sea,2031-04-08T18:00:00Z,15.25,70.88,48.3,987.0,25.02,17.75,1,Severe Cyclonic Storm
CYC-2031-NIO-111,Fani,Arabian Sea,2031-04-09T00:00:00Z,15.82,70.95,54.1,981.8,30.17,14.93,1,Severe Cyclonic Storm
CYC-2031-NIO-111,Fani,Arabian Sea,2031-04-09T06:00:00Z,16.32,71.0,48.4,976.4,35.58,17.53,1,Severe Cyclonic Storm
CYC-2031-NIO-111,Fani,Arabian Sea,2031-04-09T12:00:00Z,16.88,71.18,39.9,988.4,23.62,15.98,0,Cyclonic Storm
CYC-2031-NIO-111,Fani,Arabian Sea,2031-04-09T18:00:00Z,17.51,71.25,39.9,982.4,29.62,8.06,0,Cyclonic Storm
CYC-2031-NIO-111,Fani,Arabian Sea,2031-04-10T00:00:00Z,18.03,71.31,32.2,992.7,19.26,16.8,0,Deep Depression
CYC-2031-NIO-111,Fani,Arabian Sea,2031-04-10T06:00:00Z,18.66,71.3,25.8,992.9,19.13,17.76,0,Depression
CYC-2031-NIO-111,Fani,Arabian Sea,2031-04-10T12:00:00Z,19.29,71.44,23.3,1001.2,10.78,15.11,0,Depression
CYC-2031-NIO-111,Fani,Arabian Sea,2031-04-10T18:00:00Z,19.79,71.65,20.0,1005.7,6.31,9.83,0,Depression
CYC-2031-NIO-111,Fani,Arabian Sea,2031-04-11T00:00:00Z,20.4,71.77,20.0,1001.7,10.26,12.29,0,Depression
CYC-2031-NIO-112,Hudhud,Bay of Bengal,2031-06-03T06:00:00Z,7.69,89.95,25.7,999.1,12.9,11.26,0,Depression
CYC-2031-NIO-112,Hudhud,Bay of Bengal,2031-06-03T12:00:00Z,8.05,90.08,26.8,1000.4,11.61,15.68,0,Depression
CYC-2031-NIO-112,Hudhud,Bay of Bengal,2031-06-03T18:00:00Z,8.57,90.21,28.8,988.6,23.41,13.6,0,Deep Depression
CYC-2031-NIO-112,Hudhud,Bay of Bengal,2031-06-04T00:00:00Z,9.06,90.37,33.9,991.1,20.88,11.76,0,Deep Depression
CYC-2031-NIO-112,Hudhud,Bay of Bengal,2031-06-04T06:00:00Z,9.55,90.46,36.6,991.6,20.43,14.53,0,Cyclonic Storm
CYC-2031-NIO-112,Hudhud,Bay of Bengal,2031-06-04T12:00:00Z,9.99,90.53,36.6,991.8,20.24,23.69,0,Cyclonic Storm
CYC-2031-NIO-112,Hudhud,Bay of Bengal,2031-06-04T18:00:00Z,10.52,90.66,40.0,992.5,19.54,12.67,0,Cyclonic Storm
CYC-2031-NIO-112,Hudhud,Bay of Bengal,2031-06-05T00:00:00Z,10.89,90.71,38.8,988.0,24.02,13.59,0,Cyclonic Storm
CYC-2031-NIO-112,Hudhud,Bay of Bengal,2031-06-05T06:00:00Z,11.3,90.73,36.2,993.1,18.89,16.56,0,Cyclonic Storm
CYC-2031-NIO-112,Hudhud,Bay of Bengal,2031-06-05T12:00:00Z,11.8,90.8,37.1,986.2,25.78,23.61,0,Cyclonic Storm
CYC-2031-NIO-112,Hudhud,Bay of Bengal,2031-06-05T18:00:00Z,12.23,90.86,38.3,989.4,22.63,9.31,0,Cyclonic Storm
CYC-2031-NIO-112,Hudhud,Bay of Bengal,2031-06-06T00:00:00Z,12.47,90.87,38.0,997.4,14.59,22.95,0,Cyclonic Storm
CYC-2031-NIO-112,Hudhud,Bay of Bengal,2031-06-06T06:00:00Z,13.07,90.96,39.4,987.4,24.61,10.23,0,Cyclonic Storm
CYC-2031-NIO-112,Hudhud,Bay of Bengal,2031-06-06T12:00:00Z,13.35,91.03,42.0,986.6,25.41,10.51,0,Cyclonic Storm
CYC-2031-NIO-112,Hudhud,Bay of Bengal,2031-06-06T18:00:00Z,13.72,91.1,44.7,977.3,34.73,23.15,0,Cyclonic Storm
CYC-2031-NIO-112,Hudhud,Bay of Bengal,2031-06-07T00:00:00Z,14.12,91.14,44.7,983.9,28.12,11.68,0,Cyclonic Storm
CYC-2031-NIO-112,Hudhud,Bay of Bengal,2031-06-07T06:00:00Z,14.51,91.22,51.4,978.2,33.79,14.75,1,Severe Cyclonic Storm
CYC-2031-NIO-112,Hudhud,Bay of Bengal,2031-06-07T12:00:00Z,15.06,91.23,52.8,972.2,39.79,14.22,1,Severe Cyclonic Storm
CYC-2031-NIO-112,Hudhud,Bay of Bengal,2031-06-07T18:00:00Z,15.57,91.26,52.0,982.6,29.41,17.46,1,Severe Cyclonic Storm
CYC-2031-NIO-112,Hudhud,Bay of Bengal,2031-06-08T00:00:00Z,16.04,91.37,50.1,974.6,37.44,16.42,1,Severe Cyclonic Storm
CYC-2031-NIO-112,Hudhud,Bay of Bengal,2031-06-08T06:00:00Z,16.5,91.29,41.1,985.5,26.5,15.67,0,Cyclonic Storm
CYC-2031-NIO-112,Hudhud,Bay of Bengal,2031-06-08T12:00:00Z,16.97,91.33,37.7,986.6,25.43,18.91,0,Cyclonic Storm
CYC-2031-NIO-112,Hudhud,Bay of Bengal,2031-06-08T18:00:00Z,17.57,91.4,34.0,990.5,21.47,10.24,0,Cyclonic Storm
CYC-2031-NIO-112,Hudhud,Bay of Bengal,2031-06-09T00:00:00Z,17.96,91.44,26.1,998.4,13.57,23.06,0,Depression
CYC-2031-NIO-112,Hudhud,Bay of Bengal,2031-06-09T06:00:00Z,18.43,91.64,23.3,1001.1,10.94,16.98,0,Depression
CYC-2031-NIO-112,Hudhud,Bay of Bengal,2031-06-09T12:00:00Z,18.75,91.83,21.3,1000.9,11.14,16.88,0,Depression
CYC-2031-NIO-112,Hudhud,Bay of Bengal,2031-06-09T18:00:00Z,19.24,91.91,20.0,1004.1,7.89,18.29,0,Depression
CYC-2031-NIO-112,Hudhud,Bay of Bengal,2031-06-10T00:00:00Z,19.63,91.78,20.0,991.1,20.95,20.47,0,Depression
CYC-2031-NIO-112,Hudhud,Bay of Bengal,2031-06-10T06:00:00Z,20.08,91.84,20.0,998.5,13.48,20.68,0,Depression
CYC-2031-NIO-112,Hudhud,Bay of Bengal,2031-06-10T12:00:00Z,20.62,91.9,22.7,1003.1,8.91,9.73,0,Depression
CYC-2031-NIO-112,Hudhud,Bay of Bengal,2031-06-10T18:00:00Z,21.19,91.9,20.1,1000.9,11.06,13.68,0,Depression
CYC-2031-NIO-113,Vardah,Bay of Bengal,2031-07-12T00:00:00Z,10.38,88.94,35.5,991.9,20.14,22.36,0,Cyclonic Storm
CYC-2031-NIO-113,Vardah,Bay of Bengal,2031-07-12T06:00:00Z,10.86,88.84,37.7,988.9,23.1,19.65,0,Cyclonic Storm
CYC-2031-NIO-113,Vardah,Bay of Bengal,2031-07-12T12:00:00Z,11.33,88.82,43.0,984.4,27.64,21.65,0,Cyclonic Storm
CYC-2031-NIO-113,Vardah,Bay of Bengal,2031-07-12T18:00:00Z,11.86,88.88,46.9,984.2,27.85,22.91,0,Cyclonic Storm
CYC-2031-NIO-113,Vardah,Bay of Bengal,2031-07-13T00:00:00Z,12.37,88.79,56.2,978.0,33.95,21.45,1,Severe Cyclonic Storm
CYC-2031-NIO-113,Vardah,Bay of Bengal,2031-07-13T06:00:00Z,12.83,88.71,61.2,977.2,34.79,21.58,1,Severe Cyclonic Storm
CYC-2031-NIO-113,Vardah,Bay of Bengal,2031-07-13T12:00:00Z,13.34,88.59,66.1,970.4,41.56,11.92,1,Very Severe Cyclonic Storm
CYC-2031-NIO-113,Vardah,Bay of Bengal,2031-07-13T18:00:00Z,13.78,88.66,70.2,970.8,41.17,18.12,1,Very Severe Cyclonic Storm
CYC-2031-NIO-113,Vardah,Bay of Bengal,2031-07-14T00:00:00Z,14.36,88.55,73.5,967.9,44.13,17.74,1,Very Severe Cyclonic Storm
CYC-2031-NIO-113,Vardah,Bay of Bengal,2031-07-14T06:00:00Z,14.78,88.54,78.6,959.5,52.52,21.09,1,Very Severe Cyclonic Storm
CYC-2031-NIO-113,Vardah,Bay of Bengal,2031-07-14T12:00:00Z,15.25,88.48,84.5,957.1,54.92,23.23,1,Very Severe Cyclonic Storm
CYC-2031-NIO-113,Vardah,Bay of Bengal,2031-07-14T18:00:00Z,15.68,88.57,88.3,954.0,58.03,17.71,1,Very Severe Cyclonic Storm
CYC-2031-NIO-113,Vardah,Bay of Bengal,2031-07-15T00:00:00Z,16.16,88.35,92.1,952.5,59.55,9.45,1,Extremely Severe Cyclonic Storm
CYC-2031-NIO-113,Vardah,Bay of Bengal,2031-07-15T06:00:00Z,16.65,88.18,95.2,952.2,59.84,13.78,1,Extremely Severe Cyclonic Storm
CYC-2031-NIO-113,Vardah,Bay of Bengal,2031-07-15T12:00:00Z,17.19,88.05,98.5,950.6,61.37,17.16,1,Extremely Severe Cyclonic Storm
CYC-2031-NIO-113,Vardah,Bay of Bengal,2031-07-15T18:00:00Z,17.62,87.99,103.1,949.2,62.8,16.61,1,Extremely Severe Cyclonic Storm
CYC-2031-NIO-113,Vardah,Bay of Bengal,2031-07-16T00:00:00Z,18.15,88.02,109.9,946.8,65.17,18.37,1,Extremely Severe Cyclonic Storm
CYC-2031-NIO-113,Vardah,Bay of Bengal,2031-07-16T06:00:00Z,18.59,88.04,116.0,943.4,68.6,11.44,1,Extremely Severe Cyclonic Storm
CYC-2031-NIO-113,Vardah,Bay of Bengal,2031-07-16T12:00:00Z,19.1,87.98,116.7,941.3,70.74,13.62,1,Extremely Severe Cyclonic Storm
CYC-2031-NIO-113,Vardah,Bay of Bengal,2031-07-16T18:00:00Z,19.58,87.94,118.1,941.3,70.7,9.97,1,Extremely Severe Cyclonic Storm
CYC-2031-NIO-113,Vardah,Bay of Bengal,2031-07-17T00:00:00Z,20.06,87.91,111.8,946.5,65.51,15.43,1,Extremely Severe Cyclonic Storm
CYC-2031-NIO-113,Vardah,Bay of Bengal,2031-07-17T06:00:00Z,20.53,87.75,106.7,943.6,68.45,23.08,1,Extremely Severe Cyclonic Storm
CYC-2031-NIO-113,Vardah,Bay of Bengal,2031-07-17T12:00:00Z,20.92,87.66,96.2,960.1,51.91,11.1,1,Extremely Severe Cyclonic Storm
CYC-2031-NIO-113,Vardah,Bay of Bengal,2031-07-17T18:00:00Z,21.44,87.57,96.6,949.4,62.57,12.72,1,Extremely Severe Cyclonic Storm
CYC-2031-NIO-113,Vardah,Bay of Bengal,2031-07-18T00:00:00Z,21.93,87.54,91.7,956.0,56.01,10.19,1,Extremely Severe Cyclonic Storm
CYC-2031-NIO-113,Vardah,Bay of Bengal,2031-07-18T06:00:00Z,22.38,87.59,86.6,956.6,55.42,16.23,1,Very Severe Cyclonic Storm
CYC-2031-NIO-113,Vardah,Bay of Bengal,2031-07-18T12:00:00Z,22.87,87.61,81.6,961.7,50.29,14.6,1,Very Severe Cyclonic Storm
CYC-2031-NIO-113,Vardah,Bay of Bengal,2031-07-18T18:00:00Z,23.35,87.55,79.8,959.9,52.12,16.15,1,Very Severe Cyclonic Storm
CYC-2031-NIO-113,Vardah,Bay of Bengal,2031-07-19T00:00:00Z,23.86,87.63,72.6,973.2,38.78,20.61,1,Very Severe Cyclonic Storm
CYC-2031-NIO-113,Vardah,Bay of Bengal,2031-07-19T06:00:00Z,24.25,87.62,69.0,974.3,37.67,16.68,1,Very Severe Cyclonic Storm
CYC-2031-NIO-113,Vardah,Bay of Bengal,2031-07-19T12:00:00Z,24.63,87.48,69.3,968.7,43.33,13.94,1,Very Severe Cyclonic Storm
CYC-2031-NIO-113,Vardah,Bay of Bengal,2031-07-19T18:00:00Z,25.16,87.49,62.5,975.7,36.26,17.06,1,Severe Cyclonic Storm
CYC-2031-NIO-113,Vardah,Bay of Bengal,2031-07-20T00:00:00Z,25.62,87.56,57.1,979.1,32.87,9.64,1,Severe Cyclonic Storm
CYC-2031-NIO-113,Vardah,Bay of Bengal,2031-07-20T06:00:00Z,26.25,87.42,50.3,975.8,36.25,20.93,1,Severe Cyclonic Storm
CYC-2031-NIO-114,Gaja,Arabian Sea,2031-08-19T12:00:00Z,11.18,69.34,35.8,987.1,24.87,11.88,0,Cyclonic Storm
CYC-2031-NIO-114,Gaja,Arabian Sea,2031-08-19T18:00:00Z,11.63,69.51,37.5,986.7,25.32,19.58,0,Cyclonic Storm
CYC-2031-NIO-114,Gaja,Arabian Sea,2031-08-20T00:00:00Z,12.2,69.63,45.9,981.6,30.44,23.54,0,Cyclonic Storm
CYC-2031-NIO-114,Gaja,Arabian Sea,2031-08-20T06:00:00Z,12.49,69.81,50.2,985.9,26.12,12.28,1,Severe Cyclonic Storm
CYC-2031-NIO-114,Gaja,Arabian Sea,2031-08-20T12:00:00Z,12.89,69.99,54.6,980.3,31.65,15.55,1,Severe Cyclonic Storm
CYC-2031-NIO-114,Gaja,Arabian Sea,2031-08-20T18:00:00Z,13.38,70.21,62.2,972.5,39.51,11.76,1,Severe Cyclonic Storm
CYC-2031-NIO-114,Gaja,Arabian Sea,2031-08-21T00:00:00Z,13.72,70.56,69.1,968.0,43.97,11.48,1,Very Severe Cyclonic Storm
CYC-2031-NIO-114,Gaja,Arabian Sea,2031-08-21T06:00:00Z,14.09,70.67,73.0,971.0,41.03,10.94,1,Very Severe Cyclonic Storm
CYC-2031-NIO-114,Gaja,Arabian Sea,2031-08-21T12:00:00Z,14.5,70.84,76.3,964.6,47.41,8.86,1,Very Severe Cyclonic Storm
CYC-2031-NIO-114,Gaja,Arabian Sea,2031-08-21T18:00:00Z,15.01,71.01,84.1,963.3,48.74,8.15,1,Very Severe Cyclonic Storm
CYC-2031-NIO-114,Gaja,Arabian Sea,2031-08-22T00:00:00Z,15.41,71.23,86.1,958.7,53.32,13.69,1,Very Severe Cyclonic Storm
CYC-2031-NIO-114,Gaja,Arabian Sea,2031-08-22T06:00:00Z,15.86,71.48,90.6,957.3,54.68,23.94,1,Extremely Severe Cyclonic Storm
CYC-2031-NIO-114,Gaja,Arabian Sea,2031-08-22T12:00:00Z,16.41,71.72,99.2,943.6,68.41,23.08,1,Extremely Severe Cyclonic Storm
CYC-2031-NIO-114,Gaja,Arabian Sea,2031-08-22T18:00:00Z,16.77,71.85,106.3,946.3,65.66,8.99,1,Extremely Severe Cyclonic Storm
CYC-2031-NIO-114,Gaja,Arabian Sea,2031-08-23T00:00:00Z,17.16,72.0,107.5,949.1,62.94,8.72,1,Extremely Severe Cyclonic Storm
CYC-2031-NIO-114,Gaja,Arabian Sea,2031-08-23T06:00:00Z,17.64,72.13,110.8,947.3,64.71,12.19,1,Extremely Severe Cyclonic Storm
CYC-2031-NIO-114,Gaja,Arabian Sea,2031-08-23T12:00:00Z,17.83,72.3,99.3,950.0,62.02,15.7,1,Extremely Severe Cyclonic Storm
CYC-2031-NIO-114,Gaja,Arabian Sea,2031-08-23T18:00:00Z,18.15,72.54,94.9,956.5,55.51,16.42,1,Extremely Severe Cyclonic Storm
CYC-2031-NIO-114,Gaja,Arabian Sea,2031-08-24T00:00:00Z,18.61,72.8,82.3,958.6,53.44,23.06,1,Very Severe Cyclonic Storm
CYC-2031-NIO-114,Gaja,Arabian Sea,2031-08-24T06:00:00Z,18.93,73.02,74.7,968.4,43.58,21.95,1,Very Severe Cyclonic Storm
CYC-2031-NIO-114,Gaja,Arabian Sea,2031-08-24T12:00:00Z,19.15,73.25,65.8,970.2,41.76,22.45,1,Very Severe Cyclonic Storm
CYC-2031-NIO-114,Gaja,Arabian Sea,2031-08-24T18:00:00Z,19.55,73.41,57.0,980.5,31.49,14.85,1,Severe Cyclonic Storm
CYC-2031-NIO-114,Gaja,Arabian Sea,2031-08-25T00:00:00Z,19.86,73.8,45.9,985.2,26.78,9.7,0,Cyclonic Storm
CYC-2031-NIO-114,Gaja,Arabian Sea,2031-08-25T06:00:00Z,20.22,73.9,38.1,992.4,19.62,22.11,0,Cyclonic Storm
CYC-2031-NIO-114,Gaja,Arabian Sea,2031-08-25T12:00:00Z,20.79,74.16,25.8,994.2,17.8,10.67,0,Depression
CYC-2031-NIO-114,Gaja,Arabian Sea,2031-08-25T18:00:00Z,21.18,74.31,20.0,1002.4,9.6,16.27,0,Depression
CYC-2031-NIO-114,Gaja,Arabian Sea,2031-08-26T00:00:00Z,21.5,74.52,20.0,1002.1,9.92,18.5,0,Depression
CYC-2031-NIO-115,Titli,Bay of Bengal,2031-09-30T06:00:00Z,10.4,86.97,35.9,992.0,19.96,18.4,0,Cyclonic Storm
CYC-2031-NIO-115,Titli,Bay of Bengal,2031-09-30T12:00:00Z,11.02,87.21,42.7,985.5,26.49,9.84,0,Cyclonic Storm
CYC-2031-NIO-115,Titli,Bay of Bengal,2031-09-30T18:00:00Z,11.44,87.34,48.3,980.4,31.58,15.5,1,Severe Cyclonic Storm
CYC-2031-NIO-115,Titli,Bay of Bengal,2031-10-01T00:00:00Z,11.91,87.5,54.9,975.8,36.18,13.87,1,Severe Cyclonic Storm
CYC-2031-NIO-115,Titli,Bay of Bengal,2031-10-01T06:00:00Z,12.3,87.68,62.9,977.5,34.48,10.9,1,Severe Cyclonic Storm
CYC-2031-NIO-115,Titli,Bay of Bengal,2031-10-01T12:00:00Z,12.72,87.9,66.1,972.2,39.77,10.72,1,Very Severe Cyclonic Storm
CYC-2031-NIO-115,Titli,Bay of Bengal,2031-10-01T18:00:00Z,13.18,88.02,68.4,975.9,36.06,19.28,1,Very Severe Cyclonic Storm
CYC-2031-NIO-115,Titli,Bay of Bengal,2031-10-02T00:00:00Z,13.74,88.29,75.0,962.1,49.87,17.52,1,Very Severe Cyclonic Storm
CYC-2031-NIO-115,Titli,Bay of Bengal,2031-10-02T06:00:00Z,14.21,88.48,82.2,963.1,48.92,13.35,1,Very Severe Cyclonic Storm
CYC-2031-NIO-115,Titli,Bay of Bengal,2031-10-02T12:00:00Z,14.69,88.69,87.3,955.5,56.5,15.91,1,Very Severe Cyclonic Storm
CYC-2031-NIO-115,Titli,Bay of Bengal,2031-10-02T18:00:00Z,15.18,89.07,80.1,964.1,47.92,12.06,1,Very Severe Cyclonic Storm
CYC-2031-NIO-115,Titli,Bay of Bengal,2031-10-03T00:00:00Z,15.71,89.23,73.3,966.9,45.14,11.96,1,Very Severe Cyclonic Storm
CYC-2031-NIO-115,Titli,Bay of Bengal,2031-10-03T06:00:00Z,16.24,89.43,64.4,978.1,33.87,18.81,1,Very Severe Cyclonic Storm
CYC-2031-NIO-115,Titli,Bay of Bengal,2031-10-03T12:00:00Z,16.84,89.71,57.6,971.3,40.74,17.48,1,Severe Cyclonic Storm
CYC-2031-NIO-115,Titli,Bay of Bengal,2031-10-03T18:00:00Z,17.33,89.85,49.5,986.9,25.09,16.84,1,Severe Cyclonic Storm
CYC-2031-NIO-115,Titli,Bay of Bengal,2031-10-04T00:00:00Z,17.86,89.99,40.2,987.4,24.62,23.9,0,Cyclonic Storm
CYC-2031-NIO-115,Titli,Bay of Bengal,2031-10-04T06:00:00Z,18.38,90.17,33.7,1002.4,9.62,9.7,0,Deep Depression
CYC-2031-NIO-116,Nivar,Bay of Bengal,2031-11-17T12:00:00Z,8.44,88.46,29.2,997.1,14.95,18.68,0,Deep Depression
CYC-2031-NIO-116,Nivar,Bay of Bengal,2031-11-17T18:00:00Z,9.01,88.45,30.1,999.6,12.35,8.9,0,Deep Depression
CYC-2031-NIO-116,Nivar,Bay of Bengal,2031-11-18T00:00:00Z,9.42,88.51,38.1,987.8,24.23,22.59,0,Cyclonic Storm
CYC-2031-NIO-116,Nivar,Bay of Bengal,2031-11-18T06:00:00Z,9.91,88.59,39.3,986.0,25.98,13.96,0,Cyclonic Storm
CYC-2031-NIO-116,Nivar,Bay of Bengal,2031-11-18T12:00:00Z,10.33,88.57,44.7,976.9,35.06,16.53,0,Cyclonic Storm
CYC-2031-NIO-116,Nivar,Bay of Bengal,2031-11-18T18:00:00Z,10.85,88.48,51.7,975.2,36.78,9.79,1,Severe Cyclonic Storm
CYC-2031-NIO-116,Nivar,Bay of Bengal,2031-11-19T00:00:00Z,11.29,88.31,55.7,973.6,38.4,9.36,1,Severe Cyclonic Storm
CYC-2031-NIO-116,Nivar,Bay of Bengal,2031-11-19T06:00:00Z,11.8,88.23,59.0,975.7,36.34,14.78,1,Severe Cyclonic Storm
CYC-2031-NIO-116,Nivar,Bay of Bengal,2031-11-19T12:00:00Z,12.32,88.23,63.5,974.7,37.31,23.56,1,Severe Cyclonic Storm
CYC-2031-NIO-116,Nivar,Bay of Bengal,2031-11-19T18:00:00Z,12.87,88.31,65.3,970.9,41.1,18.99,1,Very Severe Cyclonic Storm
CYC-2031-NIO-116,Nivar,Bay of Bengal,2031-11-20T00:00:00Z,13.38,88.29,69.3,977.6,34.41,14.91,1,Very Severe Cyclonic Storm
CYC-2031-NIO-116,Nivar,Bay of Bengal,2031-11-20T06:00:00Z,13.9,88.05,76.0,963.5,48.45,21.99,1,Very Severe Cyclonic Storm
CYC-2031-NIO-116,Nivar,Bay of Bengal,2031-11-20T12:00:00Z,14.38,88.05,70.9,972.4,39.6,12.95,1,Very Severe Cyclonic Storm
CYC-2031-NIO-116,Nivar,Bay of Bengal,2031-11-20T18:00:00Z,14.81,88.11,65.5,970.6,41.39,19.54,1,Very Severe Cyclonic Storm
CYC-2031-NIO-116,Nivar,Bay of Bengal,2031-11-21T00:00:00Z,15.4,87.96,56.6,981.5,30.55,22.35,1,Severe Cyclonic Storm
CYC-2031-NIO-116,Nivar,Bay of Bengal,2031-11-21T06:00:00Z,15.81,87.91,52.5,973.2,38.8,19.42,1,Severe Cyclonic Storm
CYC-2031-NIO-116,Nivar,Bay of Bengal,2031-11-21T12:00:00Z,16.37,87.97,44.7,987.6,24.41,20.53,0,Cyclonic Storm
CYC-2031-NIO-116,Nivar,Bay of Bengal,2031-11-21T18:00:00Z,16.82,88.09,38.8,989.9,22.06,11.24,0,Cyclonic Storm
CYC-2031-NIO-116,Nivar,Bay of Bengal,2031-11-22T00:00:00Z,17.41,87.97,33.5,993.6,18.43,14.04,0,Deep Depression
CYC-2031-NIO-116,Nivar,Bay of Bengal,2031-11-22T06:00:00Z,17.82,88.03,29.3,993.1,18.92,9.05,0,Deep Depression
CYC-2031-NIO-117,Tauktae,Arabian Sea,2032-01-06T12:00:00Z,10.21,69.36,33.8,990.9,21.13,23.53,0,Deep Depression
CYC-2031-NIO-117,Tauktae,Arabian Sea,2032-01-06T18:00:00Z,10.74,69.14,38.6,986.7,25.27,21.1,0,Cyclonic Storm
CYC-2031-NIO-117,Tauktae,Arabian Sea,2032-01-07T00:00:00Z,11.01,68.92,43.1,983.8,28.18,16.31,0,Cyclonic Storm
CYC-2031-NIO-117,Tauktae,Arabian Sea,2032-01-07T06:00:00Z,11.47,68.79,48.9,980.7,31.3,8.31,1,Severe Cyclonic Storm
CYC-2031-NIO-117,Tauktae,Arabian Sea,2032-01-07T12:00:00Z,11.76,68.58,52.2,985.8,26.21,9.5,1,Severe Cyclonic Storm
CYC-2031-NIO-117,Tauktae,Arabian Sea,2032-01-07T18:00:00Z,12.02,68.36,57.0,983.5,28.51,10.35,1,Severe Cyclonic Storm
CYC-2031-NIO-117,Tauktae,Arabian Sea,2032-01-08T00:00:00Z,12.29,68.13,63.6,973.4,38.6,8.23,1,Severe Cyclonic Storm
CYC-2031-NIO-117,Tauktae,Arabian Sea,2032-01-08T06:00:00Z,12.64,68.02,70.6,970.2,41.82,11.0,1,Very Severe Cyclonic Storm
CYC-2031-NIO-117,Tauktae,Arabian Sea,2032-01-08T12:00:00Z,13.05,67.9,76.6,965.3,46.69,11.22,1,Very Severe Cyclonic Storm
CYC-2031-NIO-117,Tauktae,Arabian Sea,2032-01-08T18:00:00Z,13.46,67.71,85.1,963.1,48.92,12.44,1,Very Severe Cyclonic Storm
CYC-2031-NIO-117,Tauktae,Arabian Sea,2032-01-09T00:00:00Z,13.9,67.56,86.8,956.8,55.21,19.51,1,Very Severe Cyclonic Storm
CYC-2031-NIO-117,Tauktae,Arabian Sea,2032-01-09T06:00:00Z,14.28,67.39,79.7,963.0,48.97,15.55,1,Very Severe Cyclonic Storm
CYC-2031-NIO-117,Tauktae,Arabian Sea,2032-01-09T12:00:00Z,14.67,67.08,69.7,970.5,41.46,10.76,1,Very Severe Cyclonic Storm
CYC-2031-NIO-117,Tauktae,Arabian Sea,2032-01-09T18:00:00Z,15.17,66.91,54.8,980.9,31.08,11.91,1,Severe Cyclonic Storm
CYC-2031-NIO-117,Tauktae,Arabian Sea,2032-01-10T00:00:00Z,15.54,66.64,45.0,981.8,30.24,21.13,0,Cyclonic Storm
CYC-2031-NIO-117,Tauktae,Arabian Sea,2032-01-10T06:00:00Z,15.79,66.49,34.7,989.0,23.0,10.12,0,Cyclonic Storm
CYC-2031-NIO-117,Tauktae,Arabian Sea,2032-01-10T12:00:00Z,16.17,66.14,22.4,1007.0,5.02,20.99,0,Depression
CYC-2031-NIO-117,Tauktae,Arabian Sea,2032-01-10T18:00:00Z,16.36,66.0,20.0,999.3,12.66,16.55,0,Depression
CYC-2031-NIO-117,Tauktae,Arabian Sea,2032-01-11T00:00:00Z,16.73,65.9,20.0,1004.2,7.81,15.17,0,Depression
CYC-2032-NIO-118,Yaas,Bay of Bengal,2032-02-10T06:00:00Z,11.08,84.45,27.8,992.4,19.59,11.2,0,Depression
CYC-2032-NIO-118,Yaas,Bay of Bengal,2032-02-10T12:00:00Z,11.73,84.72,30.8,993.1,18.94,13.02,0,Deep Depression
CYC-2032-NIO-118,Yaas,Bay of Bengal,2032-02-10T18:00:00Z,12.23,85.08,37.4,990.9,21.14,14.54,0,Cyclonic Storm
CYC-2032-NIO-118,Yaas,Bay of Bengal,2032-02-11T00:00:00Z,12.85,85.29,42.6,988.8,23.18,13.5,0,Cyclonic Storm
CYC-2032-NIO-118,Yaas,Bay of Bengal,2032-02-11T06:00:00Z,13.5,85.62,42.7,984.7,27.32,8.95,0,Cyclonic Storm
CYC-2032-NIO-118,Yaas,Bay of Bengal,2032-02-11T12:00:00Z,14.06,85.71,48.2,988.5,23.48,23.16,1,Severe Cyclonic Storm
CYC-2032-NIO-118,Yaas,Bay of Bengal,2032-02-11T18:00:00Z,14.64,85.9,55.7,977.7,34.28,15.93,1,Severe Cyclonic Storm
CYC-2032-NIO-118,Yaas,Bay of Bengal,2032-02-12T00:00:00Z,15.25,86.21,60.7,979.5,32.51,10.46,1,Severe Cyclonic Storm
CYC-2032-NIO-118,Yaas,Bay of Bengal,2032-02-12T06:00:00Z,15.86,86.4,62.1,976.1,35.88,15.58,1,Severe Cyclonic Storm
CYC-2032-NIO-118,Yaas,Bay of Bengal,2032-02-12T12:00:00Z,16.5,86.64,66.9,968.4,43.59,16.29,1,Very Severe Cyclonic Storm
CYC-2032-NIO-118,Yaas,Bay of Bengal,2032-02-12T18:00:00Z,17.1,86.86,70.8,966.6,45.35,17.05,1,Very Severe Cyclonic Storm
CYC-2032-NIO-118,Yaas,Bay of Bengal,2032-02-13T00:00:00Z,17.64,87.18,70.2,969.8,42.15,22.74,1,Very Severe Cyclonic Storm
CYC-2032-NIO-118,Yaas,Bay of Bengal,2032-02-13T06:00:00Z,18.39,87.46,71.8,964.5,47.46,19.0,1,Very Severe Cyclonic Storm
CYC-2032-NIO-118,Yaas,Bay of Bengal,2032-02-13T12:00:00Z,18.83,87.79,73.2,969.9,42.07,9.02,1,Very Severe Cyclonic Storm
CYC-2032-NIO-118,Yaas,Bay of Bengal,2032-02-13T18:00:00Z,19.45,88.13,73.8,971.9,40.14,13.95,1,Very Severe Cyclonic Storm
CYC-2032-NIO-118,Yaas,Bay of Bengal,2032-02-14T00:00:00Z,19.99,88.39,69.6,975.7,36.33,20.24,1,Very Severe Cyclonic Storm
CYC-2032-NIO-118,Yaas,Bay of Bengal,2032-02-14T06:00:00Z,20.55,88.59,62.8,978.3,33.73,17.86,1,Severe Cyclonic Storm
CYC-2032-NIO-118,Yaas,Bay of Bengal,2032-02-14T12:00:00Z,21.12,88.88,60.2,975.3,36.69,19.62,1,Severe Cyclonic Storm
CYC-2032-NIO-118,Yaas,Bay of Bengal,2032-02-14T18:00:00Z,21.81,89.08,55.0,974.0,37.98,16.13,1,Severe Cyclonic Storm
CYC-2032-NIO-118,Yaas,Bay of Bengal,2032-02-15T00:00:00Z,22.39,89.26,50.4,978.4,33.63,21.49,1,Severe Cyclonic Storm
CYC-2032-NIO-118,Yaas,Bay of Bengal,2032-02-15T06:00:00Z,23.06,89.45,44.2,981.5,30.51,22.65,0,Cyclonic Storm
CYC-2032-NIO-118,Yaas,Bay of Bengal,2032-02-15T12:00:00Z,23.71,89.67,44.4,985.6,26.39,22.34,0,Cyclonic Storm
CYC-2032-NIO-118,Yaas,Bay of Bengal,2032-02-15T18:00:00Z,24.42,89.95,40.2,988.5,23.51,23.2,0,Cyclonic Storm
CYC-2032-NIO-118,Yaas,Bay of Bengal,2032-02-16T00:00:00Z,25.03,90.21,32.3,988.3,23.67,21.76,0,Deep Depression
CYC-2032-NIO-118,Yaas,Bay of Bengal,2032-02-16T06:00:00Z,25.66,90.45,29.7,989.7,22.33,22.73,0,Deep Depression
CYC-2032-NIO-118,Yaas,Bay of Bengal,2032-02-16T12:00:00Z,26.29,90.65,24.5,1000.1,11.92,18.15,0,Depression
CYC-2032-NIO-119,Gulab,Bay of Bengal,2032-04-04T18:00:00Z,9.14,89.03,40.1,994.5,17.53,15.39,0,Cyclonic Storm
CYC-2032-NIO-119,Gulab,Bay of Bengal,2032-04-05T00:00:00Z,9.53,89.09,49.3,988.5,23.55,22.12,1,Severe Cyclonic Storm
CYC-2032-NIO-119,Gulab,Bay of Bengal,2032-04-05T06:00:00Z,9.98,89.12,59.5,985.0,26.95,22.23,1,Severe Cyclonic Storm
CYC-2032-NIO-119,Gulab,Bay of Bengal,2032-04-05T12:00:00Z,10.33,89.38,68.0,977.3,34.66,18.04,1,Very Severe Cyclonic Storm
CYC-2032-NIO-119,Gulab,Bay of Bengal,2032-04-05T18:00:00Z,10.8,89.63,76.0,966.7,45.26,14.57,1,Very Severe Cyclonic Storm
CYC-2032-NIO-119,Gulab,Bay of Bengal,2032-04-06T00:00:00Z,11.09,89.95,84.8,965.6,46.35,19.48,1,Very Severe Cyclonic Storm
CYC-2032-NIO-119,Gulab,Bay of Bengal,2032-04-06T06:00:00Z,11.42,90.04,93.4,955.1,56.87,13.31,1,Extremely Severe Cyclonic Storm
CYC-2032-NIO-119,Gulab,Bay of Bengal,2032-04-06T12:00:00Z,11.91,90.17,104.4,948.2,63.79,11.66,1,Extremely Severe Cyclonic Storm
CYC-2032-NIO-119,Gulab,Bay of Bengal,2032-04-06T18:00:00Z,12.35,90.19,113.5,944.4,67.63,11.54,1,Extremely Severe Cyclonic Storm
CYC-2032-NIO-119,Gulab,Bay of Bengal,2032-04-07T00:00:00Z,12.64,90.28,123.4,945.4,66.65,10.57,1,Super Cyclonic Storm
CYC-2032-NIO-119,Gulab,Bay of Bengal,2032-04-07T06:00:00Z,13.05,90.47,134.8,934.0,78.02,23.41,1,Super Cyclonic Storm
CYC-2032-NIO-119,Gulab,Bay of Bengal,2032-04-07T12:00:00Z,13.68,90.6,147.0,919.2,92.85,15.41,1,Super Cyclonic Storm
CYC-2032-NIO-119,Gulab,Bay of Bengal,2032-04-07T18:00:00Z,14.22,90.72,132.7,937.1,74.87,15.84,1,Super Cyclonic Storm
CYC-2032-NIO-119,Gulab,Bay of Bengal,2032-04-08T00:00:00Z,14.67,90.78,117.2,942.4,69.58,20.48,1,Extremely Severe Cyclonic Storm
CYC-2032-NIO-119,Gulab,Bay of Bengal,2032-04-08T06:00:00Z,15.05,90.93,105.3,947.4,64.58,22.1,1,Extremely Severe Cyclonic Storm
CYC-2032-NIO-119,Gulab,Bay of Bengal,2032-04-08T12:00:00Z,15.55,91.13,90.8,966.2,45.76,10.4,1,Extremely Severe Cyclonic Storm
CYC-2032-NIO-119,Gulab,Bay of Bengal,2032-04-08T18:00:00Z,15.93,91.24,78.3,967.0,45.01,19.23,1,Very Severe Cyclonic Storm
CYC-2032-NIO-119,Gulab,Bay of Bengal,2032-04-09T00:00:00Z,16.33,91.52,65.0,969.8,42.22,13.12,1,Very Severe Cyclonic Storm
CYC-2032-NIO-119,Gulab,Bay of Bengal,2032-04-09T06:00:00Z,16.72,91.68,49.4,985.0,27.04,10.98,1,Severe Cyclonic Storm
CYC-2032-NIO-119,Gulab,Bay of Bengal,2032-04-09T12:00:00Z,17.24,91.91,37.0,992.2,19.8,10.52,0,Cyclonic Storm
CYC-2032-NIO-120,Jawad,Arabian Sea,2032-05-20T18:00:00Z,12.43,71.4,34.9,984.0,27.99,19.26,0,Cyclonic Storm
CYC-2032-NIO-120,Jawad,Arabian Sea,2032-05-21T00:00:00Z,12.74,70.91,37.6,989.4,22.64,14.33,0,Cyclonic Storm
CYC-2032-NIO-120,Jawad,Arabian Sea,2032-05-21T06:00:00Z,13.18,70.77,42.4,991.3,20.75,12.43,0,Cyclonic Storm
CYC-2032-NIO-120,Jawad,Arabian Sea,2032-05-21T12:00:00Z,13.48,70.35,44.7,986.2,25.81,23.17,0,Cyclonic Storm
CYC-2032-NIO-120,Jawad,Arabian Sea,2032-05-21T18:00:00Z,13.65,70.08,47.5,983.8,28.19,15.75,0,Cyclonic Storm
CYC-2032-NIO-120,Jawad,Arabian Sea,2032-05-22T00:00:00Z,13.87,69.79,51.6,983.0,29.0,10.44,1,Severe Cyclonic Storm
CYC-2032-NIO-120,Jawad,Arabian Sea,2032-05-22T06:00:00Z,14.12,69.47,53.9,983.2,28.8,15.03,1,Severe Cyclonic Storm
CYC-2032-NIO-120,Jawad,Arabian Sea,2032-05-22T12:00:00Z,14.34,69.09,58.8,980.1,31.9,16.28,1,Severe Cyclonic Storm
CYC-2032-NIO-120,Jawad,Arabian Sea,2032-05-22T18:00:00Z,14.67,68.97,64.8,970.5,41.49,22.61,1,Very Severe Cyclonic Storm
CYC-2032-NIO-120,Jawad,Arabian Sea,2032-05-23T00:00:00Z,14.98,68.65,69.3,968.2,43.78,21.54,1,Very Severe Cyclonic Storm
CYC-2032-NIO-120,Jawad,Arabian Sea,2032-05-23T06:00:00Z,15.35,68.28,70.9,971.7,40.31,14.94,1,Very Severe Cyclonic Storm
CYC-2032-NIO-120,Jawad,Arabian Sea,2032-05-23T12:00:00Z,15.65,67.99,71.9,967.6,44.37,16.67,1,Very Severe Cyclonic Storm
CYC-2032-NIO-120,Jawad,Arabian Sea,2032-05-23T18:00:00Z,15.97,67.79,71.8,972.9,39.12,17.16,1,Very Severe Cyclonic Storm
CYC-2032-NIO-120,Jawad,Arabian Sea,2032-05-24T00:00:00Z,16.33,67.45,77.1,960.6,51.38,12.46,1,Very Severe Cyclonic Storm
CYC-2032-NIO-120,Jawad,Arabian Sea,2032-05-24T06:00:00Z,16.61,67.19,79.6,970.3,41.66,21.69,1,Very Severe Cyclonic Storm
CYC-2032-NIO-120,Jawad,Arabian Sea,2032-05-24T12:00:00Z,16.87,67.0,82.3,964.7,47.28,23.47,1,Very Severe Cyclonic Storm
CYC-2032-NIO-120,Jawad,Arabian Sea,2032-05-24T18:00:00Z,17.21,66.72,86.8,958.2,53.85,20.27,1,Very Severe Cyclonic Storm
CYC-2032-NIO-120,Jawad,Arabian Sea,2032-05-25T00:00:00Z,17.4,66.45,83.0,968.7,43.34,18.86,1,Very Severe Cyclonic Storm
CYC-2032-NIO-120,Jawad,Arabian Sea,2032-05-25T06:00:00Z,17.73,66.25,75.5,963.9,48.12,12.24,1,Very Severe Cyclonic Storm
CYC-2032-NIO-120,Jawad,Arabian Sea,2032-05-25T12:00:00Z,18.04,65.92,72.0,967.3,44.65,13.65,1,Very Severe Cyclonic Storm
CYC-2032-NIO-120,Jawad,Arabian Sea,2032-05-25T18:00:00Z,18.45,65.56,63.7,972.6,39.37,19.98,1,Severe Cyclonic Storm
CYC-2032-NIO-120,Jawad,Arabian Sea,2032-05-26T00:00:00Z,18.86,65.29,60.2,974.3,37.74,20.01,1,Severe Cyclonic Storm
CYC-2032-NIO-120,Jawad,Arabian Sea,2032-05-26T06:00:00Z,19.2,65.06,51.3,979.6,32.43,13.33,1,Severe Cyclonic Storm
CYC-2032-NIO-120,Jawad,Arabian Sea,2032-05-26T12:00:00Z,19.61,64.81,42.6,985.7,26.34,22.83,0,Cyclonic Storm
CYC-2032-NIO-120,Jawad,Arabian Sea,2032-05-26T18:00:00Z,19.86,64.61,35.8,991.0,21.0,15.19,0,Cyclonic Storm
CYC-2032-NIO-120,Jawad,Arabian Sea,2032-05-27T00:00:00Z,20.15,64.47,30.9,995.5,16.48,9.66,0,Deep Depression
CYC-2032-NIO-120,Jawad,Arabian Sea,2032-05-27T06:00:00Z,20.47,64.27,27.4,996.9,15.11,22.51,0,Depression
CYC-2032-NIO-120,Jawad,Arabian Sea,2032-05-27T12:00:00Z,20.91,64.02,21.3,995.7,16.34,8.68,0,Depression
CYC-2032-NIO-120,Jawad,Arabian Sea,2032-05-27T18:00:00Z,21.19,63.64,20.0,1002.5,9.51,23.24,0,Depression
CYC-2032-NIO-121,Mocha,Bay of Bengal,2032-07-01T00:00:00Z,11.2,87.78,36.6,992.6,19.4,11.76,0,Cyclonic Storm
CYC-2032-NIO-121,Mocha,Bay of Bengal,2032-07-01T06:00:00Z,11.53,87.65,40.1,988.3,23.69,15.52,0,Cyclonic Storm
CYC-2032-NIO-121,Mocha,Bay of Bengal,2032-07-01T12:00:00Z,11.84,87.54,47.1,978.4,33.56,8.88,0,Cyclonic Storm
CYC-2032-NIO-121,Mocha,Bay of Bengal,2032-07-01T18:00:00Z,12.22,87.56,50.8,987.1,24.89,11.41,1,Severe Cyclonic Storm
CYC-2032-NIO-121,Mocha,Bay of Bengal,2032-07-02T00:00:00Z,12.58,87.47,57.8,978.0,34.03,22.11,1,Severe Cyclonic Storm
CYC-2032-NIO-121,Mocha,Bay of Bengal,2032-07-02T06:00:00Z,12.8,87.28,62.1,972.0,40.04,22.81,1,Severe Cyclonic Storm
CYC-2032-NIO-121,Mocha,Bay of Bengal,2032-07-02T12:00:00Z,12.91,87.25,68.4,966.9,45.08,15.36,1,Very Severe Cyclonic Storm
CYC-2032-NIO-121,Mocha,Bay of Bengal,2032-07-02T18:00:00Z,13.15,87.14,73.7,964.8,47.23,13.01,1,Very Severe Cyclonic Storm
CYC-2032-NIO-121,Mocha,Bay of Bengal,2032-07-03T00:00:00Z,13.59,87.17,81.4,958.3,53.7,12.14,1,Very Severe Cyclonic Storm
CYC-2032-NIO-121,Mocha,Bay of Bengal,2032-07-03T06:00:00Z,13.91,87.07,85.7,956.1,55.88,8.15,1,Very Severe Cyclonic Storm
CYC-2032-NIO-121,Mocha,Bay of Bengal,2032-07-03T12:00:00Z,14.3,87.14,92.8,952.6,59.36,18.8,1,Extremely Severe Cyclonic Storm
CYC-2032-NIO-121,Mocha,Bay of Bengal,2032-07-03T18:00:00Z,14.7,86.98,96.1,957.7,54.26,23.17,1,Extremely Severe Cyclonic Storm
CYC-2032-NIO-121,Mocha,Bay of Bengal,2032-07-04T00:00:00Z,15.02,86.93,102.2,950.3,61.7,19.69,1,Extremely Severe Cyclonic Storm
CYC-2032-NIO-121,Mocha,Bay of Bengal,2032-07-04T06:00:00Z,15.43,86.74,106.9,948.2,63.85,10.86,1,Extremely Severe Cyclonic Storm
CYC-2032-NIO-121,Mocha,Bay of Bengal,2032-07-04T12:00:00Z,15.61,86.78,113.3,941.4,70.59,15.82,1,Extremely Severe Cyclonic Storm
CYC-2032-NIO-121,Mocha,Bay of Bengal,2032-07-04T18:00:00Z,15.9,86.69,121.7,943.2,68.77,18.71,1,Super Cyclonic Storm
CYC-2032-NIO-121,Mocha,Bay of Bengal,2032-07-05T00:00:00Z,16.29,86.53,126.5,939.0,72.98,11.37,1,Super Cyclonic Storm
CYC-2032-NIO-121,Mocha,Bay of Bengal,2032-07-05T06:00:00Z,16.6,86.53,130.9,932.4,79.57,12.29,1,Super Cyclonic Storm
CYC-2032-NIO-121,Mocha,Bay of Bengal,2032-07-05T12:00:00Z,16.91,86.46,136.2,934.6,77.37,17.41,1,Super Cyclonic Storm
CYC-2032-NIO-121,Mocha,Bay of Bengal,2032-07-05T18:00:00Z,17.38,86.32,144.5,923.7,88.28,21.14,1,Super Cyclonic Storm
CYC-2032-NIO-121,Mocha,Bay of Bengal,2032-07-06T00:00:00Z,17.73,86.44,136.8,935.9,76.05,9.78,1,Super Cyclonic Storm
CYC-2032-NIO-121,Mocha,Bay of Bengal,2032-07-06T06:00:00Z,18.14,86.35,130.1,927.7,84.28,18.48,1,Super Cyclonic Storm
CYC-2032-NIO-121,Mocha,Bay of Bengal,2032-07-06T12:00:00Z,18.53,86.24,121.3,946.8,65.22,17.05,1,Super Cyclonic Storm
CYC-2032-NIO-121,Mocha,Bay of Bengal,2032-07-06T18:00:00Z,18.88,86.11,114.2,941.3,70.74,22.4,1,Extremely Severe Cyclonic Storm
CYC-2032-NIO-121,Mocha,Bay of Bengal,2032-07-07T00:00:00Z,19.36,86.1,109.8,947.4,64.59,17.52,1,Extremely Severe Cyclonic Storm
CYC-2032-NIO-121,Mocha,Bay of Bengal,2032-07-07T06:00:00Z,19.67,86.09,101.5,956.4,55.65,8.07,1,Extremely Severe Cyclonic Storm
CYC-2032-NIO-121,Mocha,Bay of Bengal,2032-07-07T12:00:00Z,19.84,86.07,91.2,954.3,57.73,22.39,1,Extremely Severe Cyclonic Storm
CYC-2032-NIO-121,Mocha,Bay of Bengal,2032-07-07T18:00:00Z,20.24,86.06,83.8,957.7,54.27,8.0,1,Very Severe Cyclonic Storm
CYC-2032-NIO-121,Mocha,Bay of Bengal,2032-07-08T00:00:00Z,20.66,86.01,74.7,962.6,49.45,18.31,1,Very Severe Cyclonic Storm
CYC-2032-NIO-121,Mocha,Bay of Bengal,2032-07-08T06:00:00Z,20.98,85.91,70.3,969.2,42.85,17.36,1,Very Severe Cyclonic Storm
CYC-2032-NIO-121,Mocha,Bay of Bengal,2032-07-08T12:00:00Z,21.56,85.68,62.4,970.1,41.93,8.79,1,Severe Cyclonic Storm
CYC-2032-NIO-121,Mocha,Bay of Bengal,2032-07-08T18:00:00Z,21.89,85.7,53.6,983.0,29.04,20.26,1,Severe Cyclonic Storm
CYC-2032-NIO-121,Mocha,Bay of Bengal,2032-07-09T00:00:00Z,22.16,85.59,46.7,983.7,28.29,22.7,0,Cyclonic Storm
CYC-2032-NIO-121,Mocha,Bay of Bengal,2032-07-09T06:00:00Z,22.5,85.55,42.1,990.2,21.76,11.9,0,Cyclonic Storm
CYC-2032-NIO-122,Biparjoy,Bay of Bengal,2032-08-04T12:00:00Z,7.5,90.92,32.7,995.1,16.94,23.45,0,Deep Depression
CYC-2032-NIO-122,Biparjoy,Bay of Bengal,2032-08-04T18:00:00Z,8.04,90.8,41.5,988.7,23.29,20.85,0,Cyclonic Storm
CYC-2032-NIO-122,Biparjoy,Bay of Bengal,2032-08-05T00:00:00Z,8.67,90.79,51.0,972.8,39.16,20.42,1,Severe Cyclonic Storm
CYC-2032-NIO-122,Biparjoy,Bay of Bengal,2032-08-05T06:00:00Z,9.13,90.66,59.2,972.0,39.95,18.3,1,Severe Cyclonic Storm
CYC-2032-NIO-122,Biparjoy,Bay of Bengal,2032-08-05T12:00:00Z,9.69,90.57,63.3,973.5,38.5,10.62,1,Severe Cyclonic Storm
CYC-2032-NIO-122,Biparjoy,Bay of Bengal,2032-08-05T18:00:00Z,10.26,90.55,70.5,969.3,42.72,23.78,1,Very Severe Cyclonic Storm
CYC-2032-NIO-122,Biparjoy,Bay of Bengal,2032-08-06T00:00:00Z,10.81,90.48,74.4,967.8,44.16,18.61,1,Very Severe Cyclonic Storm
CYC-2032-NIO-122,Biparjoy,Bay of Bengal,2032-08-06T06:00:00Z,11.35,90.5,83.2,967.2,44.83,15.57,1,Very Severe Cyclonic Storm
CYC-2032-NIO-122,Biparjoy,Bay of Bengal,2032-08-06T12:00:00Z,11.8,90.41,91.3,961.7,50.28,23.7,1,Extremely Severe Cyclonic Storm
CYC-2032-NIO-122,Biparjoy,Bay of Bengal,2032-08-06T18:00:00Z,12.27,90.44,98.8,950.6,61.4,19.76,1,Extremely Severe Cyclonic Storm
CYC-2032-NIO-122,Biparjoy,Bay of Bengal,2032-08-07T00:00:00Z,12.76,90.35,106.3,956.8,55.17,8.48,1,Extremely Severe Cyclonic Storm
CYC-2032-NIO-122,Biparjoy,Bay of Bengal,2032-08-07T06:00:00Z,13.31,90.32,110.1,946.4,65.59,18.53,1,Extremely Severe Cyclonic Storm
CYC-2032-NIO-122,Biparjoy,Bay of Bengal,2032-08-07T12:00:00Z,13.97,90.21,100.9,952.6,59.42,22.55,1,Extremely Severe Cyclonic Storm
CYC-2032-NIO-122,Biparjoy,Bay of Bengal,2032-08-07T18:00:00Z,14.32,90.15,90.3,960.1,51.87,19.54,1,Extremely Severe Cyclonic Storm
CYC-2032-NIO-122,Biparjoy,Bay of Bengal,2032-08-08T00:00:00Z,14.78,90.15,79.6,965.2,46.75,14.32,1,Very Severe Cyclonic Storm
CYC-2032-NIO-122,Biparjoy,Bay of Bengal,2032-08-08T06:00:00Z,15.33,90.17,66.8,973.8,38.17,11.77,1,Very Severe Cyclonic Storm
CYC-2032-NIO-122,Biparjoy,Bay of Bengal,2032-08-08T12:00:00Z,15.87,90.14,58.8,972.8,39.23,12.87,1,Severe Cyclonic Storm
CYC-2032-NIO-122,Biparjoy,Bay of Bengal,2032-08-08T18:00:00Z,16.45,90.12,50.3,975.0,37.03,20.34,1,Severe Cyclonic Storm
CYC-2032-NIO-122,Biparjoy,Bay of Bengal,2032-08-09T00:00:00Z,17.06,90.07,45.0,985.2,26.8,23.55,0,Cyclonic Storm
CYC-2032-NIO-122,Biparjoy,Bay of Bengal,2032-08-09T06:00:00Z,17.48,90.0,35.5,996.6,15.4,21.22,0,Cyclonic Storm
CYC-2032-NIO-123,Tej,Arabian Sea,2032-09-18T12:00:00Z,9.08,68.45,29.9,997.2,14.84,22.35,0,Deep Depression
CYC-2032-NIO-123,Tej,Arabian Sea,2032-09-18T18:00:00Z,9.61,68.14,29.9,992.8,19.24,19.61,0,Deep Depression
CYC-2032-NIO-123,Tej,Arabian Sea,2032-09-19T00:00:00Z,10.15,67.99,33.6,994.6,17.36,16.36,0,Deep Depression
CYC-2032-NIO-123,Tej,Arabian Sea,2032-09-19T06:00:00Z,10.58,67.81,39.2,980.0,32.03,23.07,0,Cyclonic Storm
CYC-2032-NIO-123,Tej,Arabian Sea,2032-09-19T12:00:00Z,11.02,67.69,44.4,985.3,26.66,16.79,0,Cyclonic Storm
CYC-2032-NIO-123,Tej,Arabian Sea,2032-09-19T18:00:00Z,11.7,67.52,50.4,977.5,34.46,16.43,1,Severe Cyclonic Storm
CYC-2032-NIO-123,Tej,Arabian Sea,2032-09-20T00:00:00Z,12.32,67.34,54.9,974.3,37.7,8.83,1,Severe Cyclonic Storm
CYC-2032-NIO-123,Tej,Arabian Sea,2032-09-20T06:00:00Z,12.9,67.06,58.9,973.9,38.15,11.52,1,Severe Cyclonic Storm
CYC-2032-NIO-123,Tej,Arabian Sea,2032-09-20T12:00:00Z,13.39,66.81,64.0,971.4,40.63,18.22,1,Very Severe Cyclonic Storm
CYC-2032-NIO-123,Tej,Arabian Sea,2032-09-20T18:00:00Z,14.0,66.66,69.5,966.6,45.39,19.46,1,Very Severe Cyclonic Storm
CYC-2032-NIO-123,Tej,Arabian Sea,2032-09-21T00:00:00Z,14.71,66.4,69.2,967.8,44.17,15.46,1,Very Severe Cyclonic Storm
CYC-2032-NIO-123,Tej,Arabian Sea,2032-09-21T06:00:00Z,15.24,66.25,76.3,960.3,51.66,20.05,1,Very Severe Cyclonic Storm
CYC-2032-NIO-123,Tej,Arabian Sea,2032-09-21T12:00:00Z,15.75,66.17,85.2,965.0,47.0,19.71,1,Very Severe Cyclonic Storm
CYC-2032-NIO-123,Tej,Arabian Sea,2032-09-21T18:00:00Z,16.34,66.03,84.9,965.1,46.88,10.21,1,Very Severe Cyclonic Storm
CYC-2032-NIO-123,Tej,Arabian Sea,2032-09-22T00:00:00Z,16.89,65.86,75.7,968.2,43.75,9.09,1,Very Severe Cyclonic Storm
CYC-2032-NIO-123,Tej,Arabian Sea,2032-09-22T06:00:00Z,17.47,65.67,72.0,968.9,43.06,16.81,1,Very Severe Cyclonic Storm
CYC-2032-NIO-123,Tej,Arabian Sea,2032-09-22T12:00:00Z,17.97,65.47,67.9,978.6,33.37,20.98,1,Very Severe Cyclonic Storm
CYC-2032-NIO-123,Tej,Arabian Sea,2032-09-22T18:00:00Z,18.36,65.28,60.8,974.3,37.7,15.25,1,Severe Cyclonic Storm
CYC-2032-NIO-123,Tej,Arabian Sea,2032-09-23T00:00:00Z,18.88,65.05,53.0,978.6,33.38,20.18,1,Severe Cyclonic Storm
CYC-2032-NIO-123,Tej,Arabian Sea,2032-09-23T06:00:00Z,19.39,64.72,44.1,987.8,24.21,19.42,0,Cyclonic Storm
CYC-2032-NIO-123,Tej,Arabian Sea,2032-09-23T12:00:00Z,19.92,64.57,37.5,992.4,19.63,20.69,0,Cyclonic Storm
CYC-2032-NIO-123,Tej,Arabian Sea,2032-09-23T18:00:00Z,20.53,64.25,31.9,994.4,17.57,16.2,0,Deep Depression
CYC-2032-NIO-123,Tej,Arabian Sea,2032-09-24T00:00:00Z,21.01,64.12,23.0,1001.5,10.48,10.28,0,Depression
CYC-2032-NIO-123,Tej,Arabian Sea,2032-09-24T06:00:00Z,21.59,63.84,20.0,999.3,12.67,12.99,0,Depression
CYC-2032-NIO-124,Hamoon,Bay of Bengal,2032-10-20T12:00:00Z,9.99,89.47,29.9,999.0,13.03,20.28,0,Deep Depression
CYC-2032-NIO-124,Hamoon,Bay of Bengal,2032-10-20T18:00:00Z,10.47,89.71,30.9,984.7,27.28,22.74,0,Deep Depression
CYC-2032-NIO-124,Hamoon,Bay of Bengal,2032-10-21T00:00:00Z,10.88,89.97,30.9,986.5,25.51,23.45,0,Deep Depression
CYC-2032-NIO-124,Hamoon,Bay of Bengal,2032-10-21T06:00:00Z,11.47,90.31,35.9,993.5,18.5,18.16,0,Cyclonic Storm
CYC-2032-NIO-124,Hamoon,Bay of Bengal,2032-10-21T12:00:00Z,11.97,90.53,40.8,991.0,20.98,23.94,0,Cyclonic Storm
CYC-2032-NIO-124,Hamoon,Bay of Bengal,2032-10-21T18:00:00Z,12.46,90.81,49.3,982.1,29.89,13.27,1,Severe Cyclonic Storm
CYC-2032-NIO-124,Hamoon,Bay of Bengal,2032-10-22T00:00:00Z,12.96,91.11,54.2,975.9,36.1,16.82,1,Severe Cyclonic Storm
CYC-2032-NIO-124,Hamoon,Bay of Bengal,2032-10-22T06:00:00Z,13.35,91.31,57.7,980.9,31.1,21.2,1,Severe Cyclonic Storm
CYC-2032-NIO-124,Hamoon,Bay of Bengal,2032-10-22T12:00:00Z,13.68,91.58,58.6,970.7,41.3,23.57,1,Severe Cyclonic Storm
CYC-2032-NIO-124,Hamoon,Bay of Bengal,2032-10-22T18:00:00Z,14.19,91.82,61.0,975.1,36.89,11.59,1,Severe Cyclonic Storm
CYC-2032-NIO-124,Hamoon,Bay of Bengal,2032-10-23T00:00:00Z,14.58,92.08,63.1,973.1,38.87,21.75,1,Severe Cyclonic Storm
CYC-2032-NIO-124,Hamoon,Bay of Bengal,2032-10-23T06:00:00Z,15.1,92.34,70.7,970.2,41.8,17.22,1,Very Severe Cyclonic Storm
CYC-2032-NIO-124,Hamoon,Bay of Bengal,2032-10-23T12:00:00Z,15.66,92.58,76.1,968.5,43.48,20.58,1,Very Severe Cyclonic Storm
CYC-2032-NIO-124,Hamoon,Bay of Bengal,2032-10-23T18:00:00Z,16.16,92.74,80.0,958.7,53.28,18.84,1,Very Severe Cyclonic Storm
CYC-2032-NIO-124,Hamoon,Bay of Bengal,2032-10-24T00:00:00Z,16.71,92.96,84.0,964.4,47.62,22.35,1,Very Severe Cyclonic Storm
CYC-2032-NIO-124,Hamoon,Bay of Bengal,2032-10-24T06:00:00Z,17.12,93.18,89.0,962.9,49.11,13.43,1,Very Severe Cyclonic Storm
CYC-2032-NIO-124,Hamoon,Bay of Bengal,2032-10-24T12:00:00Z,17.61,93.42,91.9,956.7,55.29,19.88,1,Extremely Severe Cyclonic Storm
CYC-2032-NIO-124,Hamoon,Bay of Bengal,2032-10-24T18:00:00Z,18.17,93.59,95.6,962.0,50.03,20.44,1,Extremely Severe Cyclonic Storm
CYC-2032-NIO-124,Hamoon,Bay of Bengal,2032-10-25T00:00:00Z,18.49,93.89,99.9,958.3,53.72,8.2,1,Extremely Severe Cyclonic Storm
CYC-2032-NIO-124,Hamoon,Bay of Bengal,2032-10-25T06:00:00Z,18.96,94.21,103.8,938.0,74.03,14.65,1,Extremely Severe Cyclonic Storm
CYC-2032-NIO-124,Hamoon,Bay of Bengal,2032-10-25T12:00:00Z,19.49,94.44,100.3,953.0,58.98,17.76,1,Extremely Severe Cyclonic Storm
CYC-2032-NIO-124,Hamoon,Bay of Bengal,2032-10-25T18:00:00Z,20.0,94.75,98.9,946.8,65.2,19.59,1,Extremely Severe Cyclonic Storm
CYC-2032-NIO-124,Hamoon,Bay of Bengal,2032-10-26T00:00:00Z,20.68,94.99,92.0,959.7,52.3,12.34,1,Extremely Severe Cyclonic Storm
CYC-2032-NIO-124,Hamoon,Bay of Bengal,2032-10-26T06:00:00Z,21.1,95.18,92.9,956.7,55.31,17.09,1,Extremely Severe Cyclonic Storm
CYC-2032-NIO-124,Hamoon,Bay of Bengal,2032-10-26T12:00:00Z,21.56,95.37,86.9,951.0,60.96,14.76,1,Very Severe Cyclonic Storm
CYC-2032-NIO-124,Hamoon,Bay of Bengal,2032-10-26T18:00:00Z,22.06,95.59,81.0,959.5,52.51,22.79,1,Very Severe Cyclonic Storm
CYC-2032-NIO-124,Hamoon,Bay of Bengal,2032-10-27T00:00:00Z,22.6,95.85,76.5,961.8,50.2,15.31,1,Very Severe Cyclonic Storm
CYC-2032-NIO-124,Hamoon,Bay of Bengal,2032-10-27T06:00:00Z,23.06,96.08,68.4,966.5,45.52,23.01,1,Very Severe Cyclonic Storm
CYC-2032-NIO-124,Hamoon,Bay of Bengal,2032-10-27T12:00:00Z,23.49,96.28,68.2,962.4,49.64,20.4,1,Very Severe Cyclonic Storm
CYC-2032-NIO-124,Hamoon,Bay of Bengal,2032-10-27T18:00:00Z,23.92,96.52,62.1,976.1,35.89,16.22,1,Severe Cyclonic Storm
CYC-2032-NIO-124,Hamoon,Bay of Bengal,2032-10-28T00:00:00Z,24.28,96.79,59.4,973.4,38.6,14.89,1,Severe Cyclonic Storm
CYC-2032-NIO-124,Hamoon,Bay of Bengal,2032-10-28T06:00:00Z,24.74,97.1,56.4,974.9,37.07,14.14,1,Severe Cyclonic Storm
CYC-2032-NIO-124,Hamoon,Bay of Bengal,2032-10-28T12:00:00Z,25.12,97.51,48.9,974.6,37.38,11.87,1,Severe Cyclonic Storm
CYC-2032-NIO-124,Hamoon,Bay of Bengal,2032-10-28T18:00:00Z,25.55,97.74,41.5,984.4,27.65,19.46,0,Cyclonic Storm
CYC-2032-NIO-125,Midhili,Bay of Bengal,2032-12-01T00:00:00Z,11.48,87.19,38.3,987.0,24.95,16.7,0,Cyclonic Storm
CYC-2032-NIO-125,Midhili,Bay of Bengal,2032-12-01T06:00:00Z,11.95,87.36,53.0,974.7,37.34,18.76,1,Severe Cyclonic Storm
CYC-2032-NIO-125,Midhili,Bay of Bengal,2032-12-01T12:00:00Z,12.34,87.44,63.7,974.8,37.22,18.5,1,Severe Cyclonic Storm
CYC-2032-NIO-125,Midhili,Bay of Bengal,2032-12-01T18:00:00Z,12.74,87.65,78.2,965.6,46.42,17.11,1,Very Severe Cyclonic Storm
CYC-2032-NIO-125,Midhili,Bay of Bengal,2032-12-02T00:00:00Z,13.11,87.66,88.5,959.3,52.71,17.8,1,Very Severe Cyclonic Storm
CYC-2032-NIO-125,Midhili,Bay of Bengal,2032-12-02T06:00:00Z,13.41,87.67,97.0,952.2,59.82,19.37,1,Extremely Severe Cyclonic Storm
CYC-2032-NIO-125,Midhili,Bay of Bengal,2032-12-02T12:00:00Z,13.77,87.75,108.5,939.7,72.32,12.09,1,Extremely Severe Cyclonic Storm
CYC-2032-NIO-125,Midhili,Bay of Bengal,2032-12-02T18:00:00Z,14.3,87.97,120.5,939.4,72.61,11.52,1,Super Cyclonic Storm
CYC-2032-NIO-125,Midhili,Bay of Bengal,2032-12-03T00:00:00Z,14.64,88.13,133.6,929.6,82.36,16.29,1,Super Cyclonic Storm
CYC-2032-NIO-125,Midhili,Bay of Bengal,2032-12-03T06:00:00Z,15.12,88.29,111.4,948.8,63.24,9.54,1,Extremely Severe Cyclonic Storm
CYC-2032-NIO-125,Midhili,Bay of Bengal,2032-12-03T12:00:00Z,15.47,88.38,87.5,952.4,59.6,8.01,1,Very Severe Cyclonic Storm
CYC-2032-NIO-125,Midhili,Bay of Bengal,2032-12-03T18:00:00Z,15.87,88.41,69.7,964.2,47.75,19.44,1,Very Severe Cyclonic Storm
CYC-2032-NIO-125,Midhili,Bay of Bengal,2032-12-04T00:00:00Z,16.32,88.46,49.9,985.8,26.18,8.7,1,Severe Cyclonic Storm
CYC-2032-NIO-125,Midhili,Bay of Bengal,2032-12-04T06:00:00Z,16.89,88.51,27.0,990.0,22.0,22.25,0,Depression
CYC-2032-NIO-125,Midhili,Bay of Bengal,2032-12-04T12:00:00Z,17.31,88.71,20.0,998.4,13.65,15.81,0,Depression
CYC-2032-NIO-126,Michaung,Arabian Sea,2032-12-30T18:00:00Z,9.73,69.47,32.7,988.7,23.32,15.84,0,Deep Depression
CYC-2032-NIO-126,Michaung,Arabian Sea,2032-12-31T00:00:00Z,10.24,69.44,37.6,987.9,24.13,21.33,0,Cyclonic Storm
CYC-2032-NIO-126,Michaung,Arabian Sea,2032-12-31T06:00:00Z,10.75,69.34,43.8,989.0,23.0,10.49,0,Cyclonic Storm
CYC-2032-NIO-126,Michaung,Arabian Sea,2032-12-31T12:00:00Z,11.23,69.02,50.2,986.2,25.75,11.27,1,Severe Cyclonic Storm
CYC-2032-NIO-126,Michaung,Arabian Sea,2032-12-31T18:00:00Z,11.74,68.8,56.3,977.1,34.91,14.11,1,Severe Cyclonic Storm
CYC-2032-NIO-126,Michaung,Arabian Sea,2033-01-01T00:00:00Z,12.3,68.77,60.8,974.9,37.12,19.93,1,Severe Cyclonic Storm
CYC-2032-NIO-126,Michaung,Arabian Sea,2033-01-01T06:00:00Z,12.83,68.51,67.1,969.1,42.89,20.77,1,Very Severe Cyclonic Storm
CYC-2032-NIO-126,Michaung,Arabian Sea,2033-01-01T12:00:00Z,13.34,68.47,73.4,965.5,46.48,10.98,1,Very Severe Cyclonic Storm
CYC-2032-NIO-126,Michaung,Arabian Sea,2033-01-01T18:00:00Z,13.77,68.26,80.4,968.3,43.73,18.44,1,Very Severe Cyclonic Storm
CYC-2032-NIO-126,Michaung,Arabian Sea,2033-01-02T00:00:00Z,14.2,68.08,73.8,971.2,40.77,14.51,1,Very Severe Cyclonic Storm
CYC-2032-NIO-126,Michaung,Arabian Sea,2033-01-02T06:00:00Z,14.6,67.95,68.0,967.1,44.88,11.64,1,Very Severe Cyclonic Storm
CYC-2032-NIO-126,Michaung,Arabian Sea,2033-01-02T12:00:00Z,15.14,67.76,65.4,984.2,27.75,19.03,1,Very Severe Cyclonic Storm
CYC-2032-NIO-126,Michaung,Arabian Sea,2033-01-02T18:00:00Z,15.66,67.69,60.1,972.8,39.17,15.72,1,Severe Cyclonic Storm
CYC-2032-NIO-126,Michaung,Arabian Sea,2033-01-03T00:00:00Z,16.07,67.59,48.7,984.2,27.77,15.18,1,Severe Cyclonic Storm
CYC-2032-NIO-126,Michaung,Arabian Sea,2033-01-03T06:00:00Z,16.61,67.43,38.8,982.2,29.84,18.07,0,Cyclonic Storm
CYC-2033-NIO-127,Remal,Bay of Bengal,2033-02-12T12:00:00Z,8.91,85.66,31.3,1000.7,11.26,8.3,0,Deep Depression
CYC-2033-NIO-127,Remal,Bay of Bengal,2033-02-12T18:00:00Z,9.46,85.52,28.7,995.7,16.35,14.56,0,Deep Depression
CYC-2033-NIO-127,Remal,Bay of Bengal,2033-02-13T00:00:00Z,9.92,85.57,32.1,990.7,21.31,19.49,0,Deep Depression
CYC-2033-NIO-127,Remal,Bay of Bengal,2033-02-13T06:00:00Z,10.46,85.45,33.4,995.3,16.68,17.61,0,Deep Depression
CYC-2033-NIO-127,Remal,Bay of Bengal,2033-02-13T12:00:00Z,10.93,85.57,39.3,982.3,29.7,23.65,0,Cyclonic Storm
CYC-2033-NIO-127,Remal,Bay of Bengal,2033-02-13T18:00:00Z,11.28,85.44,41.2,987.0,25.01,16.85,0,Cyclonic Storm
CYC-2033-NIO-127,Remal,Bay of Bengal,2033-02-14T00:00:00Z,11.71,85.38,44.5,985.2,26.76,14.43,0,Cyclonic Storm
CYC-2033-NIO-127,Remal,Bay of Bengal,2033-02-14T06:00:00Z,12.22,85.23,48.0,976.0,36.02,14.99,1,Severe Cyclonic Storm
CYC-2033-NIO-127,Remal,Bay of Bengal,2033-02-14T12:00:00Z,12.79,85.11,53.0,984.8,27.2,15.98,1,Severe Cyclonic Storm
CYC-2033-NIO-127,Remal,Bay of Bengal,2033-02-14T18:00:00Z,13.27,84.82,52.5,975.7,36.31,16.0,1,Severe Cyclonic Storm
CYC-2033-NIO-127,Remal,Bay of Bengal,2033-02-15T00:00:00Z,13.92,84.81,54.4,985.2,26.8,14.62,1,Severe Cyclonic Storm
CYC-2033-NIO-127,Remal,Bay of Bengal,2033-02-15T06:00:00Z,14.46,84.6,60.0,975.6,36.45,19.14,1,Severe Cyclonic Storm
CYC-2033-NIO-127,Remal,Bay of Bengal,2033-02-15T12:00:00Z,14.98,84.61,63.7,974.9,37.14,23.42,1,Severe Cyclonic Storm
CYC-2033-NIO-127,Remal,Bay of Bengal,2033-02-15T18:00:00Z,15.5,84.58,64.5,971.7,40.29,16.34,1,Very Severe Cyclonic Storm
CYC-2033-NIO-127,Remal,Bay of Bengal,2033-02-16T00:00:00Z,15.89,84.64,67.5,973.8,38.16,13.23,1,Very Severe Cyclonic Storm
CYC-2033-NIO-127,Remal,Bay of Bengal,2033-02-16T06:00:00Z,16.28,84.48,71.5,967.6,44.35,13.85,1,Very Severe Cyclonic Storm
CYC-2033-NIO-127,Remal,Bay of Bengal,2033-02-16T12:00:00Z,16.79,84.59,75.9,956.8,55.21,13.19,1,Very Severe Cyclonic Storm
CYC-2033-NIO-127,Remal,Bay of Bengal,2033-02-16T18:00:00Z,17.23,84.58,74.4,970.5,41.5,8.28,1,Very Severe Cyclonic Storm
CYC-2033-NIO-127,Remal,Bay of Bengal,2033-02-17T00:00:00Z,17.89,84.66,71.0,968.9,43.12,22.29,1,Very Severe Cyclonic Storm
CYC-2033-NIO-127,Remal,Bay of Bengal,2033-02-17T06:00:00Z,18.32,84.65,68.2,986.2,25.81,8.97,1,Very Severe Cyclonic Storm
CYC-2033-NIO-127,Remal,Bay of Bengal,2033-02-17T12:00:00Z,18.91,84.65,64.9,975.6,36.37,21.8,1,Very Severe Cyclonic Storm
CYC-2033-NIO-127,Remal,Bay of Bengal,2033-02-17T18:00:00Z,19.44,84.61,59.8,973.0,39.02,17.55,1,Severe Cyclonic Storm
CYC-2033-NIO-127,Remal,Bay of Bengal,2033-02-18T00:00:00Z,20.0,84.52,54.9,979.2,32.82,17.73,1,Severe Cyclonic Storm
CYC-2033-NIO-127,Remal,Bay of Bengal,2033-02-18T06:00:00Z,20.39,84.48,48.8,975.4,36.56,13.06,1,Severe Cyclonic Storm
CYC-2033-NIO-127,Remal,Bay of Bengal,2033-02-18T12:00:00Z,20.98,84.41,49.9,981.9,30.08,23.01,1,Severe Cyclonic Storm
CYC-2033-NIO-127,Remal,Bay of Bengal,2033-02-18T18:00:00Z,21.22,84.46,47.6,986.8,25.17,13.2,0,Cyclonic Storm
CYC-2033-NIO-127,Remal,Bay of Bengal,2033-02-19T00:00:00Z,21.73,84.46,43.8,988.8,23.17,16.7,0,Cyclonic Storm
CYC-2033-NIO-127,Remal,Bay of Bengal,2033-02-19T06:00:00Z,22.23,84.33,41.4,985.7,26.26,22.22,0,Cyclonic Storm
CYC-2033-NIO-128,Asna,Bay of Bengal,2033-03-11T12:00:00Z,11.37,89.61,29.3,1000.3,11.66,8.87,0,Deep Depression
CYC-2033-NIO-128,Asna,Bay of Bengal,2033-03-11T18:00:00Z,11.65,89.52,35.9,996.1,15.85,17.4,0,Cyclonic Storm
CYC-2033-NIO-128,Asna,Bay of Bengal,2033-03-12T00:00:00Z,11.98,89.42,40.5,986.9,25.05,22.59,0,Cyclonic Storm
CYC-2033-NIO-128,Asna,Bay of Bengal,2033-03-12T06:00:00Z,12.35,89.48,42.9,991.0,21.01,15.22,0,Cyclonic Storm
CYC-2033-NIO-128,Asna,Bay of Bengal,2033-03-12T12:00:00Z,12.69,89.54,44.7,982.9,29.1,8.1,0,Cyclonic Storm
CYC-2033-NIO-128,Asna,Bay of Bengal,2033-03-12T18:00:00Z,13.0,89.67,47.7,983.8,28.19,9.65,0,Cyclonic Storm
CYC-2033-NIO-128,Asna,Bay of Bengal,2033-03-13T00:00:00Z,13.31,89.55,50.4,982.5,29.48,21.21,1,Severe Cyclonic Storm
CYC-2033-NIO-128,Asna,Bay of Bengal,2033-03-13T06:00:00Z,13.54,89.45,52.6,980.9,31.06,20.81,1,Severe Cyclonic Storm
CYC-2033-NIO-128,Asna,Bay of Bengal,2033-03-13T12:00:00Z,13.83,89.42,51.9,981.0,31.03,17.7,1,Severe Cyclonic Storm
CYC-2033-NIO-128,Asna,Bay of Bengal,2033-03-13T18:00:00Z,14.05,89.4,56.4,980.7,31.32,23.41,1,Severe Cyclonic Storm
CYC-2033-NIO-128,Asna,Bay of Bengal,2033-03-14T00:00:00Z,14.23,89.29,58.3,975.1,36.88,13.14,1,Severe Cyclonic Storm
CYC-2033-NIO-128,Asna,Bay of Bengal,2033-03-14T06:00:00Z,14.52,89.26,55.4,977.8,34.24,16.13,1,Severe Cyclonic Storm
CYC-2033-NIO-128,Asna,Bay of Bengal,2033-03-14T12:00:00Z,14.73,89.22,50.2,977.4,34.6,14.19,1,Severe Cyclonic Storm
CYC-2033-NIO-128,Asna,Bay of Bengal,2033-03-14T18:00:00Z,15.17,89.06,46.7,987.7,24.33,21.13,0,Cyclonic Storm
CYC-2033-NIO-128,Asna,Bay of Bengal,2033-03-15T00:00:00Z,15.55,88.99,41.9,989.4,22.59,9.68,0,Cyclonic Storm
CYC-2033-NIO-128,Asna,Bay of Bengal,2033-03-15T06:00:00Z,16.07,89.04,40.7,985.1,26.91,9.76,0,Cyclonic Storm
CYC-2033-NIO-128,Asna,Bay of Bengal,2033-03-15T12:00:00Z,16.51,88.94,34.7,988.2,23.8,10.17,0,Cyclonic Storm
CYC-2033-NIO-128,Asna,Bay of Bengal,2033-03-15T18:00:00Z,16.96,88.88,30.0,989.9,22.1,20.78,0,Deep Depression
CYC-2033-NIO-128,Asna,Bay of Bengal,2033-03-16T00:00:00Z,17.3,89.06,24.5,993.5,18.46,9.29,0,Depression
CYC-2033-NIO-129,Dana,Arabian Sea,2033-04-26T06:00:00Z,8.8,71.36,39.3,989.9,22.14,8.32,0,Cyclonic Storm
CYC-2033-NIO-129,Dana,Arabian Sea,2033-04-26T12:00:00Z,9.18,71.2,48.6,982.3,29.72,15.48,1,Severe Cyclonic Storm
CYC-2033-NIO-129,Dana,Arabian Sea,2033-04-26T18:00:00Z,9.55,71.12,57.4,976.4,35.62,14.81,1,Severe Cyclonic Storm
CYC-2033-NIO-129,Dana,Arabian Sea,2033-04-27T00:00:00Z,9.91,71.04,64.9,975.5,36.51,20.15,1,Very Severe Cyclonic Storm
CYC-2033-NIO-129,Dana,Arabian Sea,2033-04-27T06:00:00Z,10.32,70.82,72.0,968.0,44.03,15.09,1,Very Severe Cyclonic Storm
CYC-2033-NIO-129,Dana,Arabian Sea,2033-04-27T12:00:00Z,10.77,70.61,78.3,960.7,51.26,18.61,1,Very Severe Cyclonic Storm
CYC-2033-NIO-129,Dana,Arabian Sea,2033-04-27T18:00:00Z,11.31,70.45,83.7,964.8,47.17,14.63,1,Very Severe Cyclonic Storm
CYC-2033-NIO-129,Dana,Arabian Sea,2033-04-28T00:00:00Z,11.63,70.2,91.5,958.9,53.12,23.55,1,Extremely Severe Cyclonic Storm
CYC-2033-NIO-129,Dana,Arabian Sea,2033-04-28T06:00:00Z,11.93,70.1,96.4,949.5,62.46,13.22,1,Extremely Severe Cyclonic Storm
CYC-2033-NIO-129,Dana,Arabian Sea,2033-04-28T12:00:00Z,12.36,70.12,101.6,949.7,62.35,8.35,1,Extremely Severe Cyclonic Storm
CYC-2033-NIO-129,Dana,Arabian Sea,2033-04-28T18:00:00Z,12.75,69.95,108.3,947.9,64.07,19.59,1,Extremely Severe Cyclonic Storm
CYC-2033-NIO-129,Dana,Arabian Sea,2033-04-29T00:00:00Z,13.1,69.79,96.8,959.1,52.95,11.77,1,Extremely Severe Cyclonic Storm
CYC-2033-NIO-129,Dana,Arabian Sea,2033-04-29T06:00:00Z,13.56,69.58,88.6,962.9,49.12,8.99,1,Very Severe Cyclonic Storm
CYC-2033-NIO-129,Dana,Arabian Sea,2033-04-29T12:00:00Z,13.94,69.5,77.8,959.7,52.28,22.56,1,Very Severe Cyclonic Storm
CYC-2033-NIO-129,Dana,Arabian Sea,2033-04-29T18:00:00Z,14.2,69.49,68.4,969.4,42.64,22.61,1,Very Severe Cyclonic Storm
CYC-2033-NIO-129,Dana,Arabian Sea,2033-04-30T00:00:00Z,14.55,69.5,53.8,981.6,30.38,20.37,1,Severe Cyclonic Storm
CYC-2033-NIO-129,Dana,Arabian Sea,2033-04-30T06:00:00Z,14.95,69.42,40.7,982.0,29.95,14.65,0,Cyclonic Storm
CYC-2033-NIO-129,Dana,Arabian Sea,2033-04-30T12:00:00Z,15.24,69.41,30.3,989.1,22.95,19.05,0,Deep Depression
CYC-2033-NIO-129,Dana,Arabian Sea,2033-04-30T18:00:00Z,15.64,69.38,20.3,995.1,16.9,20.58,0,Depression
CYC-2033-NIO-130,Amphan,Bay of Bengal,2033-06-07T00:00:00Z,8.59,90.37,31.7,985.0,27.01,23.11,0,Deep Depression
CYC-2033-NIO-130,Amphan,Bay of Bengal,2033-06-07T06:00:00Z,8.87,90.54,33.4,993.3,18.74,23.14,0,Deep Depression
CYC-2033-NIO-130,Amphan,Bay of Bengal,2033-06-07T12:00:00Z,9.25,90.8,41.7,986.5,25.48,18.85,0,Cyclonic Storm
CYC-2033-NIO-130,Amphan,Bay of Bengal,2033-06-07T18:00:00Z,9.59,91.0,47.5,984.7,27.35,23.79,0,Cyclonic Storm
CYC-2033-NIO-130,Amphan,Bay of Bengal,2033-06-08T00:00:00Z,9.87,91.13,50.5,977.8,34.21,9.0,1,Severe Cyclonic Storm
CYC-2033-NIO-130,Amphan,Bay of Bengal,2033-06-08T06:00:00Z,9.98,91.29,53.3,983.5,28.45,16.95,1,Severe Cyclonic Storm
CYC-2033-NIO-130,Amphan,Bay of Bengal,2033-06-08T12:00:00Z,10.49,91.5,55.7,980.4,31.59,13.34,1,Severe Cyclonic Storm
CYC-2033-NIO-130,Amphan,Bay of Bengal,2033-06-08T18:00:00Z,10.89,91.66,59.9,976.1,35.86,23.74,1,Severe Cyclonic Storm
CYC-2033-NIO-130,Amphan,Bay of Bengal,2033-06-09T00:00:00Z,11.29,91.84,65.1,974.7,37.32,9.32,1,Very Severe Cyclonic Storm
CYC-2033-NIO-130,Amphan,Bay of Bengal,2033-06-09T06:00:00Z,11.52,92.05,65.8,975.3,36.7,14.19,1,Very Severe Cyclonic Storm
CYC-2033-NIO-130,Amphan,Bay of Bengal,2033-06-09T12:00:00Z,11.96,92.14,70.1,970.9,41.06,22.16,1,Very Severe Cyclonic Storm
CYC-2033-NIO-130,Amphan,Bay of Bengal,2033-06-09T18:00:00Z,12.36,92.19,64.0,964.0,47.98,16.87,1,Severe Cyclonic Storm
CYC-2033-NIO-130,Amphan,Bay of Bengal,2033-06-10T00:00:00Z,12.62,92.17,58.1,972.0,40.03,20.14,1,Severe Cyclonic Storm
CYC-2033-NIO-130,Amphan,Bay of Bengal,2033-06-10T06:00:00Z,12.97,92.33,53.1,977.6,34.35,17.34,1,Severe Cyclonic Storm
CYC-2033-NIO-130,Amphan,Bay of Bengal,2033-06-10T12:00:00Z,13.31,92.56,53.4,974.0,38.02,22.21,1,Severe Cyclonic Storm
CYC-2033-NIO-130,Amphan,Bay of Bengal,2033-06-10T18:00:00Z,13.71,92.69,47.9,975.6,36.42,10.3,0,Cyclonic Storm
CYC-2033-NIO-130,Amphan,Bay of Bengal,2033-06-11T00:00:00Z,14.08,92.92,44.3,985.5,26.47,15.7,0,Cyclonic Storm
CYC-2033-NIO-130,Amphan,Bay of Bengal,2033-06-11T06:00:00Z,14.37,92.97,38.6,991.0,21.02,11.87,0,Cyclonic Storm
CYC-2033-NIO-130,Amphan,Bay of Bengal,2033-06-11T12:00:00Z,14.87,93.3,33.2,995.1,16.87,16.59,0,Deep Depression
CYC-2033-NIO-131,Fani,Bay of Bengal,2033-07-29T18:00:00Z,8.36,85.77,30.9,991.1,20.86,17.32,0,Deep Depression
CYC-2033-NIO-131,Fani,Bay of Bengal,2033-07-30T00:00:00Z,8.6,85.81,39.5,983.9,28.09,10.97,0,Cyclonic Storm
CYC-2033-NIO-131,Fani,Bay of Bengal,2033-07-30T06:00:00Z,8.88,85.86,41.9,984.5,27.53,21.4,0,Cyclonic Storm
CYC-2033-NIO-131,Fani,Bay of Bengal,2033-07-30T12:00:00Z,9.17,85.96,49.2,979.6,32.43,22.06,1,Severe Cyclonic Storm
CYC-2033-NIO-131,Fani,Bay of Bengal,2033-07-30T18:00:00Z,9.54,86.0,52.3,979.2,32.77,10.87,1,Severe Cyclonic Storm
CYC-2033-NIO-131,Fani,Bay of Bengal,2033-07-31T00:00:00Z,9.78,86.16,56.5,974.9,37.1,16.49,1,Severe Cyclonic Storm
CYC-2033-NIO-131,Fani,Bay of Bengal,2033-07-31T06:00:00Z,10.07,86.22,63.1,970.1,41.88,21.65,1,Severe Cyclonic Storm
CYC-2033-NIO-131,Fani,Bay of Bengal,2033-07-31T12:00:00Z,10.28,86.3,68.4,975.5,36.47,14.1,1,Very Severe Cyclonic Storm
CYC-2033-NIO-131,Fani,Bay of Bengal,2033-07-31T18:00:00Z,10.72,86.38,75.1,967.6,44.37,18.05,1,Very Severe Cyclonic Storm
CYC-2033-NIO-131,Fani,Bay of Bengal,2033-08-01T00:00:00Z,11.05,86.48,81.0,955.3,56.71,9.38,1,Very Severe Cyclonic Storm
CYC-2033-NIO-131,Fani,Bay of Bengal,2033-08-01T06:00:00Z,11.42,86.44,84.3,963.4,48.64,15.01,1,Very Severe Cyclonic Storm
CYC-2033-NIO-131,Fani,Bay of Bengal,2033-08-01T12:00:00Z,11.76,86.4,88.2,968.6,43.41,12.45,1,Very Severe Cyclonic Storm
CYC-2033-NIO-131,Fani,Bay of Bengal,2033-08-01T18:00:00Z,12.18,86.39,95.0,958.5,53.54,20.0,1,Extremely Severe Cyclonic Storm
CYC-2033-NIO-131,Fani,Bay of Bengal,2033-08-02T00:00:00Z,12.5,86.42,102.1,957.2,54.81,13.87,1,Extremely Severe Cyclonic Storm
CYC-2033-NIO-131,Fani,Bay of Bengal,2033-08-02T06:00:00Z,12.87,86.35,107.0,951.1,60.86,12.85,1,Extremely Severe Cyclonic Storm
CYC-2033-NIO-131,Fani,Bay of Bengal,2033-08-02T12:00:00Z,13.21,86.37,111.5,954.5,57.52,23.85,1,Extremely Severe Cyclonic Storm
CYC-2033-NIO-131,Fani,Bay of Bengal,2033-08-02T18:00:00Z,13.59,86.38,115.2,947.5,64.5,16.05,1,Extremely Severe Cyclonic Storm
CYC-2033-NIO-131,Fani,Bay of Bengal,2033-08-03T00:00:00Z,13.83,86.38,122.0,937.6,74.41,20.04,1,Super Cyclonic Storm
CYC-2033-NIO-131,Fani,Bay of Bengal,2033-08-03T06:00:00Z,14.08,86.29,124.6,944.5,67.5,16.05,1,Super Cyclonic Storm
CYC-2033-NIO-131,Fani,Bay of Bengal,2033-08-03T12:00:00Z,14.36,86.46,130.0,928.5,83.51,13.7,1,Super Cyclonic Storm
CYC-2033-NIO-131,Fani,Bay of Bengal,2033-08-03T18:00:00Z,14.6,86.38,119.9,939.4,72.55,19.74,1,Extremely Severe Cyclonic Storm
CYC-2033-NIO-131,Fani,Bay of Bengal,2033-08-04T00:00:00Z,14.89,86.57,113.3,948.8,63.18,17.02,1,Extremely Severe Cyclonic Storm
CYC-2033-NIO-131,Fani,Bay of Bengal,2033-08-04T06:00:00Z,15.17,86.6,108.7,948.3,63.74,10.33,1,Extremely Severe Cyclonic Storm
CYC-2033-NIO-131,Fani,Bay of Bengal,2033-08-04T12:00:00Z,15.37,86.66,99.6,950.8,61.24,9.83,1,Extremely Severe Cyclonic Storm
CYC-2033-NIO-131,Fani,Bay of Bengal,2033-08-04T18:00:00Z,15.56,86.81,92.5,951.1,60.89,23.05,1,Extremely Severe Cyclonic Storm
CYC-2033-NIO-131,Fani,Bay of Bengal,2033-08-05T00:00:00Z,15.84,86.86,87.1,954.8,57.18,10.02,1,Very Severe Cyclonic Storm
CYC-2033-NIO-131,Fani,Bay of Bengal,2033-08-05T06:00:00Z,16.26,86.79,80.9,955.4,56.59,17.06,1,Very Severe Cyclonic Storm
CYC-2033-NIO-131,Fani,Bay of Bengal,2033-08-05T12:00:00Z,16.54,86.82,77.6,964.5,47.45,23.17,1,Very Severe Cyclonic Storm
CYC-2033-NIO-131,Fani,Bay of Bengal,2033-08-05T18:00:00Z,16.79,86.82,68.7,966.5,45.49,21.55,1,Very Severe Cyclonic Storm
CYC-2033-NIO-131,Fani,Bay of Bengal,2033-08-06T00:00:00Z,17.17,86.7,62.8,980.4,31.59,9.06,1,Severe Cyclonic Storm
CYC-2033-NIO-131,Fani,Bay of Bengal,2033-08-06T06:00:00Z,17.51,86.7,53.3,977.1,34.92,15.77,1,Severe Cyclonic Storm
CYC-2033-NIO-131,Fani,Bay of Bengal,2033-08-06T12:00:00Z,17.77,86.77,45.0,979.5,32.49,9.81,0,Cyclonic Storm
CYC-2033-NIO-131,Fani,Bay of Bengal,2033-08-06T18:00:00Z,18.19,86.69,34.4,986.2,25.82,11.92,0,Cyclonic Storm
CYC-2033-NIO-132,Hudhud,Arabian Sea,2033-09-10T00:00:00Z,8.82,66.9,34.9,999.9,12.07,22.83,0,Cyclonic Storm
CYC-2033-NIO-132,Hudhud,Arabian Sea,2033-09-10T06:00:00Z,9.36,67.04,37.9,979.6,32.44,21.53,0,Cyclonic Storm
CYC-2033-NIO-132,Hudhud,Arabian Sea,2033-09-10T12:00:00Z,9.92,67.08,44.3,983.4,28.62,10.65,0,Cyclonic Storm
CYC-2033-NIO-132,Hudhud,Arabian Sea,2033-09-10T18:00:00Z,10.28,66.91,46.7,986.6,25.35,18.83,0,Cyclonic Storm
CYC-2033-NIO-132,Hudhud,Arabian Sea,2033-09-11T00:00:00Z,10.79,66.82,54.0,984.1,27.85,18.0,1,Severe Cyclonic Storm
CYC-2033-NIO-132,Hudhud,Arabian Sea,2033-09-11T06:00:00Z,11.15,66.77,54.2,982.9,29.14,15.08,1,Severe Cyclonic Storm
CYC-2033-NIO-132,Hudhud,Arabian Sea,2033-09-11T12:00:00Z,11.5,66.68,57.8,976.6,35.39,23.67,1,Severe Cyclonic Storm
CYC-2033-NIO-132,Hudhud,Arabian Sea,2033-09-11T18:00:00Z,11.91,66.55,62.3,978.5,33.46,10.17,1,Severe Cyclonic Storm
CYC-2033-NIO-132,Hudhud,Arabian Sea,2033-09-12T00:00:00Z,12.28,66.44,69.7,969.1,42.89,17.38,1,Very Severe Cyclonic Storm
CYC-2033-NIO-132,Hudhud,Arabian Sea,2033-09-12T06:00:00Z,12.62,66.39,76.3,964.5,47.49,9.41,1,Very Severe Cyclonic Storm
CYC-2033-NIO-132,Hudhud,Arabian Sea,2033-09-12T12:00:00Z,13.05,66.39,79.9,967.7,44.33,13.42,1,Very Severe Cyclonic Storm
CYC-2033-NIO-132,Hudhud,Arabian Sea,2033-09-12T18:00:00Z,13.55,66.36,87.7,962.1,49.95,23.37,1,Very Severe Cyclonic Storm
CYC-2033-NIO-132,Hudhud,Arabian Sea,2033-09-13T00:00:00Z,13.96,66.27,89.2,961.5,50.48,14.93,1,Very Severe Cyclonic Storm
CYC-2033-NIO-132,Hudhud,Arabian Sea,2033-09-13T06:00:00Z,14.34,66.18,88.5,956.9,55.15,19.4,1,Very Severe Cyclonic Storm
CYC-2033-NIO-132,Hudhud,Arabian Sea,2033-09-13T12:00:00Z,14.7,66.13,91.8,953.8,58.21,10.86,1,Extremely Severe Cyclonic Storm
CYC-2033-NIO-132,Hudhud,Arabian Sea,2033-09-13T18:00:00Z,15.23,66.17,89.3,955.2,56.8,22.58,1,Very Severe Cyclonic Storm
CYC-2033-NIO-132,Hudhud,Arabian Sea,2033-09-14T00:00:00Z,15.67,66.13,80.0,961.0,51.05,10.12,1,Very Severe Cyclonic Storm
CYC-2033-NIO-132,Hudhud,Arabian Sea,2033-09-14T06:00:00Z,16.16,66.08,77.4,965.5,46.53,17.31,1,Very Severe Cyclonic Storm
CYC-2033-NIO-132,Hudhud,Arabian Sea,2033-09-14T12:00:00Z,16.49,65.96,66.0,969.0,43.02,9.13,1,Very Severe Cyclonic Storm
CYC-2033-NIO-132,Hudhud,Arabian Sea,2033-09-14T18:00:00Z,16.99,65.98,59.1,975.2,36.79,20.42,1,Severe Cyclonic Storm
CYC-2033-NIO-132,Hudhud,Arabian Sea,2033-09-15T00:00:00Z,17.36,66.11,52.1,978.4,33.57,14.55,1,Severe Cyclonic Storm
CYC-2033-NIO-132,Hudhud,Arabian Sea,2033-09-15T06:00:00Z,17.76,66.14,47.0,985.0,26.97,10.13,0,Cyclonic Storm
CYC-2033-NIO-132,Hudhud,Arabian Sea,2033-09-15T12:00:00Z,18.31,66.06,37.0,997.4,14.57,18.89,0,Cyclonic Storm
CYC-2033-NIO-132,Hudhud,Arabian Sea,2033-09-15T18:00:00Z,18.66,65.86,27.3,991.6,20.39,10.59,0,Depression
CYC-2033-NIO-132,Hudhud,Arabian Sea,2033-09-16T00:00:00Z,19.1,65.76,20.2,1002.3,9.75,20.53,0,Depression
CYC-2033-NIO-133,Vardah,Bay of Bengal,2033-10-28T06:00:00Z,8.13,89.52,35.1,989.6,22.43,16.25,0,Cyclonic Storm
CYC-2033-NIO-133,Vardah,Bay of Bengal,2033-10-28T12:00:00Z,8.64,89.69,41.9,986.4,25.57,9.37,0,Cyclonic Storm
CYC-2033-NIO-133,Vardah,Bay of Bengal,2033-10-28T18:00:00Z,9.03,89.75,45.8,984.5,27.5,23.53,0,Cyclonic Storm
CYC-2033-NIO-133,Vardah,Bay of Bengal,2033-10-29T00:00:00Z,9.41,89.97,51.7,977.6,34.35,8.26,1,Severe Cyclonic Storm
CYC-2033-NIO-133,Vardah,Bay of Bengal,2033-10-29T06:00:00Z,9.85,90.11,51.9,986.5,25.53,16.01,1,Severe Cyclonic Storm
CYC-2033-NIO-133,Vardah,Bay of Bengal,2033-10-29T12:00:00Z,10.3,90.32,52.8,979.3,32.7,12.7,1,Severe Cyclonic Storm
CYC-2033-NIO-133,Vardah,Bay of Bengal,2033-10-29T18:00:00Z,10.71,90.51,55.3,965.3,46.71,22.15,1,Severe Cyclonic Storm
CYC-2033-NIO-133,Vardah,Bay of Bengal,2033-10-30T00:00:00Z,11.26,90.73,57.4,977.3,34.75,22.9,1,Severe Cyclonic Storm
CYC-2033-NIO-133,Vardah,Bay of Bengal,2033-10-30T06:00:00Z,11.75,90.93,58.1,978.2,33.76,14.26,1,Severe Cyclonic Storm
CYC-2033-NIO-133,Vardah,Bay of Bengal,2033-10-30T12:00:00Z,12.17,91.1,58.5,971.5,40.47,8.83,1,Severe Cyclonic Storm
CYC-2033-NIO-133,Vardah,Bay of Bengal,2033-10-30T18:00:00Z,12.57,91.24,63.2,980.1,31.9,18.32,1,Severe Cyclonic Storm
CYC-2033-NIO-133,Vardah,Bay of Bengal,2033-10-31T00:00:00Z,12.89,91.35,67.7,973.8,38.2,10.22,1,Very Severe Cyclonic Storm
CYC-2033-NIO-133,Vardah,Bay of Bengal,2033-10-31T06:00:00Z,13.18,91.5,71.5,966.1,45.9,16.61,1,Very Severe Cyclonic Storm
CYC-2033-NIO-133,Vardah,Bay of Bengal,2033-10-31T12:00:00Z,13.55,91.57,74.1,971.7,40.34,17.98,1,Very Severe Cyclonic Storm
CYC-2033-NIO-133,Vardah,Bay of Bengal,2033-10-31T18:00:00Z,13.91,91.71,80.1,957.4,54.64,12.59,1,Very Severe Cyclonic Storm
CYC-2033-NIO-133,Vardah,Bay of Bengal,2033-11-01T00:00:00Z,14.32,91.88,81.1,962.1,49.91,14.48,1,Very Severe Cyclonic Storm
CYC-2033-NIO-133,Vardah,Bay of Bengal,2033-11-01T06:00:00Z,14.7,91.84,81.4,964.5,47.48,16.37,1,Very Severe Cyclonic Storm
CYC-2033-NIO-133,Vardah,Bay of Bengal,2033-11-01T12:00:00Z,14.96,92.0,76.9,970.9,41.11,13.32,1,Very Severe Cyclonic Storm
CYC-2033-NIO-133,Vardah,Bay of Bengal,2033-11-01T18:00:00Z,15.26,92.09,70.7,970.8,41.24,13.27,1,Very Severe Cyclonic Storm
CYC-2033-NIO-133,Vardah,Bay of Bengal,2033-11-02T00:00:00Z,15.75,92.24,67.4,977.6,34.43,16.5,1,Very Severe Cyclonic Storm
CYC-2033-NIO-133,Vardah,Bay of Bengal,2033-11-02T06:00:00Z,16.18,92.46,64.4,967.0,45.03,16.26,1,Very Severe Cyclonic Storm
CYC-2033-NIO-133,Vardah,Bay of Bengal,2033-11-02T12:00:00Z,16.62,92.59,60.9,971.8,40.2,20.87,1,Severe Cyclonic Storm
CYC-2033-NIO-133,Vardah,Bay of Bengal,2033-11-02T18:00:00Z,17.14,92.73,56.1,977.9,34.12,11.35,1,Severe Cyclonic Storm
CYC-2033-NIO-133,Vardah,Bay of Bengal,2033-11-03T00:00:00Z,17.49,92.95,52.1,982.2,29.83,23.22,1,Severe Cyclonic Storm
CYC-2033-NIO-133,Vardah,Bay of Bengal,2033-11-03T06:00:00Z,17.65,93.15,53.0,977.8,34.21,16.54,1,Severe Cyclonic Storm
CYC-2033-NIO-133,Vardah,Bay of Bengal,2033-11-03T12:00:00Z,18.03,93.31,51.0,978.6,33.38,21.88,1,Severe Cyclonic Storm
CYC-2033-NIO-133,Vardah,Bay of Bengal,2033-11-03T18:00:00Z,18.56,93.5,46.7,985.6,26.44,23.72,0,Cyclonic Storm
CYC-2033-NIO-134,Gaja,Bay of Bengal,2033-12-01T00:00:00Z,9.62,91.16,33.3,986.5,25.46,8.67,0,Deep Depression
CYC-2033-NIO-134,Gaja,Bay of Bengal,2033-12-01T06:00:00Z,10.01,91.13,38.0,992.8,19.19,15.16,0,Cyclonic Storm
CYC-2033-NIO-134,Gaja,Bay of Bengal,2033-12-01T12:00:00Z,10.4,91.15,40.4,998.4,13.58,18.39,0,Cyclonic Storm
CYC-2033-NIO-134,Gaja,Bay of Bengal,2033-12-01T18:00:00Z,10.84,91.18,46.3,984.1,27.93,10.92,0,Cyclonic Storm
CYC-2033-NIO-134,Gaja,Bay of Bengal,2033-12-02T00:00:00Z,11.29,91.23,52.1,976.8,35.21,12.76,1,Severe Cyclonic Storm
CYC-2033-NIO-134,Gaja,Bay of Bengal,2033-12-02T06:00:00Z,11.74,91.34,58.0,971.5,40.54,20.72,1,Severe Cyclonic Storm
CYC-2033-NIO-134,Gaja,Bay of Bengal,2033-12-02T12:00:00Z,12.21,91.36,62.8,975.2,36.81,22.44,1,Severe Cyclonic Storm
CYC-2033-NIO-134,Gaja,Bay of Bengal,2033-12-02T18:00:00Z,12.62,91.36,65.8,973.8,38.17,18.88,1,Very Severe Cyclonic Storm
CYC-2033-NIO-134,Gaja,Bay of Bengal,2033-12-03T00:00:00Z,13.01,91.41,71.8,971.4,40.61,16.74,1,Very Severe Cyclonic Storm
CYC-2033-NIO-134,Gaja,Bay of Bengal,2033-12-03T06:00:00Z,13.4,91.43,79.0,967.0,45.04,10.01,1,Very Severe Cyclonic Storm
CYC-2033-NIO-134,Gaja,Bay of Bengal,2033-12-03T12:00:00Z,13.59,91.37,86.8,957.5,54.46,9.59,1,Very Severe Cyclonic Storm
CYC-2033-NIO-134,Gaja,Bay of Bengal,2033-12-03T18:00:00Z,13.94,91.35,93.0,958.6,53.44,9.35,1,Extremely Severe Cyclonic Storm
CYC-2033-NIO-134,Gaja,Bay of Bengal,2033-12-04T00:00:00Z,14.48,91.49,97.8,951.4,60.62,21.07,1,Extremely Severe Cyclonic Storm
CYC-2033-NIO-134,Gaja,Bay of Bengal,2033-12-04T06:00:00Z,15.01,91.53,101.8,954.6,57.39,21.53,1,Extremely Severe Cyclonic Storm
CYC-2033-NIO-134,Gaja,Bay of Bengal,2033-12-04T12:00:00Z,15.35,91.66,90.9,953.0,58.96,21.6,1,Extremely Severe Cyclonic Storm
CYC-2033-NIO-134,Gaja,Bay of Bengal,2033-12-04T18:00:00Z,15.72,91.61,77.7,967.3,44.74,11.25,1,Very Severe Cyclonic Storm
CYC-2033-NIO-134,Gaja,Bay of Bengal,2033-12-05T00:00:00Z,16.21,91.71,67.8,972.3,39.7,22.52,1,Very Severe Cyclonic Storm
CYC-2033-NIO-134,Gaja,Bay of Bengal,2033-12-05T06:00:00Z,16.61,91.9,62.5,977.4,34.6,23.97,1,Severe Cyclonic Storm
CYC-2033-NIO-134,Gaja,Bay of Bengal,2033-12-05T12:00:00Z,17.13,91.93,52.7,979.9,32.13,13.37,1,Severe Cyclonic Storm
CYC-2033-NIO-134,Gaja,Bay of Bengal,2033-12-05T18:00:00Z,17.71,92.07,45.0,981.2,30.79,22.19,0,Cyclonic Storm
CYC-2033-NIO-134,Gaja,Bay of Bengal,2033-12-06T00:00:00Z,18.24,92.06,39.8,990.9,21.08,12.52,0,Cyclonic Storm
CYC-2033-NIO-134,Gaja,Bay of Bengal,2033-12-06T06:00:00Z,18.62,92.09,31.3,994.7,17.3,13.84,0,Deep Depression
CYC-2033-NIO-134,Gaja,Bay of Bengal,2033-12-06T12:00:00Z,19.18,92.05,27.0,994.2,17.85,14.88,0,Depression
CYC-2033-NIO-135,Titli,Arabian Sea,2033-12-30T18:00:00Z,13.34,67.0,27.3,992.4,19.57,21.03,0,Depression
CYC-2033-NIO-135,Titli,Arabian Sea,2033-12-31T00:00:00Z,13.68,66.68,33.2,992.1,19.86,10.36,0,Deep Depression
CYC-2033-NIO-135,Titli,Arabian Sea,2033-12-31T06:00:00Z,14.18,66.42,37.8,994.0,18.04,14.94,0,Cyclonic Storm
CYC-2033-NIO-135,Titli,Arabian Sea,2033-12-31T12:00:00Z,14.57,66.08,41.2,985.8,26.2,17.83,0,Cyclonic Storm
CYC-2033-NIO-135,Titli,Arabian Sea,2033-12-31T18:00:00Z,15.01,65.86,41.6,988.3,23.73,23.08,0,Cyclonic Storm
CYC-2033-NIO-135,Titli,Arabian Sea,2034-01-01T00:00:00Z,15.29,65.63,46.1,983.4,28.58,22.2,0,Cyclonic Storm
CYC-2033-NIO-135,Titli,Arabian Sea,2034-01-01T06:00:00Z,15.61,65.33,51.8,988.2,23.84,18.14,1,Severe Cyclonic Storm
CYC-2033-NIO-135,Titli,Arabian Sea,2034-01-01T12:00:00Z,15.94,64.98,57.4,979.5,32.48,20.04,1,Severe Cyclonic Storm
CYC-2033-NIO-135,Titli,Arabian Sea,2034-01-01T18:00:00Z,16.34,64.77,59.0,980.3,31.67,23.89,1,Severe Cyclonic Storm
CYC-2033-NIO-135,Titli,Arabian Sea,2034-01-02T00:00:00Z,16.65,64.43,63.1,983.3,28.7,23.53,1,Severe Cyclonic Storm
CYC-2033-NIO-135,Titli,Arabian Sea,2034-01-02T06:00:00Z,17.04,64.14,64.2,968.5,43.5,21.68,1,Very Severe Cyclonic Storm
CYC-2033-NIO-135,Titli,Arabian Sea,2034-01-02T12:00:00Z,17.46,63.85,70.1,966.2,45.84,15.73,1,Very Severe Cyclonic Storm
CYC-2033-NIO-135,Titli,Arabian Sea,2034-01-02T18:00:00Z,17.82,63.75,74.2,966.6,45.36,12.7,1,Very Severe Cyclonic Storm
CYC-2033-NIO-135,Titli,Arabian Sea,2034-01-03T00:00:00Z,18.11,63.43,77.0,968.0,43.98,12.14,1,Very Severe Cyclonic Storm
CYC-2033-NIO-135,Titli,Arabian Sea,2034-01-03T06:00:00Z,18.5,63.1,71.7,974.1,37.86,18.71,1,Very Severe Cyclonic Storm
CYC-2033-NIO-135,Titli,Arabian Sea,2034-01-03T12:00:00Z,19.01,62.8,66.9,969.8,42.18,10.42,1,Very Severe Cyclonic Storm
CYC-2033-NIO-135,Titli,Arabian Sea,2034-01-03T18:00:00Z,19.32,62.58,67.7,965.6,46.38,20.36,1,Very Severe Cyclonic Storm
CYC-2033-NIO-135,Titli,Arabian Sea,2034-01-04T00:00:00Z,19.8,62.28,61.2,975.6,36.43,9.2,1,Severe Cyclonic Storm
CYC-2033-NIO-135,Titli,Arabian Sea,2034-01-04T06:00:00Z,20.06,62.13,57.9,973.5,38.52,18.03,1,Severe Cyclonic Storm
CYC-2033-NIO-135,Titli,Arabian Sea,2034-01-04T12:00:00Z,20.36,61.86,53.5,981.7,30.26,19.41,1,Severe Cyclonic Storm
CYC-2033-NIO-135,Titli,Arabian Sea,2034-01-04T18:00:00Z,20.59,61.58,47.8,984.8,27.22,14.34,0,Cyclonic Storm
CYC-2033-NIO-135,Titli,Arabian Sea,2034-01-05T00:00:00Z,20.83,61.33,45.7,989.0,23.0,21.51,0,Cyclonic Storm
CYC-2033-NIO-135,Titli,Arabian Sea,2034-01-05T06:00:00Z,21.12,60.99,44.5,985.5,26.54,20.21,0,Cyclonic Storm
CYC-2034-NIO-136,Nivar,Bay of Bengal,2034-02-20T12:00:00Z,11.94,92.0,37.0,995.7,16.31,21.92,0,Cyclonic Storm
CYC-2034-NIO-136,Nivar,Bay of Bengal,2034-02-20T18:00:00Z,12.36,92.43,42.7,985.5,26.46,23.61,0,Cyclonic Storm
CYC-2034-NIO-136,Nivar,Bay of Bengal,2034-02-21T00:00:00Z,12.86,92.84,50.8,987.3,24.74,8.19,1,Severe Cyclonic Storm
CYC-2034-NIO-136,Nivar,Bay of Bengal,2034-02-21T06:00:00Z,13.51,93.17,55.7,979.6,32.41,23.6,1,Severe Cyclonic Storm
CYC-2034-NIO-136,Nivar,Bay of Bengal,2034-02-21T12:00:00Z,14.13,93.35,59.2,979.1,32.95,21.39,1,Severe Cyclonic Storm
CYC-2034-NIO-136,Nivar,Bay of Bengal,2034-02-21T18:00:00Z,14.7,93.7,65.8,969.6,42.36,10.32,1,Very Severe Cyclonic Storm
CYC-2034-NIO-136,Nivar,Bay of Bengal,2034-02-22T00:00:00Z,15.32,94.04,69.6,972.1,39.89,19.82,1,Very Severe Cyclonic Storm
CYC-2034-NIO-136,Nivar,Bay of Bengal,2034-02-22T06:00:00Z,15.9,94.11,75.8,970.3,41.73,18.02,1,Very Severe Cyclonic Storm
CYC-2034-NIO-136,Nivar,Bay of Bengal,2034-02-22T12:00:00Z,16.46,94.44,86.3,966.1,45.91,11.85,1,Very Severe Cyclonic Storm
CYC-2034-NIO-136,Nivar,Bay of Bengal,2034-02-22T18:00:00Z,17.09,94.79,91.5,953.7,58.3,17.88,1,Extremely Severe Cyclonic Storm
CYC-2034-NIO-136,Nivar,Bay of Bengal,2034-02-23T00:00:00Z,17.71,95.14,97.2,953.0,58.96,15.78,1,Extremely Severe Cyclonic Storm
CYC-2034-NIO-136,Nivar,Bay of Bengal,2034-02-23T06:00:00Z,18.21,95.3,102.0,948.6,63.43,14.19,1,Extremely Severe Cyclonic Storm
CYC-2034-NIO-136,Nivar,Bay of Bengal,2034-02-23T12:00:00Z,18.67,95.48,110.9,945.2,66.8,14.43,1,Extremely Severe Cyclonic Storm
CYC-2034-NIO-136,Nivar,Bay of Bengal,2034-02-23T18:00:00Z,19.22,95.78,117.3,936.0,75.95,15.2,1,Extremely Severe Cyclonic Storm
CYC-2034-NIO-136,Nivar,Bay of Bengal,2034-02-24T00:00:00Z,19.77,96.06,119.6,940.1,71.86,18.09,1,Extremely Severe Cyclonic Storm
CYC-2034-NIO-136,Nivar,Bay of Bengal,2034-02-24T06:00:00Z,20.43,96.32,111.5,942.6,69.41,14.77,1,Extremely Severe Cyclonic Storm
CYC-2034-NIO-136,Nivar,Bay of Bengal,2034-02-24T12:00:00Z,20.88,96.63,98.9,945.4,66.57,14.13,1,Extremely Severe Cyclonic Storm
CYC-2034-NIO-136,Nivar,Bay of Bengal,2034-02-24T18:00:00Z,21.44,96.82,87.4,958.0,54.03,20.41,1,Very Severe Cyclonic Storm
CYC-2034-NIO-136,Nivar,Bay of Bengal,2034-02-25T00:00:00Z,21.97,97.07,80.5,956.6,55.4,22.91,1,Very Severe Cyclonic Storm
CYC-2034-NIO-136,Nivar,Bay of Bengal,2034-02-25T06:00:00Z,22.59,97.32,68.6,970.9,41.09,19.23,1,Very Severe Cyclonic Storm
CYC-2034-NIO-136,Nivar,Bay of Bengal,2034-02-25T12:00:00Z,23.17,97.75,60.4,978.5,33.53,22.52,1,Severe Cyclonic Storm
CYC-2034-NIO-136,Nivar,Bay of Bengal,2034-02-25T18:00:00Z,23.66,98.19,52.9,983.9,28.11,23.58,1,Severe Cyclonic Storm
CYC-2034-NIO-136,Nivar,Bay of Bengal,2034-02-26T00:00:00Z,24.27,98.58,43.0,981.8,30.19,8.91,0,Cyclonic Storm
CYC-2034-NIO-136,Nivar,Bay of Bengal,2034-02-26T06:00:00Z,24.73,98.92,34.2,987.7,24.35,15.46,0,Cyclonic Storm
CYC-2034-NIO-136,Nivar,Bay of Bengal,2034-02-26T12:00:00Z,25.41,99.16,29.0,995.3,16.71,13.99,0,Deep Depression
CYC-2034-NIO-137,Tauktae,Bay of Bengal,2034-04-15T18:00:00Z,8.44,91.68,29.8,997.4,14.61,23.26,0,Deep Depression
CYC-2034-NIO-137,Tauktae,Bay of Bengal,2034-04-16T00:00:00Z,8.79,91.85,34.3,988.3,23.74,15.0,0,Cyclonic Storm
CYC-2034-NIO-137,Tauktae,Bay of Bengal,2034-04-16T06:00:00Z,9.25,92.01,39.4,991.8,20.22,11.24,0,Cyclonic Storm
CYC-2034-NIO-137,Tauktae,Bay of Bengal,2034-04-16T12:00:00Z,9.62,92.06,42.6,991.0,21.05,8.18,0,Cyclonic Storm
CYC-2034-NIO-137,Tauktae,Bay of Bengal,2034-04-16T18:00:00Z,10.06,92.07,45.5,982.8,29.19,10.61,0,Cyclonic Storm
CYC-2034-NIO-137,Tauktae,Bay of Bengal,2034-04-17T00:00:00Z,10.5,92.17,48.7,981.9,30.08,13.76,1,Severe Cyclonic Storm
CYC-2034-NIO-137,Tauktae,Bay of Bengal,2034-04-17T06:00:00Z,10.95,92.21,53.8,979.0,33.02,22.03,1,Severe Cyclonic Storm
CYC-2034-NIO-137,Tauktae,Bay of Bengal,2034-04-17T12:00:00Z,11.51,92.33,58.2,975.1,36.87,23.57,1,Severe Cyclonic Storm
CYC-2034-NIO-137,Tauktae,Bay of Bengal,2034-04-17T18:00:00Z,11.94,92.77,63.0,969.6,42.39,17.45,1,Severe Cyclonic Storm
CYC-2034-NIO-137,Tauktae,Bay of Bengal,2034-04-18T00:00:00Z,12.36,92.96,71.3,973.7,38.27,11.32,1,Very Severe Cyclonic Storm
CYC-2034-NIO-137,Tauktae,Bay of Bengal,2034-04-18T06:00:00Z,12.74,93.08,76.8,972.1,39.88,21.53,1,Very Severe Cyclonic Storm
CYC-2034-NIO-137,Tauktae,Bay of Bengal,2034-04-18T12:00:00Z,13.22,93.24,79.4,970.2,41.78,9.52,1,Very Severe Cyclonic Storm
CYC-2034-NIO-137,Tauktae,Bay of Bengal,2034-04-18T18:00:00Z,13.57,93.33,84.3,959.3,52.68,12.41,1,Very Severe Cyclonic Storm
CYC-2034-NIO-137,Tauktae,Bay of Bengal,2034-04-19T00:00:00Z,13.94,93.37,84.2,955.6,56.43,16.06,1,Very Severe Cyclonic Storm
CYC-2034-NIO-137,Tauktae,Bay of Bengal,2034-04-19T06:00:00Z,14.41,93.6,78.9,965.0,47.04,20.79,1,Very Severe Cyclonic Storm
CYC-2034-NIO-137,Tauktae,Bay of Bengal,2034-04-19T12:00:00Z,14.93,93.79,69.8,972.6,39.4,11.71,1,Very Severe Cyclonic Storm
CYC-2034-NIO-137,Tauktae,Bay of Bengal,2034-04-19T18:00:00Z,15.41,93.93,66.4,970.6,41.36,13.04,1,Very Severe Cyclonic Storm
CYC-2034-NIO-137,Tauktae,Bay of Bengal,2034-04-20T00:00:00Z,15.87,94.1,60.1,983.5,28.49,23.5,1,Severe Cyclonic Storm
CYC-2034-NIO-137,Tauktae,Bay of Bengal,2034-04-20T06:00:00Z,16.31,94.36,55.0,982.3,29.66,11.69,1,Severe Cyclonic Storm
CYC-2034-NIO-137,Tauktae,Bay of Bengal,2034-04-20T12:00:00Z,16.81,94.45,44.0,985.6,26.36,18.98,0,Cyclonic Storm
CYC-2034-NIO-137,Tauktae,Bay of Bengal,2034-04-20T18:00:00Z,17.13,94.65,36.4,998.5,13.48,17.37,0,Cyclonic Storm
CYC-2034-NIO-137,Tauktae,Bay of Bengal,2034-04-21T00:00:00Z,17.65,94.73,30.3,998.7,13.32,11.09,0,Deep Depression
CYC-2034-NIO-137,Tauktae,Bay of Bengal,2034-04-21T06:00:00Z,18.12,94.92,26.4,992.9,19.06,10.38,0,Depression
CYC-2034-NIO-138,Yaas,Arabian Sea,2034-05-23T12:00:00Z,13.25,68.46,31.8,990.3,21.73,14.67,0,Deep Depression
CYC-2034-NIO-138,Yaas,Arabian Sea,2034-05-23T18:00:00Z,13.62,68.39,37.3,993.0,18.96,18.35,0,Cyclonic Storm
CYC-2034-NIO-138,Yaas,Arabian Sea,2034-05-24T00:00:00Z,13.96,68.22,43.7,991.5,20.49,21.78,0,Cyclonic Storm
CYC-2034-NIO-138,Yaas,Arabian Sea,2034-05-24T06:00:00Z,14.28,68.17,48.8,982.8,29.16,15.6,1,Severe Cyclonic Storm
CYC-2034-NIO-138,Yaas,Arabian Sea,2034-05-24T12:00:00Z,14.67,67.98,56.2,978.5,33.52,8.36,1,Severe Cyclonic Storm
CYC-2034-NIO-138,Yaas,Arabian Sea,2034-05-24T18:00:00Z,14.95,67.93,63.9,972.9,39.08,23.68,1,Severe Cyclonic Storm
CYC-2034-NIO-138,Yaas,Arabian Sea,2034-05-25T00:00:00Z,15.37,67.81,70.6,970.0,42.04,22.28,1,Very Severe Cyclonic Storm
CYC-2034-NIO-138,Yaas,Arabian Sea,2034-05-25T06:00:00Z,15.74,67.62,77.0,959.7,52.32,20.84,1,Very Severe Cyclonic Storm
CYC-2034-NIO-138,Yaas,Arabian Sea,2034-05-25T12:00:00Z,16.21,67.57,80.7,962.2,49.76,11.37,1,Very Severe Cyclonic Storm
CYC-2034-NIO-138,Yaas,Arabian Sea,2034-05-25T18:00:00Z,16.55,67.48,85.5,955.0,57.05,9.15,1,Very Severe Cyclonic Storm
CYC-2034-NIO-138,Yaas,Arabian Sea,2034-05-26T00:00:00Z,16.91,67.32,91.6,961.0,51.0,21.6,1,Extremely Severe Cyclonic Storm
CYC-2034-NIO-138,Yaas,Arabian Sea,2034-05-26T06:00:00Z,17.33,67.27,97.6,956.6,55.42,19.4,1,Extremely Severe Cyclonic Storm
CYC-2034-NIO-138,Yaas,Arabian Sea,2034-05-26T12:00:00Z,17.8,67.13,90.4,959.3,52.72,17.22,1,Extremely Severe Cyclonic Storm
CYC-2034-NIO-138,Yaas,Arabian Sea,2034-05-26T18:00:00Z,18.21,67.02,81.9,953.7,58.32,11.72,1,Very Severe Cyclonic Storm
CYC-2034-NIO-138,Yaas,Arabian Sea,2034-05-27T00:00:00Z,18.67,66.7,75.2,963.8,48.21,10.0,1,Very Severe Cyclonic Storm
CYC-2034-NIO-138,Yaas,Arabian Sea,2034-05-27T06:00:00Z,19.0,66.69,66.9,965.7,46.25,9.09,1,Very Severe Cyclonic Storm
CYC-2034-NIO-138,Yaas,Arabian Sea,2034-05-27T12:00:00Z,19.38,66.59,58.8,980.8,31.2,21.6,1,Severe Cyclonic Storm
CYC-2034-NIO-138,Yaas,Arabian Sea,2034-05-27T18:00:00Z,19.73,66.42,51.6,983.0,29.0,19.94,1,Severe Cyclonic Storm
CYC-2034-NIO-138,Yaas,Arabian Sea,2034-05-28T00:00:00Z,20.23,66.23,46.8,978.3,33.73,23.7,0,Cyclonic Storm
CYC-2034-NIO-138,Yaas,Arabian Sea,2034-05-28T06:00:00Z,20.52,66.13,33.8,994.5,17.49,22.99,0,Deep Depression
CYC-2034-NIO-138,Yaas,Arabian Sea,2034-05-28T12:00:00Z,20.89,66.05,24.2,997.9,14.12,19.77,0,Depression
CYC-2034-NIO-139,Gulab,Bay of Bengal,2034-07-07T18:00:00Z,10.78,85.86,27.9,993.7,18.3,21.23,0,Depression
CYC-2034-NIO-139,Gulab,Bay of Bengal,2034-07-08T00:00:00Z,11.25,86.18,34.4,996.4,15.64,13.85,0,Cyclonic Storm
CYC-2034-NIO-139,Gulab,Bay of Bengal,2034-07-08T06:00:00Z,11.65,86.44,37.8,999.3,12.74,11.18,0,Cyclonic Storm
CYC-2034-NIO-139,Gulab,Bay of Bengal,2034-07-08T12:00:00Z,12.09,86.71,42.5,983.6,28.44,21.61,0,Cyclonic Storm
CYC-2034-NIO-139,Gulab,Bay of Bengal,2034-07-08T18:00:00Z,12.43,87.03,45.7,984.8,27.19,15.43,0,Cyclonic Storm
CYC-2034-NIO-139,Gulab,Bay of Bengal,2034-07-09T00:00:00Z,12.91,87.44,52.3,980.5,31.51,9.93,1,Severe Cyclonic Storm
CYC-2034-NIO-139,Gulab,Bay of Bengal,2034-07-09T06:00:00Z,13.4,87.83,60.5,977.7,34.34,16.97,1,Severe Cyclonic Storm
CYC-2034-NIO-139,Gulab,Bay of Bengal,2034-07-09T12:00:00Z,13.91,88.02,64.0,967.1,44.88,12.49,1,Very Severe Cyclonic Storm
CYC-2034-NIO-139,Gulab,Bay of Bengal,2034-07-09T18:00:00Z,14.3,88.3,67.6,975.6,36.44,19.97,1,Very Severe Cyclonic Storm
CYC-2034-NIO-139,Gulab,Bay of Bengal,2034-07-10T00:00:00Z,14.71,88.55,74.8,973.4,38.58,11.41,1,Very Severe Cyclonic Storm
CYC-2034-NIO-139,Gulab,Bay of Bengal,2034-07-10T06:00:00Z,15.23,88.88,78.2,965.7,46.3,23.68,1,Very Severe Cyclonic Storm
CYC-2034-NIO-139,Gulab,Bay of Bengal,2034-07-10T12:00:00Z,15.61,89.42,86.2,953.3,58.7,9.45,1,Very Severe Cyclonic Storm
CYC-2034-NIO-139,Gulab,Bay of Bengal,2034-07-10T18:00:00Z,16.05,89.81,91.0,952.2,59.8,10.13,1,Extremely Severe Cyclonic Storm
CYC-2034-NIO-139,Gulab,Bay of Bengal,2034-07-11T00:00:00Z,16.48,90.16,97.3,960.8,51.17,10.94,1,Extremely Severe Cyclonic Storm
CYC-2034-NIO-139,Gulab,Bay of Bengal,2034-07-11T06:00:00Z,16.86,90.51,103.8,958.3,53.73,18.48,1,Extremely Severe Cyclonic Storm
CYC-2034-NIO-139,Gulab,Bay of Bengal,2034-07-11T12:00:00Z,17.32,90.91,97.6,958.5,53.54,21.03,1,Extremely Severe Cyclonic Storm
CYC-2034-NIO-139,Gulab,Bay of Bengal,2034-07-11T18:00:00Z,17.68,91.12,90.0,959.0,53.03,9.4,1,Extremely Severe Cyclonic Storm
CYC-2034-NIO-139,Gulab,Bay of Bengal,2034-07-12T00:00:00Z,18.13,91.5,86.4,954.7,57.34,8.74,1,Very Severe Cyclonic Storm
CYC-2034-NIO-139,Gulab,Bay of Bengal,2034-07-12T06:00:00Z,18.56,91.82,79.6,968.9,43.14,18.14,1,Very Severe Cyclonic Storm
CYC-2034-NIO-139,Gulab,Bay of Bengal,2034-07-12T12:00:00Z,19.02,92.13,73.1,972.5,39.48,22.6,1,Very Severe Cyclonic Storm
CYC-2034-NIO-139,Gulab,Bay of Bengal,2034-07-12T18:00:00Z,19.49,92.53,68.1,972.3,39.68,12.33,1,Very Severe Cyclonic Storm
CYC-2034-NIO-139,Gulab,Bay of Bengal,2034-07-13T00:00:00Z,19.81,92.92,65.7,972.5,39.45,23.74,1,Very Severe Cyclonic Storm
CYC-2034-NIO-139,Gulab,Bay of Bengal,2034-07-13T06:00:00Z,20.24,93.27,58.8,974.4,37.64,18.35,1,Severe Cyclonic Storm
CYC-2034-NIO-139,Gulab,Bay of Bengal,2034-07-13T12:00:00Z,20.72,93.55,52.6,977.0,35.03,8.16,1,Severe Cyclonic Storm
CYC-2034-NIO-139,Gulab,Bay of Bengal,2034-07-13T18:00:00Z,21.11,93.82,45.1,982.5,29.48,8.94,0,Cyclonic Storm
CYC-2034-NIO-139,Gulab,Bay of Bengal,2034-07-14T00:00:00Z,21.46,94.22,39.7,979.3,32.71,17.67,0,Cyclonic Storm
CYC-2034-NIO-140,Jawad,Bay of Bengal,2034-08-14T06:00:00Z,11.51,84.65,34.9,1000.4,11.57,12.62,0,Cyclonic Storm
CYC-2034-NIO-140,Jawad,Bay of Bengal,2034-08-14T12:00:00Z,11.85,84.94,43.4,987.2,24.81,19.7,0,Cyclonic Storm
CYC-2034-NIO-140,Jawad,Bay of Bengal,2034-08-14T18:00:00Z,12.25,85.31,50.4,979.8,32.2,20.27,1,Severe Cyclonic Storm
CYC-2034-NIO-140,Jawad,Bay of Bengal,2034-08-15T00:00:00Z,12.8,85.55,59.0,975.5,36.54,17.62,1,Severe Cyclonic Storm
CYC-2034-NIO-140,Jawad,Bay of Bengal,2034-08-15T06:00:00Z,13.18,85.89,63.5,970.0,41.95,19.6,1,Severe Cyclonic Storm
CYC-2034-NIO-140,Jawad,Bay of Bengal,2034-08-15T12:00:00Z,13.58,86.17,73.2,961.1,50.91,23.59,1,Very Severe Cyclonic Storm
CYC-2034-NIO-140,Jawad,Bay of Bengal,2034-08-15T18:00:00Z,14.01,86.47,83.9,962.2,49.84,8.14,1,Very Severe Cyclonic Storm
CYC-2034-NIO-140,Jawad,Bay of Bengal,2034-08-16T00:00:00Z,14.43,86.9,96.0,960.8,51.15,23.75,1,Extremely Severe Cyclonic Storm
CYC-2034-NIO-140,Jawad,Bay of Bengal,2034-08-16T06:00:00Z,14.94,87.13,105.5,942.7,69.34,23.61,1,Extremely Severe Cyclonic Storm
CYC-2034-NIO-140,Jawad,Bay of Bengal,2034-08-16T12:00:00Z,15.32,87.51,91.8,957.5,54.52,12.26,1,Extremely Severe Cyclonic Storm
CYC-2034-NIO-140,Jawad,Bay of Bengal,2034-08-16T18:00:00Z,15.81,87.93,72.0,967.6,44.41,14.38,1,Very Severe Cyclonic Storm
CYC-2034-NIO-140,Jawad,Bay of Bengal,2034-08-17T00:00:00Z,16.24,88.18,57.8,977.1,34.93,18.18,1,Severe Cyclonic Storm
CYC-2034-NIO-140,Jawad,Bay of Bengal,2034-08-17T06:00:00Z,16.61,88.55,42.2,986.6,25.36,17.22,0,Cyclonic Storm
CYC-2034-NIO-140,Jawad,Bay of Bengal,2034-08-17T12:00:00Z,17.15,88.72,28.4,992.8,19.16,22.8,0,Deep Depression
CYC-2034-NIO-140,Jawad,Bay of Bengal,2034-08-17T18:00:00Z,17.53,88.92,20.0,1000.4,11.59,20.5,0,Depression
CYC-2034-NIO-141,Mocha,Arabian Sea,2034-09-13T00:00:00Z,10.85,69.53,33.4,999.1,12.89,8.19,0,Deep Depression
CYC-2034-NIO-141,Mocha,Arabian Sea,2034-09-13T06:00:00Z,11.24,69.72,35.5,991.1,20.92,8.35,0,Cyclonic Storm
CYC-2034-NIO-141,Mocha,Arabian Sea,2034-09-13T12:00:00Z,11.65,69.9,41.1,994.0,17.98,17.45,0,Cyclonic Storm
CYC-2034-NIO-141,Mocha,Arabian Sea,2034-09-13T18:00:00Z,12.16,70.12,49.5,978.9,33.12,9.95,1,Severe Cyclonic Storm
CYC-2034-NIO-141,Mocha,Arabian Sea,2034-09-14T00:00:00Z,12.57,70.27,54.4,983.0,29.03,8.51,1,Severe Cyclonic Storm
CYC-2034-NIO-141,Mocha,Arabian Sea,2034-09-14T06:00:00Z,12.95,70.49,62.7,968.3,43.73,14.88,1,Severe Cyclonic Storm
CYC-2034-NIO-141,Mocha,Arabian Sea,2034-09-14T12:00:00Z,13.39,70.67,66.7,970.0,42.04,8.18,1,Very Severe Cyclonic Storm
CYC-2034-NIO-141,Mocha,Arabian Sea,2034-09-14T18:00:00Z,13.69,70.77,71.6,967.5,44.53,17.1,1,Very Severe Cyclonic Storm
CYC-2034-NIO-141,Mocha,Arabian Sea,2034-09-15T00:00:00Z,14.07,70.9,75.3,966.1,45.93,12.74,1,Very Severe Cyclonic Storm
CYC-2034-NIO-141,Mocha,Arabian Sea,2034-09-15T06:00:00Z,14.45,70.93,82.5,965.6,46.38,11.93,1,Very Severe Cyclonic Storm
CYC-2034-NIO-141,Mocha,Arabian Sea,2034-09-15T12:00:00Z,14.71,71.03,85.7,967.2,44.81,14.24,1,Very Severe Cyclonic Storm
CYC-2034-NIO-141,Mocha,Arabian Sea,2034-09-15T18:00:00Z,14.86,71.19,90.2,963.0,49.01,12.73,1,Extremely Severe Cyclonic Storm
CYC-2034-NIO-141,Mocha,Arabian Sea,2034-09-16T00:00:00Z,15.26,71.41,98.6,949.4,62.57,8.94,1,Extremely Severe Cyclonic Storm
CYC-2034-NIO-141,Mocha,Arabian Sea,2034-09-16T06:00:00Z,15.57,71.61,91.4,955.7,56.26,12.85,1,Extremely Severe Cyclonic Storm
CYC-2034-NIO-141,Mocha,Arabian Sea,2034-09-16T12:00:00Z,15.97,71.82,83.4,959.2,52.8,16.23,1,Very Severe Cyclonic Storm
CYC-2034-NIO-141,Mocha,Arabian Sea,2034-09-16T18:00:00Z,16.35,71.95,75.6,976.4,35.65,22.82,1,Very Severe Cyclonic Storm
CYC-2034-NIO-141,Mocha,Arabian Sea,2034-09-17T00:00:00Z,16.73,72.14,71.3,969.3,42.65,15.53,1,Very Severe Cyclonic Storm
CYC-2034-NIO-141,Mocha,Arabian Sea,2034-09-17T06:00:00Z,17.12,72.23,65.1,980.6,31.41,9.56,1,Very Severe Cyclonic Storm
CYC-2034-NIO-141,Mocha,Arabian Sea,2034-09-17T12:00:00Z,17.41,72.42,55.5,981.3,30.72,23.4,1,Severe Cyclonic Storm
CYC-2034-NIO-141,Mocha,Arabian Sea,2034-09-17T18:00:00Z,17.78,72.52,46.7,984.5,27.5,18.04,0,Cyclonic Storm
CYC-2034-NIO-141,Mocha,Arabian Sea,2034-09-18T00:00:00Z,18.12,72.62,36.5,994.2,17.83,21.81,0,Cyclonic Storm
CYC-2034-NIO-141,Mocha,Arabian Sea,2034-09-18T06:00:00Z,18.51,72.88,30.2,994.5,17.51,8.66,0,Deep Depression
CYC-2034-NIO-142,Biparjoy,Bay of Bengal,2034-10-28T12:00:00Z,9.51,91.6,29.9,996.2,15.82,21.09,0,Deep Depression
CYC-2034-NIO-142,Biparjoy,Bay of Bengal,2034-10-28T18:00:00Z,9.89,91.57,39.5,986.6,25.45,22.84,0,Cyclonic Storm
CYC-2034-NIO-142,Biparjoy,Bay of Bengal,2034-10-29T00:00:00Z,10.22,91.69,46.5,982.5,29.52,15.37,0,Cyclonic Storm
CYC-2034-NIO-142,Biparjoy,Bay of Bengal,2034-10-29T06:00:00Z,10.6,91.65,52.4,980.3,31.74,22.44,1,Severe Cyclonic Storm
CYC-2034-NIO-142,Biparjoy,Bay of Bengal,2034-10-29T12:00:00Z,10.82,91.62,59.9,977.4,34.59,8.0,1,Severe Cyclonic Storm
CYC-2034-NIO-142,Biparjoy,Bay of Bengal,2034-10-29T18:00:00Z,11.27,91.67,66.1,966.5,45.55,9.43,1,Very Severe Cyclonic Storm
CYC-2034-NIO-142,Biparjoy,Bay of Bengal,2034-10-30T00:00:00Z,11.68,91.7,71.0,974.2,37.81,19.04,1,Very Severe Cyclonic Storm
CYC-2034-NIO-142,Biparjoy,Bay of Bengal,2034-10-30T06:00:00Z,12.22,91.76,78.7,972.5,39.55,21.71,1,Very Severe Cyclonic Storm
CYC-2034-NIO-142,Biparjoy,Bay of Bengal,2034-10-30T12:00:00Z,12.64,91.77,82.5,963.7,48.31,22.62,1,Very Severe Cyclonic Storm
CYC-2034-NIO-142,Biparjoy,Bay of Bengal,2034-10-30T18:00:00Z,13.1,91.84,85.8,958.9,53.12,18.09,1,Very Severe Cyclonic Storm
CYC-2034-NIO-142,Biparjoy,Bay of Bengal,2034-10-31T00:00:00Z,13.58,91.81,92.5,958.7,53.28,11.88,1,Extremely Severe Cyclonic Storm
CYC-2034-NIO-142,Biparjoy,Bay of Bengal,2034-10-31T06:00:00Z,13.97,91.81,98.4,953.9,58.13,11.94,1,Extremely Severe Cyclonic Storm
CYC-2034-NIO-142,Biparjoy,Bay of Bengal,2034-10-31T12:00:00Z,14.31,91.7,85.0,967.0,45.04,12.67,1,Very Severe Cyclonic Storm
CYC-2034-NIO-142,Biparjoy,Bay of Bengal,2034-10-31T18:00:00Z,14.57,91.52,73.3,973.1,38.93,14.12,1,Very Severe Cyclonic Storm
CYC-2034-NIO-142,Biparjoy,Bay of Bengal,2034-11-01T00:00:00Z,14.79,91.43,64.7,966.9,45.09,18.98,1,Very Severe Cyclonic Storm
CYC-2034-NIO-142,Biparjoy,Bay of Bengal,2034-11-01T06:00:00Z,15.22,91.48,52.3,978.1,33.87,8.1,1,Severe Cyclonic Storm
CYC-2034-NIO-142,Biparjoy,Bay of Bengal,2034-11-01T12:00:00Z,15.7,91.46,44.3,994.5,17.51,18.31,0,Cyclonic Storm
CYC-2034-NIO-142,Biparjoy,Bay of Bengal,2034-11-01T18:00:00Z,16.08,91.52,33.6,998.7,13.28,8.6,0,Deep Depression
CYC-2034-NIO-142,Biparjoy,Bay of Bengal,2034-11-02T00:00:00Z,16.52,91.35,25.1,1002.5,9.55,23.36,0,Depression
CYC-2034-NIO-142,Biparjoy,Bay of Bengal,2034-11-02T06:00:00Z,16.96,91.27,20.0,989.4,22.59,20.84,0,Depression
CYC-2034-NIO-142,Biparjoy,Bay of Bengal,2034-11-02T12:00:00Z,17.28,91.24,20.0,1007.5,4.5,20.75,0,Depression
CYC-2034-NIO-143,Tej,Bay of Bengal,2034-11-30T18:00:00Z,11.74,89.7,32.8,992.5,19.46,23.59,0,Deep Depression
CYC-2034-NIO-143,Tej,Bay of Bengal,2034-12-01T00:00:00Z,12.22,89.64,36.2,995.0,16.98,18.54,0,Cyclonic Storm
CYC-2034-NIO-143,Tej,Bay of Bengal,2034-12-01T06:00:00Z,12.56,89.62,39.0,992.1,19.9,13.45,0,Cyclonic Storm
CYC-2034-NIO-143,Tej,Bay of Bengal,2034-12-01T12:00:00Z,13.06,89.53,38.9,982.1,29.92,17.67,0,Cyclonic Storm
CYC-2034-NIO-143,Tej,Bay of Bengal,2034-12-01T18:00:00Z,13.34,89.47,43.2,985.9,26.07,22.73,0,Cyclonic Storm
CYC-2034-NIO-143,Tej,Bay of Bengal,2034-12-02T00:00:00Z,13.94,89.42,48.0,980.6,31.44,22.74,1,Severe Cyclonic Storm
CYC-2034-NIO-143,Tej,Bay of Bengal,2034-12-02T06:00:00Z,14.45,89.26,52.6,981.3,30.67,9.0,1,Severe Cyclonic Storm
CYC-2034-NIO-143,Tej,Bay of Bengal,2034-12-02T12:00:00Z,14.85,89.23,57.7,981.3,30.67,23.3,1,Severe Cyclonic Storm
CYC-2034-NIO-143,Tej,Bay of Bengal,2034-12-02T18:00:00Z,15.3,89.18,61.5,972.0,39.97,10.59,1,Severe Cyclonic Storm
CYC-2034-NIO-143,Tej,Bay of Bengal,2034-12-03T00:00:00Z,15.84,89.12,65.7,967.6,44.38,22.75,1,Very Severe Cyclonic Storm
CYC-2034-NIO-143,Tej,Bay of Bengal,2034-12-03T06:00:00Z,16.29,89.11,72.1,967.9,44.15,20.58,1,Very Severe Cyclonic Storm
CYC-2034-NIO-143,Tej,Bay of Bengal,2034-12-03T12:00:00Z,16.77,89.12,77.2,959.6,52.4,14.16,1,Very Severe Cyclonic Storm
CYC-2034-NIO-143,Tej,Bay of Bengal,2034-12-03T18:00:00Z,17.13,89.09,83.2,960.4,51.63,22.36,1,Very Severe Cyclonic Storm
CYC-2034-NIO-143,Tej,Bay of Bengal,2034-12-04T00:00:00Z,17.58,89.27,89.2,964.6,47.38,23.74,1,Very Severe Cyclonic Storm
CYC-2034-NIO-143,Tej,Bay of Bengal,2034-12-04T06:00:00Z,18.02,89.15,91.3,957.2,54.85,21.04,1,Extremely Severe Cyclonic Storm
CYC-2034-NIO-143,Tej,Bay of Bengal,2034-12-04T12:00:00Z,18.59,89.16,92.9,955.6,56.44,8.38,1,Extremely Severe Cyclonic Storm
CYC-2034-NIO-143,Tej,Bay of Bengal,2034-12-04T18:00:00Z,18.95,89.16,96.7,948.7,63.28,15.07,1,Extremely Severe Cyclonic Storm
CYC-2034-NIO-143,Tej,Bay of Bengal,2034-12-05T00:00:00Z,19.36,89.11,98.4,948.8,63.16,21.86,1,Extremely Severe Cyclonic Storm
CYC-2034-NIO-143,Tej,Bay of Bengal,2034-12-05T06:00:00Z,19.74,89.07,93.6,962.4,49.56,10.02,1,Extremely Severe Cyclonic Storm
CYC-2034-NIO-143,Tej,Bay of Bengal,2034-12-05T12:00:00Z,20.29,88.91,88.3,959.9,52.09,16.9,1,Very Severe Cyclonic Storm
CYC-2034-NIO-143,Tej,Bay of Bengal,2034-12-05T18:00:00Z,20.81,88.77,80.1,964.9,47.08,14.57,1,Very Severe Cyclonic Storm
CYC-2034-NIO-143,Tej,Bay of Bengal,2034-12-06T00:00:00Z,21.13,88.78,74.5,966.7,45.28,23.42,1,Very Severe Cyclonic Storm
CYC-2034-NIO-143,Tej,Bay of Bengal,2034-12-06T06:00:00Z,21.5,88.79,68.8,967.2,44.75,12.92,1,Very Severe Cyclonic Storm
CYC-2034-NIO-143,Tej,Bay of Bengal,2034-12-06T12:00:00Z,21.93,88.63,62.0,978.1,33.87,16.34,1,Severe Cyclonic Storm
CYC-2034-NIO-143,Tej,Bay of Bengal,2034-12-06T18:00:00Z,22.39,88.5,55.9,986.0,26.04,10.62,1,Severe Cyclonic Storm
CYC-2034-NIO-143,Tej,Bay of Bengal,2034-12-07T00:00:00Z,22.83,88.52,48.8,983.5,28.49,13.54,1,Severe Cyclonic Storm
CYC-2034-NIO-143,Tej,Bay of Bengal,2034-12-07T06:00:00Z,23.32,88.56,43.0,987.8,24.23,22.9,0,Cyclonic Storm
CYC-2034-NIO-143,Tej,Bay of Bengal,2034-12-07T12:00:00Z,23.68,88.52,37.0,986.9,25.11,14.23,0,Cyclonic Storm
CYC-2034-NIO-143,Tej,Bay of Bengal,2034-12-07T18:00:00Z,24.08,88.45,34.4,984.5,27.47,15.08,0,Cyclonic Storm
CYC-2034-NIO-143,Tej,Bay of Bengal,2034-12-08T00:00:00Z,24.56,88.51,27.9,993.6,18.38,20.2,0,Depression
CYC-2034-NIO-143,Tej,Bay of Bengal,2034-12-08T06:00:00Z,25.0,88.44,20.0,999.7,12.26,15.61,0,Depression
CYC-2034-NIO-144,Hamoon,Arabian Sea,2035-01-21T12:00:00Z,12.45,71.04,31.7,994.9,17.09,12.63,0,Deep Depression
CYC-2034-NIO-144,Hamoon,Arabian Sea,2035-01-21T18:00:00Z,12.97,70.6,35.9,994.0,18.0,11.69,0,Cyclonic Storm
CYC-2034-NIO-144,Hamoon,Arabian Sea,2035-01-22T00:00:00Z,13.73,70.34,39.2,990.5,21.52,10.69,0,Cyclonic Storm
CYC-2034-NIO-144,Hamoon,Arabian Sea,2035-01-22T06:00:00Z,14.36,70.02,45.5,982.1,29.95,16.65,0,Cyclonic Storm
CYC-2034-NIO-144,Hamoon,Arabian Sea,2035-01-22T12:00:00Z,14.97,69.87,51.4,980.1,31.89,19.44,1,Severe Cyclonic Storm
CYC-2034-NIO-144,Hamoon,Arabian Sea,2035-01-22T18:00:00Z,15.73,69.58,52.9,985.3,26.67,14.78,1,Severe Cyclonic Storm
CYC-2034-NIO-144,Hamoon,Arabian Sea,2035-01-23T00:00:00Z,16.25,69.32,56.2,978.4,33.62,12.62,1,Severe Cyclonic Storm
CYC-2034-NIO-144,Hamoon,Arabian Sea,2035-01-23T06:00:00Z,16.95,68.86,61.0,971.7,40.27,21.07,1,Severe Cyclonic Storm
CYC-2034-NIO-144,Hamoon,Arabian Sea,2035-01-23T12:00:00Z,17.6,68.52,66.3,975.5,36.53,13.24,1,Very Severe Cyclonic Storm
CYC-2034-NIO-144,Hamoon,Arabian Sea,2035-01-23T18:00:00Z,18.11,68.36,69.6,974.4,37.62,12.05,1,Very Severe Cyclonic Storm
CYC-2034-NIO-144,Hamoon,Arabian Sea,2035-01-24T00:00:00Z,18.71,68.09,75.4,970.1,41.93,15.23,1,Very Severe Cyclonic Storm
CYC-2034-NIO-144,Hamoon,Arabian Sea,2035-01-24T06:00:00Z,19.36,67.79,82.6,963.6,48.44,15.8,1,Very Severe Cyclonic Storm
CYC-2034-NIO-144,Hamoon,Arabian Sea,2035-01-24T12:00:00Z,19.98,67.55,87.0,959.7,52.3,12.08,1,Very Severe Cyclonic Storm
CYC-2034-NIO-144,Hamoon,Arabian Sea,2035-01-24T18:00:00Z,20.59,67.32,89.9,962.8,49.23,19.22,1,Very Severe Cyclonic Storm
CYC-2034-NIO-144,Hamoon,Arabian Sea,2035-01-25T00:00:00Z,21.08,67.09,94.3,956.5,55.54,13.27,1,Extremely Severe Cyclonic Storm
CYC-2034-NIO-144,Hamoon,Arabian Sea,2035-01-25T06:00:00Z,21.61,66.8,96.2,956.8,55.19,20.85,1,Extremely Severe Cyclonic Storm
CYC-2034-NIO-144,Hamoon,Arabian Sea,2035-01-25T12:00:00Z,22.12,66.35,103.3,952.8,59.2,11.7,1,Extremely Severe Cyclonic Storm
CYC-2034-NIO-144,Hamoon,Arabian Sea,2035-01-25T18:00:00Z,22.71,66.11,110.6,944.6,67.43,12.88,1,Extremely Severe Cyclonic Storm
CYC-2034-NIO-144,Hamoon,Arabian Sea,2035-01-26T00:00:00Z,23.25,65.82,117.2,937.8,74.24,18.16,1,Extremely Severe Cyclonic Storm
CYC-2034-NIO-144,Hamoon,Arabian Sea,2035-01-26T06:00:00Z,23.95,65.49,120.1,932.7,79.34,22.58,1,Super Cyclonic Storm
CYC-2034-NIO-144,Hamoon,Arabian Sea,2035-01-26T12:00:00Z,24.39,65.22,116.3,934.1,77.9,18.72,1,Extremely Severe Cyclonic Storm
CYC-2034-NIO-144,Hamoon,Arabian Sea,2035-01-26T18:00:00Z,24.96,64.91,112.9,947.9,64.14,17.47,1,Extremely Severe Cyclonic Storm
CYC-2034-NIO-144,Hamoon,Arabian Sea,2035-01-27T00:00:00Z,25.65,64.59,107.0,946.5,65.49,21.45,1,Extremely Severe Cyclonic Storm
CYC-2034-NIO-144,Hamoon,Arabian Sea,2035-01-27T06:00:00Z,26.21,64.35,101.9,951.6,60.41,14.09,1,Extremely Severe Cyclonic Storm
CYC-2034-NIO-144,Hamoon,Arabian Sea,2035-01-27T12:00:00Z,26.97,63.99,101.6,957.8,54.16,23.35,1,Extremely Severe Cyclonic Storm
CYC-2034-NIO-144,Hamoon,Arabian Sea,2035-01-27T18:00:00Z,27.52,63.69,95.8,955.3,56.69,15.73,1,Extremely Severe Cyclonic Storm
CYC-2034-NIO-144,Hamoon,Arabian Sea,2035-01-28T00:00:00Z,27.95,63.41,89.5,959.7,52.34,12.62,1,Very Severe Cyclonic Storm
CYC-2034-NIO-144,Hamoon,Arabian Sea,2035-01-28T06:00:00Z,28.49,63.11,79.2,960.2,51.8,19.87,1,Very Severe Cyclonic Storm
CYC-2034-NIO-144,Hamoon,Arabian Sea,2035-01-28T12:00:00Z,29.03,62.88,75.5,964.8,47.17,17.7,1,Very Severe Cyclonic Storm
CYC-2034-NIO-144,Hamoon,Arabian Sea,2035-01-28T18:00:00Z,29.56,62.64,70.3,972.3,39.73,15.87,1,Very Severe Cyclonic Storm
CYC-2034-NIO-144,Hamoon,Arabian Sea,2035-01-29T00:00:00Z,30.12,62.4,63.6,973.7,38.27,11.25,1,Severe Cyclonic Storm
CYC-2034-NIO-144,Hamoon,Arabian Sea,2035-01-29T06:00:00Z,30.77,62.08,57.3,980.7,31.26,10.05,1,Severe Cyclonic Storm
CYC-2034-NIO-144,Hamoon,Arabian Sea,2035-01-29T12:00:00Z,31.42,61.74,50.5,981.8,30.21,8.23,1,Severe Cyclonic Storm
CYC-2034-NIO-144,Hamoon,Arabian Sea,2035-01-29T18:00:00Z,32.0,61.6,43.3,989.5,22.47,15.15,0,Cyclonic Storm
CYC-2035-NIO-145,Midhili,Bay of Bengal,2035-03-28T00:00:00Z,7.98,87.46,39.7,986.0,25.99,17.82,0,Cyclonic Storm
CYC-2035-NIO-145,Midhili,Bay of Bengal,2035-03-28T06:00:00Z,8.19,87.58,50.1,993.5,18.52,8.31,1,Severe Cyclonic Storm
CYC-2035-NIO-145,Midhili,Bay of Bengal,2035-03-28T12:00:00Z,8.55,87.69,58.2,979.1,32.88,23.94,1,Severe Cyclonic Storm
CYC-2035-NIO-145,Midhili,Bay of Bengal,2035-03-28T18:00:00Z,8.97,87.77,63.7,982.7,29.32,11.56,1,Severe Cyclonic Storm
CYC-2035-NIO-145,Midhili,Bay of Bengal,2035-03-29T00:00:00Z,9.37,87.91,69.8,968.0,44.02,19.14,1,Very Severe Cyclonic Storm
CYC-2035-NIO-145,Midhili,Bay of Bengal,2035-03-29T06:00:00Z,9.68,87.89,79.4,963.0,49.0,20.34,1,Very Severe Cyclonic Storm
CYC-2035-NIO-145,Midhili,Bay of Bengal,2035-03-29T12:00:00Z,9.92,88.06,87.2,961.7,50.28,23.53,1,Very Severe Cyclonic Storm
CYC-2035-NIO-145,Midhili,Bay of Bengal,2035-03-29T18:00:00Z,10.38,88.2,93.6,960.0,51.98,23.42,1,Extremely Severe Cyclonic Storm
CYC-2035-NIO-145,Midhili,Bay of Bengal,2035-03-30T00:00:00Z,10.74,88.33,102.8,958.2,53.8,20.18,1,Extremely Severe Cyclonic Storm
CYC-2035-NIO-145,Midhili,Bay of Bengal,2035-03-30T06:00:00Z,11.13,88.52,109.1,950.4,61.65,11.66,1,Extremely Severe Cyclonic Storm
CYC-2035-NIO-145,Midhili,Bay of Bengal,2035-03-30T12:00:00Z,11.64,88.58,117.7,937.4,74.59,14.31,1,Extremely Severe Cyclonic Storm
CYC-2035-NIO-145,Midhili,Bay of Bengal,2035-03-30T18:00:00Z,12.1,88.8,106.5,949.1,62.85,20.74,1,Extremely Severe Cyclonic Storm
CYC-2035-NIO-145,Midhili,Bay of Bengal,2035-03-31T00:00:00Z,12.48,88.97,93.8,954.1,57.85,19.96,1,Extremely Severe Cyclonic Storm
CYC-2035-NIO-145,Midhili,Bay of Bengal,2035-03-31T06:00:00Z,12.98,89.04,83.1,963.4,48.58,14.75,1,Very Severe Cyclonic Storm
CYC-2035-NIO-145,Midhili,Bay of Bengal,2035-03-31T12:00:00Z,13.32,89.11,73.0,971.6,40.37,17.93,1,Very Severe Cyclonic Storm
CYC-2035-NIO-145,Midhili,Bay of Bengal,2035-03-31T18:00:00Z,13.78,89.28,63.5,970.2,41.77,15.17,1,Severe Cyclonic Storm
CYC-2035-NIO-145,Midhili,Bay of Bengal,2035-04-01T00:00:00Z,14.14,89.5,53.3,983.3,28.67,20.57,1,Severe Cyclonic Storm
CYC-2035-NIO-145,Midhili,Bay of Bengal,2035-04-01T06:00:00Z,14.56,89.56,44.8,984.7,27.32,12.37,0,Cyclonic Storm
CYC-2035-NIO-146,Michaung,Bay of Bengal,2035-05-25T12:00:00Z,8.36,84.82,37.6,995.5,16.48,19.78,0,Cyclonic Storm
CYC-2035-NIO-146,Michaung,Bay of Bengal,2035-05-25T18:00:00Z,8.93,84.94,40.6,989.4,22.62,15.29,0,Cyclonic Storm
CYC-2035-NIO-146,Michaung,Bay of Bengal,2035-05-26T00:00:00Z,9.42,85.16,48.2,980.4,31.6,14.25,1,Severe Cyclonic Storm
CYC-2035-NIO-146,Michaung,Bay of Bengal,2035-05-26T06:00:00Z,9.81,85.2,51.8,987.7,24.3,21.02,1,Severe Cyclonic Storm
CYC-2035-NIO-146,Michaung,Bay of Bengal,2035-05-26T12:00:00Z,10.21,85.56,58.1,976.4,35.58,16.76,1,Severe Cyclonic Storm
CYC-2035-NIO-146,Michaung,Bay of Bengal,2035-05-26T18:00:00Z,10.7,85.81,64.9,974.4,37.62,8.61,1,Very Severe Cyclonic Storm
CYC-2035-NIO-146,Michaung,Bay of Bengal,2035-05-27T00:00:00Z,11.05,85.97,68.6,972.2,39.81,18.6,1,Very Severe Cyclonic Storm
CYC-2035-NIO-146,Michaung,Bay of Bengal,2035-05-27T06:00:00Z,11.44,86.08,74.7,963.0,48.98,15.58,1,Very Severe Cyclonic Storm
CYC-2035-NIO-146,Michaung,Bay of Bengal,2035-05-27T12:00:00Z,12.11,86.31,77.9,965.9,46.1,20.43,1,Very Severe Cyclonic Storm
CYC-2035-NIO-146,Michaung,Bay of Bengal,2035-05-27T18:00:00Z,12.73,86.57,79.7,957.3,54.69,11.7,1,Very Severe Cyclonic Storm
CYC-2035-NIO-146,Michaung,Bay of Bengal,2035-05-28T00:00:00Z,13.2,86.8,83.3,962.7,49.29,11.52,1,Very Severe Cyclonic Storm
CYC-2035-NIO-146,Michaung,Bay of Bengal,2035-05-28T06:00:00Z,13.62,86.99,88.4,964.9,47.07,17.28,1,Very Severe Cyclonic Storm
CYC-2035-NIO-146,Michaung,Bay of Bengal,2035-05-28T12:00:00Z,14.13,87.3,92.1,951.0,61.04,19.38,1,Extremely Severe Cyclonic Storm
CYC-2035-NIO-146,Michaung,Bay of Bengal,2035-05-28T18:00:00Z,14.47,87.5,93.3,959.5,52.5,13.7,1,Extremely Severe Cyclonic Storm
CYC-2035-NIO-146,Michaung,Bay of Bengal,2035-05-29T00:00:00Z,15.12,87.7,99.3,948.0,63.97,8.98,1,Extremely Severe Cyclonic Storm
CYC-2035-NIO-146,Michaung,Bay of Bengal,2035-05-29T06:00:00Z,15.61,87.93,100.6,944.9,67.06,19.94,1,Extremely Severe Cyclonic Storm
CYC-2035-NIO-146,Michaung,Bay of Bengal,2035-05-29T12:00:00Z,16.04,88.06,104.0,945.5,66.47,16.83,1,Extremely Severe Cyclonic Storm
CYC-2035-NIO-146,Michaung,Bay of Bengal,2035-05-29T18:00:00Z,16.45,88.41,107.5,944.7,67.34,16.27,1,Extremely Severe Cyclonic Storm
CYC-2035-NIO-146,Michaung,Bay of Bengal,2035-05-30T00:00:00Z,16.96,88.66,104.0,948.2,63.81,15.31,1,Extremely Severe Cyclonic Storm
CYC-2035-NIO-146,Michaung,Bay of Bengal,2035-05-30T06:00:00Z,17.43,88.89,96.6,958.6,53.45,21.6,1,Extremely Severe Cyclonic Storm
CYC-2035-NIO-146,Michaung,Bay of Bengal,2035-05-30T12:00:00Z,17.95,89.02,90.8,957.2,54.75,20.49,1,Extremely Severe Cyclonic Storm
CYC-2035-NIO-146,Michaung,Bay of Bengal,2035-05-30T18:00:00Z,18.46,89.08,86.2,950.1,61.94,13.68,1,Very Severe Cyclonic Storm
CYC-2035-NIO-146,Michaung,Bay of Bengal,2035-05-31T00:00:00Z,19.0,89.18,79.9,965.3,46.65,10.49,1,Very Severe Cyclonic Storm
CYC-2035-NIO-146,Michaung,Bay of Bengal,2035-05-31T06:00:00Z,19.43,89.44,72.4,967.9,44.06,15.27,1,Very Severe Cyclonic Storm
CYC-2035-NIO-146,Michaung,Bay of Bengal,2035-05-31T12:00:00Z,19.86,89.6,63.1,973.5,38.51,23.96,1,Severe Cyclonic Storm
CYC-2035-NIO-146,Michaung,Bay of Bengal,2035-05-31T18:00:00Z,20.36,89.82,56.7,979.1,32.91,9.22,1,Severe Cyclonic Storm
CYC-2035-NIO-146,Michaung,Bay of Bengal,2035-06-01T00:00:00Z,20.81,90.07,48.9,986.2,25.75,23.95,1,Severe Cyclonic Storm
CYC-2035-NIO-146,Michaung,Bay of Bengal,2035-06-01T06:00:00Z,21.23,90.37,48.8,986.2,25.76,11.14,1,Severe Cyclonic Storm
CYC-2035-NIO-146,Michaung,Bay of Bengal,2035-06-01T12:00:00Z,21.64,90.51,41.3,987.7,24.33,22.6,0,Cyclonic Storm
CYC-2035-NIO-146,Michaung,Bay of Bengal,2035-06-01T18:00:00Z,22.04,90.64,36.5,986.9,25.14,17.4,0,Cyclonic Storm
CYC-2035-NIO-146,Michaung,Bay of Bengal,2035-06-02T00:00:00Z,22.61,91.02,28.1,991.2,20.81,21.22,0,Deep Depression
CYC-2035-NIO-147,Remal,Arabian Sea,2035-07-27T06:00:00Z,10.8,65.25,29.5,994.6,17.43,20.73,0,Deep Depression
CYC-2035-NIO-147,Remal,Arabian Sea,2035-07-27T12:00:00Z,11.21,65.17,30.5,992.9,19.11,14.66,0,Deep Depression
CYC-2035-NIO-147,Remal,Arabian Sea,2035-07-27T18:00:00Z,11.61,64.93,37.0,990.3,21.73,15.4,0,Cyclonic Storm
CYC-2035-NIO-147,Remal,Arabian Sea,2035-07-28T00:00:00Z,12.04,64.77,37.5,989.7,22.26,21.64,0,Cyclonic Storm
CYC-2035-NIO-147,Remal,Arabian Sea,2035-07-28T06:00:00Z,12.61,64.52,41.8,991.7,20.33,16.11,0,Cyclonic Storm
CYC-2035-NIO-147,Remal,Arabian Sea,2035-07-28T12:00:00Z,13.11,64.22,46.9,983.8,28.17,13.02,0,Cyclonic Storm
CYC-2035-NIO-147,Remal,Arabian Sea,2035-07-28T18:00:00Z,13.58,64.04,45.8,983.5,28.48,22.68,0,Cyclonic Storm
CYC-2035-NIO-147,Remal,Arabian Sea,2035-07-29T00:00:00Z,13.83,63.79,45.8,977.0,34.95,18.78,0,Cyclonic Storm
CYC-2035-NIO-147,Remal,Arabian Sea,2035-07-29T06:00:00Z,14.12,63.55,46.3,986.8,25.18,11.23,0,Cyclonic Storm
CYC-2035-NIO-147,Remal,Arabian Sea,2035-07-29T12:00:00Z,14.62,63.39,46.9,981.5,30.54,18.72,0,Cyclonic Storm
CYC-2035-NIO-147,Remal,Arabian Sea,2035-07-29T18:00:00Z,14.98,63.37,48.4,988.9,23.1,21.73,1,Severe Cyclonic Storm
CYC-2035-NIO-147,Remal,Arabian Sea,2035-07-30T00:00:00Z,15.57,63.28,49.1,982.8,29.2,13.74,1,Severe Cyclonic Storm
CYC-2035-NIO-147,Remal,Arabian Sea,2035-07-30T06:00:00Z,15.99,63.06,51.5,983.7,28.34,22.27,1,Severe Cyclonic Storm
CYC-2035-NIO-147,Remal,Arabian Sea,2035-07-30T12:00:00Z,16.59,62.77,53.5,977.9,34.1,17.02,1,Severe Cyclonic Storm
CYC-2035-NIO-147,Remal,Arabian Sea,2035-07-30T18:00:00Z,17.0,62.44,56.0,978.5,33.51,9.59,1,Severe Cyclonic Storm
CYC-2035-NIO-147,Remal,Arabian Sea,2035-07-31T00:00:00Z,17.55,62.45,58.4,974.5,37.48,12.59,1,Severe Cyclonic Storm
CYC-2035-NIO-147,Remal,Arabian Sea,2035-07-31T06:00:00Z,17.88,62.25,59.6,974.3,37.74,15.88,1,Severe Cyclonic Storm
CYC-2035-NIO-147,Remal,Arabian Sea,2035-07-31T12:00:00Z,18.29,62.04,56.2,983.9,28.13,10.51,1,Severe Cyclonic Storm
CYC-2035-NIO-147,Remal,Arabian Sea,2035-07-31T18:00:00Z,18.67,61.85,57.9,980.9,31.06,9.66,1,Severe Cyclonic Storm
CYC-2035-NIO-147,Remal,Arabian Sea,2035-08-01T00:00:00Z,19.06,61.57,56.2,980.1,31.89,9.75,1,Severe Cyclonic Storm
CYC-2035-NIO-147,Remal,Arabian Sea,2035-08-01T06:00:00Z,19.73,61.44,53.9,977.7,34.33,12.2,1,Severe Cyclonic Storm
CYC-2035-NIO-147,Remal,Arabian Sea,2035-08-01T12:00:00Z,20.12,61.18,50.8,980.3,31.71,23.82,1,Severe Cyclonic Storm
CYC-2035-NIO-147,Remal,Arabian Sea,2035-08-01T18:00:00Z,20.45,61.1,45.9,991.8,20.18,21.55,0,Cyclonic Storm
CYC-2035-NIO-147,Remal,Arabian Sea,2035-08-02T00:00:00Z,21.01,61.01,44.1,979.9,32.11,13.51,0,Cyclonic Storm
CYC-2035-NIO-147,Remal,Arabian Sea,2035-08-02T06:00:00Z,21.64,60.8,41.3,990.0,21.96,9.84,0,Cyclonic Storm
CYC-2035-NIO-147,Remal,Arabian Sea,2035-08-02T12:00:00Z,22.0,60.6,37.5,992.1,19.91,11.86,0,Cyclonic Storm
CYC-2035-NIO-147,Remal,Arabian Sea,2035-08-02T18:00:00Z,22.47,60.48,33.2,992.3,19.65,23.91,0,Deep Depression
CYC-2035-NIO-147,Remal,Arabian Sea,2035-08-03T00:00:00Z,22.81,60.31,29.1,992.1,19.92,17.47,0,Deep Depression
CYC-2035-NIO-148,Asna,Bay of Bengal,2035-09-10T06:00:00Z,8.86,85.77,33.0,995.0,17.05,19.58,0,Deep Depression
CYC-2035-NIO-148,Asna,Bay of Bengal,2035-09-10T12:00:00Z,9.35,86.09,37.4,982.2,29.78,10.71,0,Cyclonic Storm
CYC-2035-NIO-148,Asna,Bay of Bengal,2035-09-10T18:00:00Z,10.02,86.45,47.3,983.5,28.52,9.06,0,Cyclonic Storm
CYC-2035-NIO-148,Asna,Bay of Bengal,2035-09-11T00:00:00Z,10.59,86.83,53.6,978.4,33.63,9.91,1,Severe Cyclonic Storm
CYC-2035-NIO-148,Asna,Bay of Bengal,2035-09-11T06:00:00Z,10.96,87.11,56.0,981.3,30.71,18.2,1,Severe Cyclonic Storm
CYC-2035-NIO-148,Asna,Bay of Bengal,2035-09-11T12:00:00Z,11.54,87.44,59.3,978.7,33.26,13.38,1,Severe Cyclonic Storm
CYC-2035-NIO-148,Asna,Bay of Bengal,2035-09-11T18:00:00Z,12.01,87.88,69.3,972.5,39.53,13.56,1,Very Severe Cyclonic Storm
CYC-2035-NIO-148,Asna,Bay of Bengal,2035-09-12T00:00:00Z,12.49,88.09,73.6,964.1,47.87,8.99,1,Very Severe Cyclonic Storm
CYC-2035-NIO-148,Asna,Bay of Bengal,2035-09-12T06:00:00Z,12.91,88.35,79.6,966.2,45.8,20.6,1,Very Severe Cyclonic Storm
CYC-2035-NIO-148,Asna,Bay of Bengal,2035-09-12T12:00:00Z,13.45,88.81,72.2,963.6,48.38,16.62,1,Very Severe Cyclonic Storm
CYC-2035-NIO-148,Asna,Bay of Bengal,2035-09-12T18:00:00Z,14.07,89.22,61.5,971.0,41.0,20.21,1,Severe Cyclonic Storm
CYC-2035-NIO-148,Asna,Bay of Bengal,2035-09-13T00:00:00Z,14.64,89.62,52.9,979.6,32.44,12.04,1,Severe Cyclonic Storm
CYC-2035-NIO-148,Asna,Bay of Bengal,2035-09-13T06:00:00Z,15.13,89.93,45.1,985.6,26.37,18.75,0,Cyclonic Storm
CYC-2035-NIO-148,Asna,Bay of Bengal,2035-09-13T12:00:00Z,15.58,90.27,38.8,991.9,20.08,16.37,0,Cyclonic Storm
CYC-2035-NIO-148,Asna,Bay of Bengal,2035-09-13T18:00:00Z,16.03,90.56,26.1,996.8,15.22,9.51,0,Depression
CYC-2035-NIO-148,Asna,Bay of Bengal,2035-09-14T00:00:00Z,16.56,90.9,20.0,999.6,12.44,23.86,0,Depression
CYC-2035-NIO-149,Dana,Bay of Bengal,2035-10-26T06:00:00Z,8.22,86.02,37.0,984.7,27.33,11.11,0,Cyclonic Storm
CYC-2035-NIO-149,Dana,Bay of Bengal,2035-10-26T12:00:00Z,8.65,86.08,47.6,982.8,29.21,23.96,0,Cyclonic Storm
CYC-2035-NIO-149,Dana,Bay of Bengal,2035-10-26T18:00:00Z,9.24,86.34,59.2,979.5,32.54,19.82,1,Severe Cyclonic Storm
CYC-2035-NIO-149,Dana,Bay of Bengal,2035-10-27T00:00:00Z,9.76,86.41,66.5,966.3,45.72,13.51,1,Very Severe Cyclonic Storm
CYC-2035-NIO-149,Dana,Bay of Bengal,2035-10-27T06:00:00Z,10.35,86.59,74.4,968.5,43.47,9.14,1,Very Severe Cyclonic Storm
CYC-2035-NIO-149,Dana,Bay of Bengal,2035-10-27T12:00:00Z,10.87,86.81,84.6,962.4,49.62,22.29,1,Very Severe Cyclonic Storm
CYC-2035-NIO-149,Dana,Bay of Bengal,2035-10-27T18:00:00Z,11.34,86.89,97.2,953.4,58.6,23.22,1,Extremely Severe Cyclonic Storm
CYC-2035-NIO-149,Dana,Bay of Bengal,2035-10-28T00:00:00Z,11.87,87.09,104.4,951.9,60.06,14.45,1,Extremely Severe Cyclonic Storm
CYC-2035-NIO-149,Dana,Bay of Bengal,2035-10-28T06:00:00Z,12.49,87.21,112.3,943.2,68.81,10.52,1,Extremely Severe Cyclonic Storm
CYC-2035-NIO-149,Dana,Bay of Bengal,2035-10-28T12:00:00Z,13.08,87.36,96.5,954.9,57.12,21.48,1,Extremely Severe Cyclonic Storm
CYC-2035-NIO-149,Dana,Bay of Bengal,2035-10-28T18:00:00Z,13.58,87.33,83.0,960.2,51.81,18.12,1,Very Severe Cyclonic Storm
CYC-2035-NIO-149,Dana,Bay of Bengal,2035-10-29T00:00:00Z,14.17,87.35,67.3,976.4,35.56,8.75,1,Very Severe Cyclonic Storm
CYC-2035-NIO-149,Dana,Bay of Bengal,2035-10-29T06:00:00Z,14.65,87.52,54.2,978.5,33.5,16.55,1,Severe Cyclonic Storm
CYC-2035-NIO-149,Dana,Bay of Bengal,2035-10-29T12:00:00Z,15.01,87.64,39.1,987.2,24.77,22.02,0,Cyclonic Storm
CYC-2035-NIO-149,Dana,Bay of Bengal,2035-10-29T18:00:00Z,15.42,87.78,20.5,998.8,13.24,15.32,0,Depression
CYC-2035-NIO-150,Amphan,Arabian Sea,2035-12-25T00:00:00Z,12.09,65.69,31.4,991.2,20.76,11.27,0,Deep Depression
CYC-2035-NIO-150,Amphan,Arabian Sea,2035-12-25T06:00:00Z,12.61,65.58,37.9,990.3,21.66,21.43,0,Cyclonic Storm
CYC-2035-NIO-150,Amphan,Arabian Sea,2035-12-25T12:00:00Z,13.1,65.49,40.1,988.8,23.24,21.45,0,Cyclonic Storm
CYC-2035-NIO-150,Amphan,Arabian Sea,2035-12-25T18:00:00Z,13.7,65.41,43.6,979.9,32.05,16.08,0,Cyclonic Storm
CYC-2035-NIO-150,Amphan,Arabian Sea,2035-12-26T00:00:00Z,14.13,65.38,49.1,982.2,29.76,17.72,1,Severe Cyclonic Storm
CYC-2035-NIO-150,Amphan,Arabian Sea,2035-12-26T06:00:00Z,14.65,65.44,49.0,987.1,24.93,19.25,1,Severe Cyclonic Storm
CYC-2035-NIO-150,Amphan,Arabian Sea,2035-12-26T12:00:00Z,15.19,65.47,49.6,981.2,30.79,10.83,1,Severe Cyclonic Storm
CYC-2035-NIO-150,Amphan,Arabian Sea,2035-12-26T18:00:00Z,15.71,65.44,55.7,982.1,29.87,20.65,1,Severe Cyclonic Storm
CYC-2035-NIO-150,Amphan,Arabian Sea,2035-12-27T00:00:00Z,16.26,65.43,63.2,976.5,35.49,12.35,1,Severe Cyclonic Storm
CYC-2035-NIO-150,Amphan,Arabian Sea,2035-12-27T06:00:00Z,16.87,65.43,67.0,975.5,36.55,18.91,1,Very Severe Cyclonic Storm
CYC-2035-NIO-150,Amphan,Arabian Sea,2035-12-27T12:00:00Z,17.49,65.3,76.5,962.5,49.45,14.65,1,Very Severe Cyclonic Storm
CYC-2035-NIO-150,Amphan,Arabian Sea,2035-12-27T18:00:00Z,18.0,65.21,81.7,960.2,51.83,21.58,1,Very Severe Cyclonic Storm
CYC-2035-NIO-150,Amphan,Arabian Sea,2035-12-28T00:00:00Z,18.68,65.12,85.6,957.7,54.29,11.71,1,Very Severe Cyclonic Storm
CYC-2035-NIO-150,Amphan,Arabian Sea,2035-12-28T06:00:00Z,19.11,65.02,93.0,952.8,59.21,17.78,1,Extremely Severe Cyclonic Storm
CYC-2035-NIO-150,Amphan,Arabian Sea,2035-12-28T12:00:00Z,19.66,64.91,99.4,952.2,59.78,12.63,1,Extremely Severe Cyclonic Storm
CYC-2035-NIO-150,Amphan,Arabian Sea,2035-12-28T18:00:00Z,20.28,64.92,104.7,948.5,63.45,15.86,1,Extremely Severe Cyclonic Storm
CYC-2035-NIO-150,Amphan,Arabian Sea,2035-12-29T00:00:00Z,20.75,64.9,96.2,948.1,63.89,13.1,1,Extremely Severe Cyclonic Storm
CYC-2035-NIO-150,Amphan,Arabian Sea,2035-12-29T06:00:00Z,21.1,64.83,89.7,967.2,44.85,8.07,1,Very Severe Cyclonic Storm
CYC-2035-NIO-150,Amphan,Arabian Sea,2035-12-29T12:00:00Z,21.56,64.92,84.3,960.3,51.68,11.53,1,Very Severe Cyclonic Storm
CYC-2035-NIO-150,Amphan,Arabian Sea,2035-12-29T18:00:00Z,22.05,64.86,80.4,965.2,46.82,15.98,1,Very Severe Cyclonic Storm
CYC-2035-NIO-150,Amphan,Arabian Sea,2035-12-30T00:00:00Z,22.69,64.75,74.5,959.5,52.47,19.54,1,Very Severe Cyclonic Storm
CYC-2035-NIO-150,Amphan,Arabian Sea,2035-12-30T06:00:00Z,23.34,64.67,69.8,977.1,34.9,16.06,1,Very Severe Cyclonic Storm
CYC-2035-NIO-150,Amphan,Arabian Sea,2035-12-30T12:00:00Z,23.88,64.62,60.5,975.6,36.45,13.16,1,Severe Cyclonic Storm
CYC-2035-NIO-150,Amphan,Arabian Sea,2035-12-30T18:00:00Z,24.41,64.64,52.5,977.0,34.99,23.64,1,Severe Cyclonic Storm
CYC-2035-NIO-150,Amphan,Arabian Sea,2035-12-31T00:00:00Z,24.94,64.5,44.0,982.7,29.34,9.89,0,Cyclonic Storm
CYC-2035-NIO-150,Amphan,Arabian Sea,2035-12-31T06:00:00Z,25.42,64.39,34.3,992.0,19.97,16.18,0,Cyclonic Storm
CYC-2035-NIO-150,Amphan,Arabian Sea,2035-12-31T12:00:00Z,25.97,64.27,28.1,996.3,15.68,9.16,0,Deep Depression
CYC-2036-NIO-151,Fani,Bay of Bengal,2036-02-03T18:00:00Z,9.93,86.0,38.3,994.7,17.27,18.6,0,Cyclonic Storm
CYC-2036-NIO-151,Fani,Bay of Bengal,2036-02-04T00:00:00Z,10.38,86.5,46.3,983.1,28.9,9.27,0,Cyclonic Storm
CYC-2036-NIO-151,Fani,Bay of Bengal,2036-02-04T06:00:00Z,10.93,86.92,55.9,972.0,39.97,11.61,1,Severe Cyclonic Storm
CYC-2036-NIO-151,Fani,Bay of Bengal,2036-02-04T12:00:00Z,11.41,87.35,65.5,972.2,39.82,21.68,1,Very Severe Cyclonic Storm
CYC-2036-NIO-151,Fani,Bay of Bengal,2036-02-04T18:00:00Z,11.84,87.8,72.7,960.7,51.32,19.37,1,Very Severe Cyclonic Storm
CYC-2036-NIO-151,Fani,Bay of Bengal,2036-02-05T00:00:00Z,12.29,88.12,78.4,965.4,46.63,16.92,1,Very Severe Cyclonic Storm
CYC-2036-NIO-151,Fani,Bay of Bengal,2036-02-05T06:00:00Z,12.69,88.58,82.5,963.9,48.1,16.68,1,Very Severe Cyclonic Storm
CYC-2036-NIO-151,Fani,Bay of Bengal,2036-02-05T12:00:00Z,13.13,88.91,90.6,958.7,53.29,9.71,1,Extremely Severe Cyclonic Storm
CYC-2036-NIO-151,Fani,Bay of Bengal,2036-02-05T18:00:00Z,13.64,89.31,99.2,954.7,57.31,15.18,1,Extremely Severe Cyclonic Storm
CYC-2036-NIO-151,Fani,Bay of Bengal,2036-02-06T00:00:00Z,14.04,89.61,107.6,937.7,74.33,15.04,1,Extremely Severe Cyclonic Storm
CYC-2036-NIO-151,Fani,Bay of Bengal,2036-02-06T06:00:00Z,14.57,90.03,116.4,947.0,65.04,11.18,1,Extremely Severe Cyclonic Storm
CYC-2036-NIO-151,Fani,Bay of Bengal,2036-02-06T12:00:00Z,14.92,90.4,124.9,936.9,75.14,18.27,1,Super Cyclonic Storm
CYC-2036-NIO-151,Fani,Bay of Bengal,2036-02-06T18:00:00Z,15.28,90.73,128.1,934.4,77.56,11.26,1,Super Cyclonic Storm
CYC-2036-NIO-151,Fani,Bay of Bengal,2036-02-07T00:00:00Z,15.71,91.04,138.1,930.0,82.04,10.93,1,Super Cyclonic Storm
CYC-2036-NIO-151,Fani,Bay of Bengal,2036-02-07T06:00:00Z,16.13,91.51,129.2,930.7,81.31,14.25,1,Super Cyclonic Storm
CYC-2036-NIO-151,Fani,Bay of Bengal,2036-02-07T12:00:00Z,16.46,91.89,124.1,936.2,75.79,16.2,1,Super Cyclonic Storm
CYC-2036-NIO-151,Fani,Bay of Bengal,2036-02-07T18:00:00Z,16.86,92.25,114.3,947.4,64.61,18.38,1,Extremely Severe Cyclonic Storm
CYC-2036-NIO-151,Fani,Bay of Bengal,2036-02-08T00:00:00Z,17.31,92.63,99.8,950.4,61.55,18.47,1,Extremely Severe Cyclonic Storm
CYC-2036-NIO-151,Fani,Bay of Bengal,2036-02-08T06:00:00Z,17.72,92.9,87.6,960.5,51.46,21.8,1,Very Severe Cyclonic Storm
CYC-2036-NIO-151,Fani,Bay of Bengal,2036-02-08T12:00:00Z,18.11,93.19,74.1,967.3,44.69,8.03,1,Very Severe Cyclonic Storm
CYC-2036-NIO-151,Fani,Bay of Bengal,2036-02-08T18:00:00Z,18.57,93.69,63.2,977.3,34.71,18.52,1,Severe Cyclonic Storm
CYC-2036-NIO-151,Fani,Bay of Bengal,2036-02-09T00:00:00Z,18.93,94.15,49.5,986.6,25.45,23.9,1,Severe Cyclonic Storm
CYC-2036-NIO-151,Fani,Bay of Bengal,2036-02-09T06:00:00Z,19.46,94.52,38.6,986.4,25.65,10.99,0,Cyclonic Storm
CYC-2036-NIO-151,Fani,Bay of Bengal,2036-02-09T12:00:00Z,19.89,94.92,29.3,990.0,22.01,19.24,0,Deep Depression
CYC-2036-NIO-152,Hudhud,Bay of Bengal,2036-03-24T18:00:00Z,11.41,87.34,36.9,990.1,21.86,21.23,0,Cyclonic Storm
CYC-2036-NIO-152,Hudhud,Bay of Bengal,2036-03-25T00:00:00Z,11.83,87.62,37.6,991.4,20.57,21.09,0,Cyclonic Storm
CYC-2036-NIO-152,Hudhud,Bay of Bengal,2036-03-25T06:00:00Z,12.32,87.74,42.2,989.5,22.48,20.33,0,Cyclonic Storm
CYC-2036-NIO-152,Hudhud,Bay of Bengal,2036-03-25T12:00:00Z,12.67,88.0,46.4,990.0,22.05,22.15,0,Cyclonic Storm
CYC-2036-NIO-152,Hudhud,Bay of Bengal,2036-03-25T18:00:00Z,13.04,88.06,53.9,981.0,31.04,16.39,1,Severe Cyclonic Storm
CYC-2036-NIO-152,Hudhud,Bay of Bengal,2036-03-26T00:00:00Z,13.52,88.24,58.6,975.9,36.09,15.12,1,Severe Cyclonic Storm
CYC-2036-NIO-152,Hudhud,Bay of Bengal,2036-03-26T06:00:00Z,14.05,88.56,64.0,975.1,36.89,12.46,1,Severe Cyclonic Storm
CYC-2036-NIO-152,Hudhud,Bay of Bengal,2036-03-26T12:00:00Z,14.29,88.69,71.3,974.5,37.49,20.14,1,Very Severe Cyclonic Storm
CYC-2036-NIO-152,Hudhud,Bay of Bengal,2036-03-26T18:00:00Z,14.71,88.89,78.5,961.2,50.79,16.54,1,Very Severe Cyclonic Storm
CYC-2036-NIO-152,Hudhud,Bay of Bengal,2036-03-27T00:00:00Z,15.1,89.19,85.9,963.4,48.63,9.07,1,Very Severe Cyclonic Storm
CYC-2036-NIO-152,Hudhud,Bay of Bengal,2036-03-27T06:00:00Z,15.55,89.54,90.8,957.0,55.0,13.91,1,Extremely Severe Cyclonic Storm
CYC-2036-NIO-152,Hudhud,Bay of Bengal,2036-03-27T12:00:00Z,15.83,89.73,96.6,948.8,63.19,17.37,1,Extremely Severe Cyclonic Storm
CYC-2036-NIO-152,Hudhud,Bay of Bengal,2036-03-27T18:00:00Z,16.27,89.82,88.4,962.7,49.3,21.72,1,Very Severe Cyclonic Storm
CYC-2036-NIO-152,Hudhud,Bay of Bengal,2036-03-28T00:00:00Z,16.66,89.94,83.9,969.1,42.94,13.22,1,Very Severe Cyclonic Storm
CYC-2036-NIO-152,Hudhud,Bay of Bengal,2036-03-28T06:00:00Z,17.0,90.08,73.3,969.4,42.59,18.76,1,Very Severe Cyclonic Storm
CYC-2036-NIO-152,Hudhud,Bay of Bengal,2036-03-28T12:00:00Z,17.43,90.27,65.3,976.6,35.43,17.17,1,Very Severe Cyclonic Storm
CYC-2036-NIO-152,Hudhud,Bay of Bengal,2036-03-28T18:00:00Z,17.92,90.45,59.3,970.6,41.38,10.64,1,Severe Cyclonic Storm
CYC-2036-NIO-152,Hudhud,Bay of Bengal,2036-03-29T00:00:00Z,18.36,90.56,54.8,979.4,32.64,14.45,1,Severe Cyclonic Storm
CYC-2036-NIO-152,Hudhud,Bay of Bengal,2036-03-29T06:00:00Z,18.74,90.84,47.1,986.4,25.62,18.69,0,Cyclonic Storm
CYC-2036-NIO-152,Hudhud,Bay of Bengal,2036-03-29T12:00:00Z,19.13,91.07,41.6,991.2,20.83,12.26,0,Cyclonic Storm
CYC-2036-NIO-152,Hudhud,Bay of Bengal,2036-03-29T18:00:00Z,19.55,91.27,31.4,992.8,19.17,22.63,0,Deep Depression
CYC-2036-NIO-153,Vardah,Arabian Sea,2036-05-03T00:00:00Z,11.11,64.77,41.4,991.2,20.81,24.0,0,Cyclonic Storm
CYC-2036-NIO-153,Vardah,Arabian Sea,2036-05-03T06:00:00Z,11.94,64.9,48.6,981.8,30.21,12.85,1,Severe Cyclonic Storm
CYC-2036-NIO-153,Vardah,Arabian Sea,2036-05-03T12:00:00Z,12.6,64.93,54.3,981.1,30.95,15.83,1,Severe Cyclonic Storm
CYC-2036-NIO-153,Vardah,Arabian Sea,2036-05-03T18:00:00Z,13.15,64.96,63.9,973.1,38.89,15.25,1,Severe Cyclonic Storm
CYC-2036-NIO-153,Vardah,Arabian Sea,2036-05-04T00:00:00Z,13.87,64.96,72.1,966.6,45.41,8.54,1,Very Severe Cyclonic Storm
CYC-2036-NIO-153,Vardah,Arabian Sea,2036-05-04T06:00:00Z,14.44,64.88,79.7,968.9,43.15,11.11,1,Very Severe Cyclonic Storm
CYC-2036-NIO-153,Vardah,Arabian Sea,2036-05-04T12:00:00Z,15.07,64.94,89.8,957.2,54.84,15.15,1,Very Severe Cyclonic Storm
CYC-2036-NIO-153,Vardah,Arabian Sea,2036-05-04T18:00:00Z,15.66,65.07,99.6,947.1,64.9,17.4,1,Extremely Severe Cyclonic Storm
CYC-2036-NIO-153,Vardah,Arabian Sea,2036-05-05T00:00:00Z,16.16,65.28,109.2,944.5,67.49,22.93,1,Extremely Severe Cyclonic Storm
CYC-2036-NIO-153,Vardah,Arabian Sea,2036-05-05T06:00:00Z,16.77,65.4,94.6,956.7,55.32,23.14,1,Extremely Severe Cyclonic Storm
CYC-2036-NIO-153,Vardah,Arabian Sea,2036-05-05T12:00:00Z,17.46,65.49,80.0,968.9,43.15,20.54,1,Very Severe Cyclonic Storm
CYC-2036-NIO-153,Vardah,Arabian Sea,2036-05-05T18:00:00Z,18.08,65.5,68.3,975.6,36.43,21.07,1,Very Severe Cyclonic Storm
CYC-2036-NIO-153,Vardah,Arabian Sea,2036-05-06T00:00:00Z,18.72,65.59,56.3,984.7,27.28,8.17,1,Severe Cyclonic Storm
CYC-2036-NIO-153,Vardah,Arabian Sea,2036-05-06T06:00:00Z,19.28,65.77,44.3,986.6,25.35,22.26,0,Cyclonic Storm
CYC-2036-NIO-153,Vardah,Arabian Sea,2036-05-06T12:00:00Z,19.94,65.84,32.2,994.1,17.87,17.27,0,Deep Depression
CYC-2036-NIO-154,Gaja,Bay of Bengal,2036-05-30T18:00:00Z,10.63,91.9,36.7,997.7,14.35,16.93,0,Cyclonic Storm
CYC-2036-NIO-154,Gaja,Bay of Bengal,2036-05-31T00:00:00Z,11.04,92.05,45.9,987.6,24.39,19.56,0,Cyclonic Storm
CYC-2036-NIO-154,Gaja,Bay of Bengal,2036-05-31T06:00:00Z,11.3,92.18,56.4,975.4,36.55,15.97,1,Severe Cyclonic Storm
CYC-2036-NIO-154,Gaja,Bay of Bengal,2036-05-31T12:00:00Z,11.84,92.17,69.7,972.4,39.59,10.21,1,Very Severe Cyclonic Storm
CYC-2036-NIO-154,Gaja,Bay of Bengal,2036-05-31T18:00:00Z,12.29,92.35,78.1,962.2,49.85,18.61,1,Very Severe Cyclonic Storm
CYC-2036-NIO-154,Gaja,Bay of Bengal,2036-06-01T00:00:00Z,12.74,92.51,85.4,960.5,51.52,19.73,1,Very Severe Cyclonic Storm
CYC-2036-NIO-154,Gaja,Bay of Bengal,2036-06-01T06:00:00Z,13.22,92.63,93.7,956.5,55.53,23.87,1,Extremely Severe Cyclonic Storm
CYC-2036-NIO-154,Gaja,Bay of Bengal,2036-06-01T12:00:00Z,13.58,92.72,100.0,948.0,64.04,16.14,1,Extremely Severe Cyclonic Storm
CYC-2036-NIO-154,Gaja,Bay of Bengal,2036-06-01T18:00:00Z,14.0,92.78,105.9,947.2,64.81,14.88,1,Extremely Severe Cyclonic Storm
CYC-2036-NIO-154,Gaja,Bay of Bengal,2036-06-02T00:00:00Z,14.5,92.86,97.9,962.6,49.42,16.8,1,Extremely Severe Cyclonic Storm
CYC-2036-NIO-154,Gaja,Bay of Bengal,2036-06-02T06:00:00Z,14.88,92.95,86.5,961.6,50.45,14.57,1,Very Severe Cyclonic Storm
CYC-2036-NIO-154,Gaja,Bay of Bengal,2036-06-02T12:00:00Z,15.5,93.04,76.6,970.6,41.44,22.67,1,Very Severe Cyclonic Storm
CYC-2036-NIO-154,Gaja,Bay of Bengal,2036-06-02T18:00:00Z,15.98,92.99,68.2,975.8,36.17,11.5,1,Very Severe Cyclonic Storm
CYC-2036-NIO-154,Gaja,Bay of Bengal,2036-06-03T00:00:00Z,16.45,93.07,50.3,982.4,29.64,15.56,1,Severe Cyclonic Storm
CYC-2036-NIO-154,Gaja,Bay of Bengal,2036-06-03T06:00:00Z,17.12,93.13,40.4,992.8,19.23,19.92,0,Cyclonic Storm
CYC-2036-NIO-154,Gaja,Bay of Bengal,2036-06-03T12:00:00Z,17.56,93.26,29.8,993.2,18.81,11.55,0,Deep Depression
CYC-2036-NIO-155,Titli,Bay of Bengal,2036-07-17T18:00:00Z,10.01,89.49,35.3,994.5,17.55,20.6,0,Cyclonic Storm
CYC-2036-NIO-155,Titli,Bay of Bengal,2036-07-18T00:00:00Z,10.35,89.94,37.0,986.4,25.65,11.32,0,Cyclonic Storm
CYC-2036-NIO-155,Titli,Bay of Bengal,2036-07-18T06:00:00Z,10.71,90.08,39.3,985.3,26.71,16.55,0,Cyclonic Storm
CYC-2036-NIO-155,Titli,Bay of Bengal,2036-07-18T12:00:00Z,11.1,90.38,41.2,983.1,28.9,9.1,0,Cyclonic Storm
CYC-2036-NIO-155,Titli,Bay of Bengal,2036-07-18T18:00:00Z,11.67,90.75,42.2,991.7,20.34,17.45,0,Cyclonic Storm
CYC-2036-NIO-155,Titli,Bay of Bengal,2036-07-19T00:00:00Z,12.11,91.13,44.0,984.9,27.12,8.6,0,Cyclonic Storm
CYC-2036-NIO-155,Titli,Bay of Bengal,2036-07-19T06:00:00Z,12.44,91.55,46.1,983.2,28.78,20.26,0,Cyclonic Storm
CYC-2036-NIO-155,Titli,Bay of Bengal,2036-07-19T12:00:00Z,12.81,92.07,46.8,985.3,26.73,13.1,0,Cyclonic Storm
CYC-2036-NIO-155,Titli,Bay of Bengal,2036-07-19T18:00:00Z,13.06,92.31,49.9,986.3,25.7,19.67,1,Severe Cyclonic Storm
CYC-2036-NIO-155,Titli,Bay of Bengal,2036-07-20T00:00:00Z,13.37,92.56,53.9,975.4,36.57,13.58,1,Severe Cyclonic Storm
CYC-2036-NIO-155,Titli,Bay of Bengal,2036-07-20T06:00:00Z,13.87,92.82,54.9,981.5,30.47,17.35,1,Severe Cyclonic Storm
CYC-2036-NIO-155,Titli,Bay of Bengal,2036-07-20T12:00:00Z,14.11,93.19,57.2,974.9,37.05,10.99,1,Severe Cyclonic Storm
CYC-2036-NIO-155,Titli,Bay of Bengal,2036-07-20T18:00:00Z,14.49,93.4,58.8,977.6,34.37,17.25,1,Severe Cyclonic Storm
CYC-2036-NIO-155,Titli,Bay of Bengal,2036-07-21T00:00:00Z,14.93,93.63,62.4,976.6,35.36,13.92,1,Severe Cyclonic Storm
CYC-2036-NIO-155,Titli,Bay of Bengal,2036-07-21T06:00:00Z,15.41,93.97,65.3,970.3,41.68,21.38,1,Very Severe Cyclonic Storm
CYC-2036-NIO-155,Titli,Bay of Bengal,2036-07-21T12:00:00Z,15.72,94.12,67.1,972.5,39.54,14.17,1,Very Severe Cyclonic Storm
CYC-2036-NIO-155,Titli,Bay of Bengal,2036-07-21T18:00:00Z,16.06,94.34,70.6,964.6,47.45,15.18,1,Very Severe Cyclonic Storm
CYC-2036-NIO-155,Titli,Bay of Bengal,2036-07-22T00:00:00Z,16.5,94.57,71.3,963.3,48.72,19.61,1,Very Severe Cyclonic Storm
CYC-2036-NIO-155,Titli,Bay of Bengal,2036-07-22T06:00:00Z,17.09,94.81,73.1,970.1,41.89,23.83,1,Very Severe Cyclonic Storm
CYC-2036-NIO-155,Titli,Bay of Bengal,2036-07-22T12:00:00Z,17.44,95.17,76.3,968.0,44.04,22.89,1,Very Severe Cyclonic Storm
CYC-2036-NIO-155,Titli,Bay of Bengal,2036-07-22T18:00:00Z,17.9,95.59,72.5,967.9,44.11,11.2,1,Very Severe Cyclonic Storm
CYC-2036-NIO-155,Titli,Bay of Bengal,2036-07-23T00:00:00Z,18.29,95.87,71.9,968.9,43.1,23.45,1,Very Severe Cyclonic Storm
CYC-2036-NIO-155,Titli,Bay of Bengal,2036-07-23T06:00:00Z,18.61,96.14,68.2,970.6,41.41,8.39,1,Very Severe Cyclonic Storm
CYC-2036-NIO-155,Titli,Bay of Bengal,2036-07-23T12:00:00Z,19.32,96.39,64.8,978.2,33.82,14.95,1,Very Severe Cyclonic Storm
CYC-2036-NIO-155,Titli,Bay of Bengal,2036-07-23T18:00:00Z,19.78,96.79,59.4,978.4,33.57,11.72,1,Severe Cyclonic Storm
CYC-2036-NIO-155,Titli,Bay of Bengal,2036-07-24T00:00:00Z,20.13,97.06,51.3,983.8,28.18,15.7,1,Severe Cyclonic Storm
CYC-2036-NIO-155,Titli,Bay of Bengal,2036-07-24T06:00:00Z,20.44,97.28,48.0,981.6,30.4,8.71,0,Cyclonic Storm
CYC-2036-NIO-155,Titli,Bay of Bengal,2036-07-24T12:00:00Z,20.85,97.63,40.6,992.5,19.49,15.55,0,Cyclonic Storm
CYC-2036-NIO-155,Titli,Bay of Bengal,2036-07-24T18:00:00Z,21.32,97.88,37.1,991.9,20.12,13.85,0,Cyclonic Storm
CYC-2036-NIO-155,Titli,Bay of Bengal,2036-07-25T00:00:00Z,21.53,98.08,29.8,997.1,14.85,20.56,0,Deep Depression
CYC-2036-NIO-155,Titli,Bay of Bengal,2036-07-25T06:00:00Z,21.83,98.55,25.8,997.1,14.95,14.83,0,Depression
CYC-2036-NIO-155,Titli,Bay of Bengal,2036-07-25T12:00:00Z,22.31,98.85,20.1,988.8,23.25,12.66,0,Depression
CYC-2036-NIO-155,Titli,Bay of Bengal,2036-07-25T18:00:00Z,22.69,99.27,20.0,1000.6,11.44,22.73,0,Depression
CYC-2036-NIO-156,Nivar,Arabian Sea,2036-09-15T00:00:00Z,13.45,71.12,34.6,997.4,14.57,22.38,0,Cyclonic Storm
CYC-2036-NIO-156,Nivar,Arabian Sea,2036-09-15T06:00:00Z,13.85,70.79,40.8,992.1,19.92,8.96,0,Cyclonic Storm
CYC-2036-NIO-156,Nivar,Arabian Sea,2036-09-15T12:00:00Z,14.3,70.56,48.3,984.4,27.56,9.9,1,Severe Cyclonic Storm
CYC-2036-NIO-156,Nivar,Arabian Sea,2036-09-15T18:00:00Z,14.79,70.42,56.5,978.7,33.29,21.75,1,Severe Cyclonic Storm
CYC-2036-NIO-156,Nivar,Arabian Sea,2036-09-16T00:00:00Z,15.27,70.03,66.3,969.9,42.06,17.41,1,Very Severe Cyclonic Storm
CYC-2036-NIO-156,Nivar,Arabian Sea,2036-09-16T06:00:00Z,15.62,69.89,74.1,965.1,46.87,9.43,1,Very Severe Cyclonic Storm
CYC-2036-NIO-156,Nivar,Arabian Sea,2036-09-16T12:00:00Z,16.0,69.61,76.9,962.6,49.36,19.53,1,Very Severe Cyclonic Storm
CYC-2036-NIO-156,Nivar,Arabian Sea,2036-09-16T18:00:00Z,16.36,69.47,80.6,962.5,49.54,18.73,1,Very Severe Cyclonic Storm
CYC-2036-NIO-156,Nivar,Arabian Sea,2036-09-17T00:00:00Z,16.72,69.21,86.2,957.1,54.89,19.96,1,Very Severe Cyclonic Storm
CYC-2036-NIO-156,Nivar,Arabian Sea,2036-09-17T06:00:00Z,17.08,69.04,93.5,954.5,57.51,11.04,1,Extremely Severe Cyclonic Storm
CYC-2036-NIO-156,Nivar,Arabian Sea,2036-09-17T12:00:00Z,17.54,68.77,99.3,957.8,54.19,18.83,1,Extremely Severe Cyclonic Storm
CYC-2036-NIO-156,Nivar,Arabian Sea,2036-09-17T18:00:00Z,17.98,68.64,92.1,954.0,58.0,12.72,1,Extremely Severe Cyclonic Storm
CYC-2036-NIO-156,Nivar,Arabian Sea,2036-09-18T00:00:00Z,18.39,68.49,80.5,961.2,50.81,8.51,1,Very Severe Cyclonic Storm
CYC-2036-NIO-156,Nivar,Arabian Sea,2036-09-18T06:00:00Z,18.91,68.28,75.1,964.5,47.5,15.87,1,Very Severe Cyclonic Storm
CYC-2036-NIO-156,Nivar,Arabian Sea,2036-09-18T12:00:00Z,19.36,68.19,67.5,977.7,34.32,20.56,1,Very Severe Cyclonic Storm
CYC-2036-NIO-156,Nivar,Arabian Sea,2036-09-18T18:00:00Z,19.88,68.1,57.2,973.5,38.53,9.05,1,Severe Cyclonic Storm
CYC-2036-NIO-156,Nivar,Arabian Sea,2036-09-19T00:00:00Z,20.34,67.95,53.5,974.2,37.83,13.38,1,Severe Cyclonic Storm
CYC-2036-NIO-156,Nivar,Arabian Sea,2036-09-19T06:00:00Z,20.83,67.81,44.9,981.3,30.75,22.79,0,Cyclonic Storm
CYC-2036-NIO-157,Tauktae,Bay of Bengal,2036-10-17T12:00:00Z,10.26,88.97,33.6,989.7,22.26,15.27,0,Deep Depression
CYC-2036-NIO-157,Tauktae,Bay of Bengal,2036-10-17T18:00:00Z,10.6,89.16,42.8,979.8,32.2,12.22,0,Cyclonic Storm
CYC-2036-NIO-157,Tauktae,Bay of Bengal,2036-10-18T00:00:00Z,10.85,89.26,50.0,985.0,27.0,21.14,1,Severe Cyclonic Storm
CYC-2036-NIO-157,Tauktae,Bay of Bengal,2036-10-18T06:00:00Z,11.18,89.58,54.1,979.7,32.31,9.16,1,Severe Cyclonic Storm
CYC-2036-NIO-157,Tauktae,Bay of Bengal,2036-10-18T12:00:00Z,11.58,89.78,62.1,967.7,44.31,9.06,1,Severe Cyclonic Storm
CYC-2036-NIO-157,Tauktae,Bay of Bengal,2036-10-18T18:00:00Z,11.81,89.97,71.6,973.0,39.04,9.45,1,Very Severe Cyclonic Storm
CYC-2036-NIO-157,Tauktae,Bay of Bengal,2036-10-19T00:00:00Z,12.12,90.24,81.1,962.7,49.35,13.25,1,Very Severe Cyclonic Storm
CYC-2036-NIO-157,Tauktae,Bay of Bengal,2036-10-19T06:00:00Z,12.53,90.45,91.7,959.8,52.16,11.66,1,Extremely Severe Cyclonic Storm
CYC-2036-NIO-157,Tauktae,Bay of Bengal,2036-10-19T12:00:00Z,12.81,90.61,102.1,950.6,61.39,13.66,1,Extremely Severe Cyclonic Storm
CYC-2036-NIO-157,Tauktae,Bay of Bengal,2036-10-19T18:00:00Z,13.23,90.83,110.6,944.4,67.59,23.25,1,Extremely Severe Cyclonic Storm
CYC-2036-NIO-157,Tauktae,Bay of Bengal,2036-10-20T00:00:00Z,13.55,91.02,119.4,937.0,74.95,15.06,1,Extremely Severe Cyclonic Storm
CYC-2036-NIO-157,Tauktae,Bay of Bengal,2036-10-20T06:00:00Z,13.9,91.26,124.8,927.8,84.18,23.43,1,Super Cyclonic Storm
CYC-2036-NIO-157,Tauktae,Bay of Bengal,2036-10-20T12:00:00Z,14.19,91.49,115.0,944.9,67.05,9.24,1,Extremely Severe Cyclonic Storm
CYC-2036-NIO-157,Tauktae,Bay of Bengal,2036-10-20T18:00:00Z,14.58,91.62,105.2,953.3,58.66,10.56,1,Extremely Severe Cyclonic Storm
CYC-2036-NIO-157,Tauktae,Bay of Bengal,2036-10-21T00:00:00Z,15.0,91.91,97.0,953.8,58.16,21.51,1,Extremely Severe Cyclonic Storm
CYC-2036-NIO-157,Tauktae,Bay of Bengal,2036-10-21T06:00:00Z,15.39,92.14,82.3,965.7,46.34,19.19,1,Very Severe Cyclonic Storm
CYC-2036-NIO-157,Tauktae,Bay of Bengal,2036-10-21T12:00:00Z,15.68,92.35,73.0,967.1,44.91,12.8,1,Very Severe Cyclonic Storm
CYC-2036-NIO-157,Tauktae,Bay of Bengal,2036-10-21T18:00:00Z,15.89,92.53,65.2,974.4,37.64,20.87,1,Very Severe Cyclonic Storm
CYC-2036-NIO-157,Tauktae,Bay of Bengal,2036-10-22T00:00:00Z,16.12,92.65,53.6,984.1,27.92,22.2,1,Severe Cyclonic Storm
CYC-2036-NIO-157,Tauktae,Bay of Bengal,2036-10-22T06:00:00Z,16.29,92.77,44.3,985.5,26.53,10.47,0,Cyclonic Storm
CYC-2036-NIO-157,Tauktae,Bay of Bengal,2036-10-22T12:00:00Z,16.65,92.93,35.2,993.4,18.63,12.43,0,Cyclonic Storm
CYC-2036-NIO-158,Yaas,Bay of Bengal,2036-12-05T18:00:00Z,8.68,91.48,31.7,999.6,12.37,23.39,0,Deep Depression
CYC-2036-NIO-158,Yaas,Bay of Bengal,2036-12-06T00:00:00Z,9.17,91.5,35.7,995.0,17.03,18.47,0,Cyclonic Storm
CYC-2036-NIO-158,Yaas,Bay of Bengal,2036-12-06T06:00:00Z,9.6,91.47,37.3,982.2,29.78,17.76,0,Cyclonic Storm
CYC-2036-NIO-158,Yaas,Bay of Bengal,2036-12-06T12:00:00Z,10.02,91.58,40.5,988.4,23.63,10.57,0,Cyclonic Storm
CYC-2036-NIO-158,Yaas,Bay of Bengal,2036-12-06T18:00:00Z,10.49,91.56,43.5,983.3,28.72,10.37,0,Cyclonic Storm
CYC-2036-NIO-158,Yaas,Bay of Bengal,2036-12-07T00:00:00Z,11.04,91.57,44.2,984.9,27.11,12.03,0,Cyclonic Storm
CYC-2036-NIO-158,Yaas,Bay of Bengal,2036-12-07T06:00:00Z,11.41,91.59,50.9,987.1,24.9,8.99,1,Severe Cyclonic Storm
CYC-2036-NIO-158,Yaas,Bay of Bengal,2036-12-07T12:00:00Z,11.71,91.5,55.3,971.1,40.92,13.54,1,Severe Cyclonic Storm
CYC-2036-NIO-158,Yaas,Bay of Bengal,2036-12-07T18:00:00Z,12.24,91.51,59.2,972.1,39.89,16.09,1,Severe Cyclonic Storm
CYC-2036-NIO-158,Yaas,Bay of Bengal,2036-12-08T00:00:00Z,12.75,91.48,59.9,986.9,25.13,18.68,1,Severe Cyclonic Storm
CYC-2036-NIO-158,Yaas,Bay of Bengal,2036-12-08T06:00:00Z,13.25,91.55,63.1,974.0,37.98,11.43,1,Severe Cyclonic Storm
CYC-2036-NIO-158,Yaas,Bay of Bengal,2036-12-08T12:00:00Z,13.68,91.52,65.1,979.0,32.99,18.72,1,Very Severe Cyclonic Storm
CYC-2036-NIO-158,Yaas,Bay of Bengal,2036-12-08T18:00:00Z,13.87,91.52,66.5,966.1,45.89,13.6,1,Very Severe Cyclonic Storm
CYC-2036-NIO-158,Yaas,Bay of Bengal,2036-12-09T00:00:00Z,14.23,91.59,70.2,967.2,44.82,16.74,1,Very Severe Cyclonic Storm
CYC-2036-NIO-158,Yaas,Bay of Bengal,2036-12-09T06:00:00Z,14.56,91.62,76.0,964.7,47.26,22.23,1,Very Severe Cyclonic Storm
CYC-2036-NIO-158,Yaas,Bay of Bengal,2036-12-09T12:00:00Z,14.96,91.67,76.8,969.0,43.04,13.04,1,Very Severe Cyclonic Storm
CYC-2036-NIO-158,Yaas,Bay of Bengal,2036-12-09T18:00:00Z,15.43,91.66,82.3,969.0,43.03,18.69,1,Very Severe Cyclonic Storm
CYC-2036-NIO-158,Yaas,Bay of Bengal,2036-12-10T00:00:00Z,15.83,91.58,88.2,964.5,47.45,20.67,1,Very Severe Cyclonic Storm
CYC-2036-NIO-158,Yaas,Bay of Bengal,2036-12-10T06:00:00Z,16.33,91.56,95.2,952.2,59.77,15.29,1,Extremely Severe Cyclonic Storm
CYC-2036-NIO-158,Yaas,Bay of Bengal,2036-12-10T12:00:00Z,16.81,91.75,97.3,955.2,56.78,10.98,1,Extremely Severe Cyclonic Storm
CYC-2036-NIO-158,Yaas,Bay of Bengal,2036-12-10T18:00:00Z,17.28,91.67,89.8,958.6,53.4,19.67,1,Very Severe Cyclonic Storm
CYC-2036-NIO-158,Yaas,Bay of Bengal,2036-12-11T00:00:00Z,17.66,91.76,86.2,960.7,51.28,9.1,1,Very Severe Cyclonic Storm
CYC-2036-NIO-158,Yaas,Bay of Bengal,2036-12-11T06:00:00Z,18.18,91.82,82.9,961.8,50.24,19.42,1,Very Severe Cyclonic Storm
CYC-2036-NIO-158,Yaas,Bay of Bengal,2036-12-11T12:00:00Z,18.62,91.89,82.0,964.5,47.52,8.25,1,Very Severe Cyclonic Storm
CYC-2036-NIO-158,Yaas,Bay of Bengal,2036-12-11T18:00:00Z,18.96,92.0,77.8,969.9,42.1,16.49,1,Very Severe Cyclonic Storm
CYC-2036-NIO-158,Yaas,Bay of Bengal,2036-12-12T00:00:00Z,19.44,92.1,71.9,969.6,42.44,23.72,1,Very Severe Cyclonic Storm
CYC-2036-NIO-158,Yaas,Bay of Bengal,2036-12-12T06:00:00Z,19.95,92.24,68.1,969.1,42.95,8.09,1,Very Severe Cyclonic Storm
CYC-2036-NIO-158,Yaas,Bay of Bengal,2036-12-12T12:00:00Z,20.36,92.19,61.8,972.7,39.35,20.85,1,Severe Cyclonic Storm
CYC-2036-NIO-158,Yaas,Bay of Bengal,2036-12-12T18:00:00Z,20.77,92.27,55.2,975.7,36.34,12.79,1,Severe Cyclonic Storm
CYC-2036-NIO-158,Yaas,Bay of Bengal,2036-12-13T00:00:00Z,21.21,92.42,52.4,984.1,27.93,16.13,1,Severe Cyclonic Storm
CYC-2036-NIO-158,Yaas,Bay of Bengal,2036-12-13T06:00:00Z,21.68,92.47,47.4,983.2,28.83,20.88,0,Cyclonic Storm
CYC-2036-NIO-158,Yaas,Bay of Bengal,2036-12-13T12:00:00Z,22.18,92.57,46.5,986.5,25.54,11.03,0,Cyclonic Storm
CYC-2036-NIO-158,Yaas,Bay of Bengal,2036-12-13T18:00:00Z,22.63,92.66,40.7,982.5,29.54,15.16,0,Cyclonic Storm
CYC-2036-NIO-159,Gulab,Arabian Sea,2037-01-08T00:00:00Z,8.58,67.74,32.0,993.9,18.14,22.58,0,Deep Depression
CYC-2036-NIO-159,Gulab,Arabian Sea,2037-01-08T06:00:00Z,9.03,67.4,36.1,994.2,17.81,8.42,0,Cyclonic Storm
CYC-2036-NIO-159,Gulab,Arabian Sea,2037-01-08T12:00:00Z,9.61,67.11,37.6,995.6,16.39,19.76,0,Cyclonic Storm
CYC-2036-NIO-159,Gulab,Arabian Sea,2037-01-08T18:00:00Z,10.16,66.84,36.9,996.0,16.04,21.81,0,Cyclonic Storm
CYC-2036-NIO-159,Gulab,Arabian Sea,2037-01-09T00:00:00Z,10.66,66.58,41.3,983.0,29.02,20.95,0,Cyclonic Storm
CYC-2036-NIO-159,Gulab,Arabian Sea,2037-01-09T06:00:00Z,11.06,66.35,45.0,978.3,33.67,15.15,0,Cyclonic Storm
CYC-2036-NIO-159,Gulab,Arabian Sea,2037-01-09T12:00:00Z,11.48,66.19,47.3,988.0,23.98,8.64,0,Cyclonic Storm
CYC-2036-NIO-159,Gulab,Arabian Sea,2037-01-09T18:00:00Z,12.13,66.07,48.9,987.6,24.38,23.93,1,Severe Cyclonic Storm
CYC-2036-NIO-159,Gulab,Arabian Sea,2037-01-10T00:00:00Z,12.63,65.85,57.0,978.1,33.95,21.47,1,Severe Cyclonic Storm
CYC-2036-NIO-159,Gulab,Arabian Sea,2037-01-10T06:00:00Z,13.11,65.62,60.7,971.2,40.84,9.22,1,Severe Cyclonic Storm
CYC-2036-NIO-159,Gulab,Arabian Sea,2037-01-10T12:00:00Z,13.68,65.39,62.3,973.8,38.16,19.08,1,Severe Cyclonic Storm
CYC-2036-NIO-159,Gulab,Arabian Sea,2037-01-10T18:00:00Z,14.06,65.05,64.9,979.8,32.17,17.61,1,Very Severe Cyclonic Storm
CYC-2036-NIO-159,Gulab,Arabian Sea,2037-01-11T00:00:00Z,14.56,64.75,68.4,971.3,40.67,23.67,1,Very Severe Cyclonic Storm
CYC-2036-NIO-159,Gulab,Arabian Sea,2037-01-11T06:00:00Z,15.05,64.5,73.5,964.8,47.21,12.34,1,Very Severe Cyclonic Storm
CYC-2036-NIO-159,Gulab,Arabian Sea,2037-01-11T12:00:00Z,15.51,64.23,77.2,966.2,45.77,11.76,1,Very Severe Cyclonic Storm
CYC-2036-NIO-159,Gulab,Arabian Sea,2037-01-11T18:00:00Z,15.93,64.03,82.0,967.1,44.91,10.96,1,Very Severe Cyclonic Storm
CYC-2036-NIO-159,Gulab,Arabian Sea,2037-01-12T00:00:00Z,16.49,63.78,87.7,956.1,55.94,18.79,1,Very Severe Cyclonic Storm
CYC-2036-NIO-159,Gulab,Arabian Sea,2037-01-12T06:00:00Z,16.99,63.49,86.5,963.6,48.43,10.63,1,Very Severe Cyclonic Storm
CYC-2036-NIO-159,Gulab,Arabian Sea,2037-01-12T12:00:00Z,17.61,63.19,92.0,959.9,52.12,20.67,1,Extremely Severe Cyclonic Storm
CYC-2036-NIO-159,Gulab,Arabian Sea,2037-01-12T18:00:00Z,18.16,62.7,98.2,949.9,62.09,12.28,1,Extremely Severe Cyclonic Storm
CYC-2036-NIO-159,Gulab,Arabian Sea,2037-01-13T00:00:00Z,18.67,62.38,97.4,952.5,59.47,20.14,1,Extremely Severe Cyclonic Storm
CYC-2036-NIO-159,Gulab,Arabian Sea,2037-01-13T06:00:00Z,19.11,62.3,92.6,954.7,57.31,23.13,1,Extremely Severe Cyclonic Storm
CYC-2036-NIO-159,Gulab,Arabian Sea,2037-01-13T12:00:00Z,19.61,62.06,86.5,959.3,52.69,9.05,1,Very Severe Cyclonic Storm
CYC-2036-NIO-159,Gulab,Arabian Sea,2037-01-13T18:00:00Z,19.99,61.79,79.7,966.6,45.39,18.27,1,Very Severe Cyclonic Storm
CYC-2036-NIO-159,Gulab,Arabian Sea,2037-01-14T00:00:00Z,20.51,61.62,77.0,961.0,50.97,23.31,1,Very Severe Cyclonic Storm
CYC-2036-NIO-159,Gulab,Arabian Sea,2037-01-14T06:00:00Z,20.96,61.33,76.9,960.5,51.46,15.52,1,Very Severe Cyclonic Storm
CYC-2036-NIO-159,Gulab,Arabian Sea,2037-01-14T12:00:00Z,21.45,61.05,70.8,971.7,40.29,22.33,1,Very Severe Cyclonic Storm
CYC-2036-NIO-159,Gulab,Arabian Sea,2037-01-14T18:00:00Z,21.79,60.72,65.8,974.8,37.21,16.58,1,Very Severe Cyclonic Storm
CYC-2036-NIO-159,Gulab,Arabian Sea,2037-01-15T00:00:00Z,22.29,60.38,64.6,967.3,44.67,15.39,1,Very Severe Cyclonic Storm
CYC-2036-NIO-159,Gulab,Arabian Sea,2037-01-15T06:00:00Z,22.75,60.1,64.2,972.1,39.88,12.7,1,Very Severe Cyclonic Storm
CYC-2036-NIO-159,Gulab,Arabian Sea,2037-01-15T12:00:00Z,23.1,59.81,58.6,974.8,37.22,16.77,1,Severe Cyclonic Storm
CYC-2036-NIO-159,Gulab,Arabian Sea,2037-01-15T18:00:00Z,23.58,59.62,55.2,980.3,31.66,17.87,1,Severe Cyclonic Storm
CYC-2036-NIO-159,Gulab,Arabian Sea,2037-01-16T00:00:00Z,24.13,59.35,48.6,981.8,30.15,17.02,1,Severe Cyclonic Storm
CYC-2037-NIO-160,Jawad,Bay of Bengal,2037-02-26T06:00:00Z,10.79,86.52,28.4,989.6,22.45,21.38,0,Deep Depression
CYC-2037-NIO-160,Jawad,Bay of Bengal,2037-02-26T12:00:00Z,11.14,86.51,28.0,999.9,12.12,21.5,0,Deep Depression
CYC-2037-NIO-160,Jawad,Bay of Bengal,2037-02-26T18:00:00Z,11.49,86.59,29.4,995.5,16.5,12.08,0,Deep Depression
CYC-2037-NIO-160,Jawad,Bay of Bengal,2037-02-27T00:00:00Z,11.84,86.61,34.6,999.3,12.68,10.82,0,Cyclonic Storm
CYC-2037-NIO-160,Jawad,Bay of Bengal,2037-02-27T06:00:00Z,12.23,86.68,38.3,989.2,22.76,17.15,0,Cyclonic Storm
CYC-2037-NIO-160,Jawad,Bay of Bengal,2037-02-27T12:00:00Z,12.61,86.78,41.4,975.7,36.28,19.16,0,Cyclonic Storm
CYC-2037-NIO-160,Jawad,Bay of Bengal,2037-02-27T18:00:00Z,13.08,86.81,44.3,983.6,28.39,16.18,0,Cyclonic Storm
CYC-2037-NIO-160,Jawad,Bay of Bengal,2037-02-28T00:00:00Z,13.35,86.92,46.2,973.5,38.52,18.99,0,Cyclonic Storm
CYC-2037-NIO-160,Jawad,Bay of Bengal,2037-02-28T06:00:00Z,13.8,87.04,48.3,985.7,26.3,11.12,1,Severe Cyclonic Storm
CYC-2037-NIO-160,Jawad,Bay of Bengal,2037-02-28T12:00:00Z,14.15,86.95,52.2,982.8,29.23,21.62,1,Severe Cyclonic Storm
CYC-2037-NIO-160,Jawad,Bay of Bengal,2037-02-28T18:00:00Z,14.59,86.88,54.1,978.3,33.73,18.95,1,Severe Cyclonic Storm
CYC-2037-NIO-160,Jawad,Bay of Bengal,2037-03-01T00:00:00Z,15.01,86.86,59.3,978.5,33.48,10.23,1,Severe Cyclonic Storm
CYC-2037-NIO-160,Jawad,Bay of Bengal,2037-03-01T06:00:00Z,15.44,86.97,57.2,985.0,27.03,19.69,1,Severe Cyclonic Storm
CYC-2037-NIO-160,Jawad,Bay of Bengal,2037-03-01T12:00:00Z,15.89,87.13,53.5,985.5,26.46,9.94,1,Severe Cyclonic Storm
CYC-2037-NIO-160,Jawad,Bay of Bengal,2037-03-01T18:00:00Z,16.15,87.22,49.6,982.1,29.91,14.12,1,Severe Cyclonic Storm
CYC-2037-NIO-160,Jawad,Bay of Bengal,2037-03-02T00:00:00Z,16.55,87.38,45.3,983.8,28.25,12.66,0,Cyclonic Storm
CYC-2037-NIO-160,Jawad,Bay of Bengal,2037-03-02T06:00:00Z,16.75,87.39,38.8,990.5,21.52,23.35,0,Cyclonic Storm
CYC-2037-NIO-160,Jawad,Bay of Bengal,2037-03-02T12:00:00Z,17.15,87.34,34.5,988.9,23.13,10.01,0,Cyclonic Storm
CYC-2037-NIO-160,Jawad,Bay of Bengal,2037-03-02T18:00:00Z,17.77,87.54,30.1,994.6,17.41,12.61,0,Deep Depression
CYC-2037-NIO-160,Jawad,Bay of Bengal,2037-03-03T00:00:00Z,18.12,87.57,23.8,1002.0,9.96,17.76,0,Depression
CYC-2037-NIO-161,Mocha,Bay of Bengal,2037-04-11T06:00:00Z,8.87,87.05,33.7,992.7,19.32,12.93,0,Deep Depression
CYC-2037-NIO-161,Mocha,Bay of Bengal,2037-04-11T12:00:00Z,9.4,87.38,37.0,994.9,17.11,16.55,0,Cyclonic Storm
CYC-2037-NIO-161,Mocha,Bay of Bengal,2037-04-11T18:00:00Z,9.82,87.56,40.2,993.6,18.37,11.41,0,Cyclonic Storm
CYC-2037-NIO-161,Mocha,Bay of Bengal,2037-04-12T00:00:00Z,10.22,87.91,45.3,983.0,29.0,10.8,0,Cyclonic Storm
CYC-2037-NIO-161,Mocha,Bay of Bengal,2037-04-12T06:00:00Z,10.6,88.21,53.2,983.8,28.15,9.67,1,Severe Cyclonic Storm
CYC-2037-NIO-161,Mocha,Bay of Bengal,2037-04-12T12:00:00Z,10.95,88.45,57.0,983.0,28.97,11.57,1,Severe Cyclonic Storm
CYC-2037-NIO-161,Mocha,Bay of Bengal,2037-04-12T18:00:00Z,11.26,88.76,60.7,980.9,31.13,15.42,1,Severe Cyclonic Storm
CYC-2037-NIO-161,Mocha,Bay of Bengal,2037-04-13T00:00:00Z,11.66,89.0,66.8,973.5,38.54,9.53,1,Very Severe Cyclonic Storm
CYC-2037-NIO-161,Mocha,Bay of Bengal,2037-04-13T06:00:00Z,12.08,89.33,70.0,980.6,31.42,13.14,1,Very Severe Cyclonic Storm
CYC-2037-NIO-161,Mocha,Bay of Bengal,2037-04-13T12:00:00Z,12.54,89.5,74.4,964.6,47.37,12.46,1,Very Severe Cyclonic Storm
CYC-2037-NIO-161,Mocha,Bay of Bengal,2037-04-13T18:00:00Z,13.09,89.65,78.9,968.5,43.49,11.63,1,Very Severe Cyclonic Storm
CYC-2037-NIO-161,Mocha,Bay of Bengal,2037-04-14T00:00:00Z,13.46,89.86,86.9,961.9,50.07,15.35,1,Very Severe Cyclonic Storm
CYC-2037-NIO-161,Mocha,Bay of Bengal,2037-04-14T06:00:00Z,13.81,90.08,76.3,964.7,47.26,13.64,1,Very Severe Cyclonic Storm
CYC-2037-NIO-161,Mocha,Bay of Bengal,2037-04-14T12:00:00Z,14.12,90.42,73.3,965.3,46.66,18.94,1,Very Severe Cyclonic Storm
CYC-2037-NIO-161,Mocha,Bay of Bengal,2037-04-14T18:00:00Z,14.46,90.63,69.7,967.2,44.83,8.98,1,Very Severe Cyclonic Storm
CYC-2037-NIO-161,Mocha,Bay of Bengal,2037-04-15T00:00:00Z,14.79,90.79,68.2,971.2,40.79,18.4,1,Very Severe Cyclonic Storm
CYC-2037-NIO-161,Mocha,Bay of Bengal,2037-04-15T06:00:00Z,15.05,90.93,61.6,980.9,31.12,23.25,1,Severe Cyclonic Storm
CYC-2037-NIO-161,Mocha,Bay of Bengal,2037-04-15T12:00:00Z,15.49,91.16,54.5,980.6,31.43,23.31,1,Severe Cyclonic Storm
CYC-2037-NIO-161,Mocha,Bay of Bengal,2037-04-15T18:00:00Z,15.76,91.55,49.4,983.5,28.53,12.64,1,Severe Cyclonic Storm
CYC-2037-NIO-161,Mocha,Bay of Bengal,2037-04-16T00:00:00Z,16.06,91.79,42.4,989.7,22.31,20.81,0,Cyclonic Storm
CYC-2037-NIO-162,Biparjoy,Arabian Sea,2037-06-02T06:00:00Z,9.67,68.12,28.5,993.9,18.15,13.39,0,Deep Depression
CYC-2037-NIO-162,Biparjoy,Arabian Sea,2037-06-02T12:00:00Z,10.14,67.95,31.8,994.6,17.38,19.52,0,Deep Depression
CYC-2037-NIO-162,Biparjoy,Arabian Sea,2037-06-02T18:00:00Z,10.56,67.8,32.9,993.3,18.71,14.42,0,Deep Depression
CYC-2037-NIO-162,Biparjoy,Arabian Sea,2037-06-03T00:00:00Z,11.2,67.77,37.4,993.0,18.99,9.31,0,Cyclonic Storm
CYC-2037-NIO-162,Biparjoy,Arabian Sea,2037-06-03T06:00:00Z,11.69,67.45,41.8,981.6,30.39,9.85,0,Cyclonic Storm
CYC-2037-NIO-162,Biparjoy,Arabian Sea,2037-06-03T12:00:00Z,12.19,67.42,46.7,985.1,26.91,19.85,0,Cyclonic Storm
CYC-2037-NIO-162,Biparjoy,Arabian Sea,2037-06-03T18:00:00Z,12.71,67.23,47.9,982.8,29.19,23.88,0,Cyclonic Storm
CYC-2037-NIO-162,Biparjoy,Arabian Sea,2037-06-04T00:00:00Z,13.21,67.01,51.1,973.5,38.53,16.94,1,Severe Cyclonic Storm
CYC-2037-NIO-162,Biparjoy,Arabian Sea,2037-06-04T06:00:00Z,13.74,66.71,52.7,984.0,28.01,14.13,1,Severe Cyclonic Storm
CYC-2037-NIO-162,Biparjoy,Arabian Sea,2037-06-04T12:00:00Z,14.3,66.47,57.1,979.3,32.69,10.72,1,Severe Cyclonic Storm
CYC-2037-NIO-162,Biparjoy,Arabian Sea,2037-06-04T18:00:00Z,14.81,66.19,60.1,976.9,35.09,23.34,1,Severe Cyclonic Storm
CYC-2037-NIO-162,Biparjoy,Arabian Sea,2037-06-05T00:00:00Z,15.26,65.93,58.5,976.2,35.81,18.68,1,Severe Cyclonic Storm
CYC-2037-NIO-162,Biparjoy,Arabian Sea,2037-06-05T06:00:00Z,15.77,65.77,60.7,976.6,35.45,18.04,1,Severe Cyclonic Storm
CYC-2037-NIO-162,Biparjoy,Arabian Sea,2037-06-05T12:00:00Z,16.34,65.57,67.0,967.9,44.13,11.65,1,Very Severe Cyclonic Storm
CYC-2037-NIO-162,Biparjoy,Arabian Sea,2037-06-05T18:00:00Z,16.79,65.28,68.0,967.8,44.21,8.79,1,Very Severe Cyclonic Storm
CYC-2037-NIO-162,Biparjoy,Arabian Sea,2037-06-06T00:00:00Z,17.29,65.03,73.1,972.4,39.59,17.19,1,Very Severe Cyclonic Storm
CYC-2037-NIO-162,Biparjoy,Arabian Sea,2037-06-06T06:00:00Z,17.87,64.75,73.9,967.8,44.2,21.22,1,Very Severe Cyclonic Storm
CYC-2037-NIO-162,Biparjoy,Arabian Sea,2037-06-06T12:00:00Z,18.31,64.68,73.0,968.9,43.05,22.65,1,Very Severe Cyclonic Storm
CYC-2037-NIO-162,Biparjoy,Arabian Sea,2037-06-06T18:00:00Z,18.91,64.42,68.0,973.8,38.18,23.23,1,Very Severe Cyclonic Storm
CYC-2037-NIO-162,Biparjoy,Arabian Sea,2037-06-07T00:00:00Z,19.44,64.25,65.1,973.0,39.03,11.54,1,Very Severe Cyclonic Storm
CYC-2037-NIO-162,Biparjoy,Arabian Sea,2037-06-07T06:00:00Z,19.88,63.96,55.4,979.5,32.49,9.07,1,Severe Cyclonic Storm
CYC-2037-NIO-162,Biparjoy,Arabian Sea,2037-06-07T12:00:00Z,20.39,63.73,50.7,985.6,26.4,22.05,1,Severe Cyclonic Storm
CYC-2037-NIO-162,Biparjoy,Arabian Sea,2037-06-07T18:00:00Z,20.93,63.46,50.6,979.8,32.24,14.7,1,Severe Cyclonic Storm
CYC-2037-NIO-162,Biparjoy,Arabian Sea,2037-06-08T00:00:00Z,21.5,63.26,46.8,981.7,30.25,16.6,0,Cyclonic Storm
CYC-2037-NIO-162,Biparjoy,Arabian Sea,2037-06-08T06:00:00Z,22.08,63.19,45.9,985.6,26.36,15.21,0,Cyclonic Storm
CYC-2037-NIO-162,Biparjoy,Arabian Sea,2037-06-08T12:00:00Z,22.65,63.05,41.1,989.2,22.75,16.43,0,Cyclonic Storm
CYC-2037-NIO-163,Tej,Bay of Bengal,2037-07-05T18:00:00Z,9.91,88.77,33.8,997.7,14.34,14.89,0,Deep Depression
CYC-2037-NIO-163,Tej,Bay of Bengal,2037-07-06T00:00:00Z,10.41,88.77,37.0,986.3,25.68,15.13,0,Cyclonic Storm
CYC-2037-NIO-163,Tej,Bay of Bengal,2037-07-06T06:00:00Z,10.84,88.73,38.6,987.5,24.46,13.49,0,Cyclonic Storm
CYC-2037-NIO-163,Tej,Bay of Bengal,2037-07-06T12:00:00Z,11.3,88.79,40.6,986.5,25.5,11.58,0,Cyclonic Storm
CYC-2037-NIO-163,Tej,Bay of Bengal,2037-07-06T18:00:00Z,11.69,88.74,42.5,985.9,26.05,21.93,0,Cyclonic Storm
CYC-2037-NIO-163,Tej,Bay of Bengal,2037-07-07T00:00:00Z,12.16,88.67,44.8,986.4,25.55,15.95,0,Cyclonic Storm
CYC-2037-NIO-163,Tej,Bay of Bengal,2037-07-07T06:00:00Z,12.56,88.74,49.0,984.7,27.27,23.14,1,Severe Cyclonic Storm
CYC-2037-NIO-163,Tej,Bay of Bengal,2037-07-07T12:00:00Z,13.09,88.85,49.0,982.5,29.47,15.46,1,Severe Cyclonic Storm
CYC-2037-NIO-163,Tej,Bay of Bengal,2037-07-07T18:00:00Z,13.7,88.96,49.1,981.6,30.42,11.44,1,Severe Cyclonic Storm
CYC-2037-NIO-163,Tej,Bay of Bengal,2037-07-08T00:00:00Z,14.1,88.92,50.7,985.7,26.29,17.08,1,Severe Cyclonic Storm
CYC-2037-NIO-163,Tej,Bay of Bengal,2037-07-08T06:00:00Z,14.54,88.85,53.2,981.8,30.16,9.3,1,Severe Cyclonic Storm
CYC-2037-NIO-163,Tej,Bay of Bengal,2037-07-08T12:00:00Z,14.95,88.94,53.4,981.7,30.34,18.79,1,Severe Cyclonic Storm
CYC-2037-NIO-163,Tej,Bay of Bengal,2037-07-08T18:00:00Z,15.4,88.94,52.8,983.2,28.77,22.99,1,Severe Cyclonic Storm
CYC-2037-NIO-163,Tej,Bay of Bengal,2037-07-09T00:00:00Z,15.96,88.92,52.7,982.3,29.73,13.1,1,Severe Cyclonic Storm
CYC-2037-NIO-163,Tej,Bay of Bengal,2037-07-09T06:00:00Z,16.5,88.97,57.3,972.9,39.1,16.44,1,Severe Cyclonic Storm
CYC-2037-NIO-163,Tej,Bay of Bengal,2037-07-09T12:00:00Z,17.09,88.95,60.6,972.1,39.94,9.3,1,Severe Cyclonic Storm
CYC-2037-NIO-163,Tej,Bay of Bengal,2037-07-09T18:00:00Z,17.69,88.94,62.0,974.2,37.83,23.31,1,Severe Cyclonic Storm
CYC-2037-NIO-163,Tej,Bay of Bengal,2037-07-10T00:00:00Z,18.15,89.02,65.2,973.7,38.31,17.2,1,Very Severe Cyclonic Storm
CYC-2037-NIO-163,Tej,Bay of Bengal,2037-07-10T06:00:00Z,18.58,89.04,66.3,969.2,42.83,14.07,1,Very Severe Cyclonic Storm
CYC-2037-NIO-163,Tej,Bay of Bengal,2037-07-10T12:00:00Z,18.97,89.12,68.1,978.3,33.72,23.99,1,Very Severe Cyclonic Storm
CYC-2037-NIO-163,Tej,Bay of Bengal,2037-07-10T18:00:00Z,19.35,89.14,68.0,971.3,40.74,15.88,1,Very Severe Cyclonic Storm
CYC-2037-NIO-163,Tej,Bay of Bengal,2037-07-11T00:00:00Z,19.79,89.03,65.4,973.3,38.67,23.89,1,Very Severe Cyclonic Storm
CYC-2037-NIO-163,Tej,Bay of Bengal,2037-07-11T06:00:00Z,20.17,89.02,59.7,976.8,35.17,19.99,1,Severe Cyclonic Storm
CYC-2037-NIO-163,Tej,Bay of Bengal,2037-07-11T12:00:00Z,20.54,89.14,56.5,977.9,34.11,22.72,1,Severe Cyclonic Storm
CYC-2037-NIO-163,Tej,Bay of Bengal,2037-07-11T18:00:00Z,21.03,89.11,55.2,979.3,32.69,13.95,1,Severe Cyclonic Storm
CYC-2037-NIO-163,Tej,Bay of Bengal,2037-07-12T00:00:00Z,21.64,89.13,51.5,980.4,31.6,15.23,1,Severe Cyclonic Storm
CYC-2037-NIO-163,Tej,Bay of Bengal,2037-07-12T06:00:00Z,22.01,89.08,47.0,989.0,22.99,19.87,0,Cyclonic Storm
CYC-2037-NIO-163,Tej,Bay of Bengal,2037-07-12T12:00:00Z,22.38,89.03,47.3,982.0,30.02,19.06,0,Cyclonic Storm
CYC-2037-NIO-163,Tej,Bay of Bengal,2037-07-12T18:00:00Z,22.72,88.97,45.4,977.9,34.06,20.35,0,Cyclonic Storm
CYC-2037-NIO-163,Tej,Bay of Bengal,2037-07-13T00:00:00Z,23.2,89.05,46.3,987.4,24.58,19.76,0,Cyclonic Storm
CYC-2037-NIO-163,Tej,Bay of Bengal,2037-07-13T06:00:00Z,23.69,89.17,41.5,990.6,21.36,9.02,0,Cyclonic Storm
CYC-2037-NIO-163,Tej,Bay of Bengal,2037-07-13T12:00:00Z,24.07,89.2,36.3,982.5,29.51,22.06,0,Cyclonic Storm
CYC-2037-NIO-163,Tej,Bay of Bengal,2037-07-13T18:00:00Z,24.58,89.12,34.7,987.1,24.93,23.16,0,Cyclonic Storm
CYC-2037-NIO-163,Tej,Bay of Bengal,2037-07-14T00:00:00Z,25.04,89.29,33.7,986.3,25.74,10.51,0,Deep Depression
CYC-2037-NIO-164,Hamoon,Bay of Bengal,2037-09-05T06:00:00Z,7.86,85.52,40.0,982.8,29.23,15.52,0,Cyclonic Storm
CYC-2037-NIO-164,Hamoon,Bay of Bengal,2037-09-05T12:00:00Z,8.36,85.89,43.8,989.2,22.83,16.14,0,Cyclonic Storm
CYC-2037-NIO-164,Hamoon,Bay of Bengal,2037-09-05T18:00:00Z,8.71,86.29,45.8,983.6,28.4,8.1,0,Cyclonic Storm
CYC-2037-NIO-164,Hamoon,Bay of Bengal,2037-09-06T00:00:00Z,9.28,86.56,49.8,985.8,26.17,14.53,1,Severe Cyclonic Storm
CYC-2037-NIO-164,Hamoon,Bay of Bengal,2037-09-06T06:00:00Z,9.83,87.02,54.1,976.4,35.64,21.07,1,Severe Cyclonic Storm
CYC-2037-NIO-164,Hamoon,Bay of Bengal,2037-09-06T12:00:00Z,10.28,87.29,61.0,983.1,28.94,15.37,1,Severe Cyclonic Storm
CYC-2037-NIO-164,Hamoon,Bay of Bengal,2037-09-06T18:00:00Z,10.78,87.66,65.2,974.9,37.15,17.85,1,Very Severe Cyclonic Storm
CYC-2037-NIO-164,Hamoon,Bay of Bengal,2037-09-07T00:00:00Z,11.27,88.09,72.3,970.9,41.13,10.18,1,Very Severe Cyclonic Storm
CYC-2037-NIO-164,Hamoon,Bay of Bengal,2037-09-07T06:00:00Z,11.82,88.46,75.3,968.1,43.94,10.03,1,Very Severe Cyclonic Storm
CYC-2037-NIO-164,Hamoon,Bay of Bengal,2037-09-07T12:00:00Z,12.29,88.79,79.3,964.5,47.49,11.57,1,Very Severe Cyclonic Storm
CYC-2037-NIO-164,Hamoon,Bay of Bengal,2037-09-07T18:00:00Z,12.7,88.93,88.3,961.2,50.78,8.76,1,Very Severe Cyclonic Storm
CYC-2037-NIO-164,Hamoon,Bay of Bengal,2037-09-08T00:00:00Z,13.17,89.28,92.2,959.6,52.44,23.03,1,Extremely Severe Cyclonic Storm
CYC-2037-NIO-164,Hamoon,Bay of Bengal,2037-09-08T06:00:00Z,13.45,89.57,99.2,956.2,55.76,17.72,1,Extremely Severe Cyclonic Storm
CYC-2037-NIO-164,Hamoon,Bay of Bengal,2037-09-08T12:00:00Z,13.94,89.98,103.8,954.5,57.51,21.41,1,Extremely Severe Cyclonic Storm
CYC-2037-NIO-164,Hamoon,Bay of Bengal,2037-09-08T18:00:00Z,14.38,90.25,107.2,950.3,61.71,11.67,1,Extremely Severe Cyclonic Storm
CYC-2037-NIO-164,Hamoon,Bay of Bengal,2037-09-09T00:00:00Z,14.97,90.51,113.4,946.8,65.15,21.25,1,Extremely Severe Cyclonic Storm
CYC-2037-NIO-164,Hamoon,Bay of Bengal,2037-09-09T06:00:00Z,15.42,90.86,119.2,936.8,75.21,13.24,1,Extremely Severe Cyclonic Storm
CYC-2037-NIO-164,Hamoon,Bay of Bengal,2037-09-09T12:00:00Z,15.91,91.09,122.6,944.7,67.3,20.84,1,Super Cyclonic Storm
CYC-2037-NIO-164,Hamoon,Bay of Bengal,2037-09-09T18:00:00Z,16.49,91.52,112.1,946.3,65.69,17.27,1,Extremely Severe Cyclonic Storm
CYC-2037-NIO-164,Hamoon,Bay of Bengal,2037-09-10T00:00:00Z,16.97,91.98,105.5,949.2,62.77,23.77,1,Extremely Severe Cyclonic Storm
CYC-2037-NIO-164,Hamoon,Bay of Bengal,2037-09-10T06:00:00Z,17.5,92.35,99.6,954.5,57.47,8.5,1,Extremely Severe Cyclonic Storm
CYC-2037-NIO-164,Hamoon,Bay of Bengal,2037-09-10T12:00:00Z,17.99,92.78,90.4,951.2,60.81,14.73,1,Extremely Severe Cyclonic Storm
CYC-2037-NIO-164,Hamoon,Bay of Bengal,2037-09-10T18:00:00Z,18.48,93.31,80.3,965.6,46.37,11.13,1,Very Severe Cyclonic Storm
CYC-2037-NIO-164,Hamoon,Bay of Bengal,2037-09-11T00:00:00Z,18.93,93.51,72.4,970.1,41.93,14.1,1,Very Severe Cyclonic Storm
CYC-2037-NIO-164,Hamoon,Bay of Bengal,2037-09-11T06:00:00Z,19.36,94.01,58.7,977.6,34.4,8.93,1,Severe Cyclonic Storm
CYC-2037-NIO-164,Hamoon,Bay of Bengal,2037-09-11T12:00:00Z,19.95,94.44,53.6,977.4,34.62,22.64,1,Severe Cyclonic Storm
CYC-2037-NIO-164,Hamoon,Bay of Bengal,2037-09-11T18:00:00Z,20.61,94.72,45.7,982.8,29.2,21.08,0,Cyclonic Storm
CYC-2037-NIO-164,Hamoon,Bay of Bengal,2037-09-12T00:00:00Z,21.24,94.94,38.5,983.4,28.56,22.84,0,Cyclonic Storm
CYC-2037-NIO-164,Hamoon,Bay of Bengal,2037-09-12T06:00:00Z,21.81,95.3,27.3,989.5,22.47,14.44,0,Depression
CYC-2037-NIO-164,Hamoon,Bay of Bengal,2037-09-12T12:00:00Z,22.32,95.62,20.0,998.6,13.41,12.47,0,Depression
CYC-2037-NIO-164,Hamoon,Bay of Bengal,2037-09-12T18:00:00Z,22.77,95.91,20.0,993.5,18.47,15.54,0,Depression
CYC-2037-NIO-165,Midhili,Arabian Sea,2037-10-14T00:00:00Z,13.83,65.86,33.2,992.4,19.58,13.87,0,Deep Depression
CYC-2037-NIO-165,Midhili,Arabian Sea,2037-10-14T06:00:00Z,14.35,65.88,41.0,985.9,26.09,22.87,0,Cyclonic Storm
CYC-2037-NIO-165,Midhili,Arabian Sea,2037-10-14T12:00:00Z,14.89,66.01,53.4,979.0,33.01,9.77,1,Severe Cyclonic Storm
CYC-2037-NIO-165,Midhili,Arabian Sea,2037-10-14T18:00:00Z,15.37,66.25,63.0,982.1,29.94,12.97,1,Severe Cyclonic Storm
CYC-2037-NIO-165,Midhili,Arabian Sea,2037-10-15T00:00:00Z,15.79,66.4,71.9,964.8,47.25,12.9,1,Very Severe Cyclonic Storm
CYC-2037-NIO-165,Midhili,Arabian Sea,2037-10-15T06:00:00Z,16.32,66.48,82.4,970.3,41.74,11.16,1,Very Severe Cyclonic Storm
CYC-2037-NIO-165,Midhili,Arabian Sea,2037-10-15T12:00:00Z,17.02,66.48,88.7,957.4,54.59,17.84,1,Very Severe Cyclonic Storm
CYC-2037-NIO-165,Midhili,Arabian Sea,2037-10-15T18:00:00Z,17.62,66.45,92.9,948.2,63.8,18.12,1,Extremely Severe Cyclonic Storm
CYC-2037-NIO-165,Midhili,Arabian Sea,2037-10-16T00:00:00Z,18.1,66.36,97.9,954.7,57.32,10.31,1,Extremely Severe Cyclonic Storm
CYC-2037-NIO-165,Midhili,Arabian Sea,2037-10-16T06:00:00Z,18.57,66.37,105.4,947.8,64.22,10.63,1,Extremely Severe Cyclonic Storm
CYC-2037-NIO-165,Midhili,Arabian Sea,2037-10-16T12:00:00Z,19.06,66.54,112.4,945.1,66.86,22.73,1,Extremely Severe Cyclonic Storm
CYC-2037-NIO-165,Midhili,Arabian Sea,2037-10-16T18:00:00Z,19.56,66.62,121.4,934.3,77.66,22.75,1,Super Cyclonic Storm
CYC-2037-NIO-165,Midhili,Arabian Sea,2037-10-17T00:00:00Z,20.05,66.45,127.9,929.8,82.21,12.58,1,Super Cyclonic Storm
CYC-2037-NIO-165,Midhili,Arabian Sea,2037-10-17T06:00:00Z,20.6,66.49,133.4,936.8,75.17,22.17,1,Super Cyclonic Storm
CYC-2037-NIO-165,Midhili,Arabian Sea,2037-10-17T12:00:00Z,21.09,66.42,143.0,929.7,82.33,21.78,1,Super Cyclonic Storm
CYC-2037-NIO-165,Midhili,Arabian Sea,2037-10-17T18:00:00Z,21.53,66.57,131.3,931.1,80.92,14.29,1,Super Cyclonic Storm
CYC-2037-NIO-165,Midhili,Arabian Sea,2037-10-18T00:00:00Z,21.96,66.56,124.3,936.6,75.4,21.99,1,Super Cyclonic Storm
CYC-2037-NIO-165,Midhili,Arabian Sea,2037-10-18T06:00:00Z,22.38,66.56,115.5,937.8,74.21,16.11,1,Extremely Severe Cyclonic Storm
CYC-2037-NIO-165,Midhili,Arabian Sea,2037-10-18T12:00:00Z,23.04,66.51,99.5,949.1,62.89,17.67,1,Extremely Severe Cyclonic Storm
CYC-2037-NIO-165,Midhili,Arabian Sea,2037-10-18T18:00:00Z,23.64,66.52,87.3,958.4,53.58,21.95,1,Very Severe Cyclonic Storm
CYC-2037-NIO-165,Midhili,Arabian Sea,2037-10-19T00:00:00Z,24.19,66.75,79.2,969.9,42.08,21.07,1,Very Severe Cyclonic Storm
CYC-2037-NIO-165,Midhili,Arabian Sea,2037-10-19T06:00:00Z,24.72,66.77,67.4,974.1,37.91,14.52,1,Very Severe Cyclonic Storm
CYC-2037-NIO-165,Midhili,Arabian Sea,2037-10-19T12:00:00Z,25.29,66.94,53.8,971.0,40.95,10.93,1,Severe Cyclonic Storm
CYC-2037-NIO-165,Midhili,Arabian Sea,2037-10-19T18:00:00Z,25.98,66.89,42.7,986.7,25.32,18.63,0,Cyclonic Storm
CYC-2037-NIO-165,Midhili,Arabian Sea,2037-10-20T00:00:00Z,26.56,66.87,30.6,993.2,18.83,9.56,0,Deep Depression
CYC-2037-NIO-166,Michaung,Bay of Bengal,2037-11-06T06:00:00Z,8.07,87.71,32.3,997.4,14.58,8.46,0,Deep Depression
CYC-2037-NIO-166,Michaung,Bay of Bengal,2037-11-06T12:00:00Z,8.74,88.07,35.3,996.8,15.21,9.55,0,Cyclonic Storm
CYC-2037-NIO-166,Michaung,Bay of Bengal,2037-11-06T18:00:00Z,9.12,88.45,39.7,990.9,21.11,15.56,0,Cyclonic Storm
CYC-2037-NIO-166,Michaung,Bay of Bengal,2037-11-07T00:00:00Z,9.55,88.67,40.1,988.5,23.53,22.28,0,Cyclonic Storm
CYC-2037-NIO-166,Michaung,Bay of Bengal,2037-11-07T06:00:00Z,9.93,88.94,45.3,981.2,30.83,8.41,0,Cyclonic Storm
CYC-2037-NIO-166,Michaung,Bay of Bengal,2037-11-07T12:00:00Z,10.61,89.1,52.0,977.7,34.34,18.81,1,Severe Cyclonic Storm
CYC-2037-NIO-166,Michaung,Bay of Bengal,2037-11-07T18:00:00Z,11.13,89.46,53.1,981.1,30.91,14.17,1,Severe Cyclonic Storm
CYC-2037-NIO-166,Michaung,Bay of Bengal,2037-11-08T00:00:00Z,11.68,89.62,58.8,971.1,40.85,15.16,1,Severe Cyclonic Storm
CYC-2037-NIO-166,Michaung,Bay of Bengal,2037-11-08T06:00:00Z,12.25,89.94,61.0,978.9,33.07,16.06,1,Severe Cyclonic Storm
CYC-2037-NIO-166,Michaung,Bay of Bengal,2037-11-08T12:00:00Z,12.89,90.24,64.3,976.6,35.37,21.14,1,Very Severe Cyclonic Storm
CYC-2037-NIO-166,Michaung,Bay of Bengal,2037-11-08T18:00:00Z,13.45,90.51,67.0,967.7,44.3,21.64,1,Very Severe Cyclonic Storm
CYC-2037-NIO-166,Michaung,Bay of Bengal,2037-11-09T00:00:00Z,13.98,90.82,71.0,964.6,47.36,19.72,1,Very Severe Cyclonic Storm
CYC-2037-NIO-166,Michaung,Bay of Bengal,2037-11-09T06:00:00Z,14.45,91.24,76.2,966.4,45.6,18.79,1,Very Severe Cyclonic Storm
CYC-2037-NIO-166,Michaung,Bay of Bengal,2037-11-09T12:00:00Z,14.97,91.38,80.5,964.0,47.99,23.43,1,Very Severe Cyclonic Storm
CYC-2037-NIO-166,Michaung,Bay of Bengal,2037-11-09T18:00:00Z,15.61,91.78,83.7,962.1,49.86,10.39,1,Very Severe Cyclonic Storm
CYC-2037-NIO-166,Michaung,Bay of Bengal,2037-11-10T00:00:00Z,16.13,92.1,89.6,957.8,54.19,20.72,1,Very Severe Cyclonic Storm
CYC-2037-NIO-166,Michaung,Bay of Bengal,2037-11-10T06:00:00Z,16.59,92.4,94.6,957.2,54.76,20.65,1,Extremely Severe Cyclonic Storm
CYC-2037-NIO-166,Michaung,Bay of Bengal,2037-11-10T12:00:00Z,17.04,92.8,88.2,955.2,56.85,8.6,1,Very Severe Cyclonic Storm
CYC-2037-NIO-166,Michaung,Bay of Bengal,2037-11-10T18:00:00Z,17.51,93.06,82.9,970.7,41.35,15.33,1,Very Severe Cyclonic Storm
CYC-2037-NIO-166,Michaung,Bay of Bengal,2037-11-11T00:00:00Z,18.01,93.5,75.9,966.1,45.93,8.13,1,Very Severe Cyclonic Storm
CYC-2037-NIO-166,Michaung,Bay of Bengal,2037-11-11T06:00:00Z,18.6,93.69,68.1,973.3,38.68,8.74,1,Very Severe Cyclonic Storm
CYC-2037-NIO-166,Michaung,Bay of Bengal,2037-11-11T12:00:00Z,19.2,94.09,62.6,973.5,38.47,19.99,1,Severe Cyclonic Storm
CYC-2037-NIO-166,Michaung,Bay of Bengal,2037-11-11T18:00:00Z,19.66,94.31,55.4,978.0,34.03,11.72,1,Severe Cyclonic Storm
CYC-2037-NIO-166,Michaung,Bay of Bengal,2037-11-12T00:00:00Z,20.23,94.62,50.0,984.9,27.1,13.22,1,Severe Cyclonic Storm
CYC-2037-NIO-166,Michaung,Bay of Bengal,2037-11-12T06:00:00Z,20.81,94.95,44.4,989.8,22.23,19.52,0,Cyclonic Storm
CYC-2037-NIO-166,Michaung,Bay of Bengal,2037-11-12T12:00:00Z,21.25,95.32,32.8,985.8,26.17,19.45,0,Deep Depression
CYC-2037-NIO-166,Michaung,Bay of Bengal,2037-11-12T18:00:00Z,21.81,95.69,20.0,999.6,12.4,13.97,0,Depression
CYC-2037-NIO-166,Michaung,Bay of Bengal,2037-11-13T00:00:00Z,22.41,96.1,20.0,1000.9,11.06,9.63,0,Depression
CYC-2037-NIO-167,Remal,Bay of Bengal,2037-12-10T06:00:00Z,7.82,86.7,37.2,986.3,25.67,12.96,0,Cyclonic Storm
CYC-2037-NIO-167,Remal,Bay of Bengal,2037-12-10T12:00:00Z,8.45,87.0,40.8,993.2,18.85,16.43,0,Cyclonic Storm
CYC-2037-NIO-167,Remal,Bay of Bengal,2037-12-10T18:00:00Z,9.03,87.51,44.9,980.7,31.32,22.17,0,Cyclonic Storm
CYC-2037-NIO-167,Remal,Bay of Bengal,2037-12-11T00:00:00Z,9.67,87.88,46.1,980.8,31.19,21.62,0,Cyclonic Storm
CYC-2037-NIO-167,Remal,Bay of Bengal,2037-12-11T06:00:00Z,10.37,88.17,50.5,979.3,32.73,16.78,1,Severe Cyclonic Storm
CYC-2037-NIO-167,Remal,Bay of Bengal,2037-12-11T12:00:00Z,10.94,88.38,55.4,987.3,24.7,11.52,1,Severe Cyclonic Storm
CYC-2037-NIO-167,Remal,Bay of Bengal,2037-12-11T18:00:00Z,11.46,88.81,58.6,969.8,42.23,18.82,1,Severe Cyclonic Storm
CYC-2037-NIO-167,Remal,Bay of Bengal,2037-12-12T00:00:00Z,11.98,89.15,61.5,981.4,30.64,19.31,1,Severe Cyclonic Storm
CYC-2037-NIO-167,Remal,Bay of Bengal,2037-12-12T06:00:00Z,12.63,89.46,66.5,972.3,39.67,9.26,1,Very Severe Cyclonic Storm
CYC-2037-NIO-167,Remal,Bay of Bengal,2037-12-12T12:00:00Z,13.33,89.82,69.4,970.6,41.4,23.56,1,Very Severe Cyclonic Storm
CYC-2037-NIO-167,Remal,Bay of Bengal,2037-12-12T18:00:00Z,13.83,90.1,78.9,960.6,51.36,20.26,1,Very Severe Cyclonic Storm
CYC-2037-NIO-167,Remal,Bay of Bengal,2037-12-13T00:00:00Z,14.31,90.28,77.9,968.4,43.63,22.63,1,Very Severe Cyclonic Storm
CYC-2037-NIO-167,Remal,Bay of Bengal,2037-12-13T06:00:00Z,14.88,90.72,80.8,961.5,50.5,10.44,1,Very Severe Cyclonic Storm
CYC-2037-NIO-167,Remal,Bay of Bengal,2037-12-13T12:00:00Z,15.5,91.03,85.4,961.1,50.88,11.7,1,Very Severe Cyclonic Storm
CYC-2037-NIO-167,Remal,Bay of Bengal,2037-12-13T18:00:00Z,16.11,91.38,90.1,961.0,50.96,11.02,1,Extremely Severe Cyclonic Storm
CYC-2037-NIO-167,Remal,Bay of Bengal,2037-12-14T00:00:00Z,16.63,91.82,98.4,955.6,56.42,17.75,1,Extremely Severe Cyclonic Storm
CYC-2037-NIO-167,Remal,Bay of Bengal,2037-12-14T06:00:00Z,17.28,92.27,93.4,953.0,59.04,18.62,1,Extremely Severe Cyclonic Storm
CYC-2037-NIO-167,Remal,Bay of Bengal,2037-12-14T12:00:00Z,17.78,92.53,88.7,954.7,57.25,23.79,1,Very Severe Cyclonic Storm
CYC-2037-NIO-167,Remal,Bay of Bengal,2037-12-14T18:00:00Z,18.37,92.74,84.1,964.8,47.17,21.91,1,Very Severe Cyclonic Storm
CYC-2037-NIO-167,Remal,Bay of Bengal,2037-12-15T00:00:00Z,18.86,92.98,81.2,964.7,47.32,21.17,1,Very Severe Cyclonic Storm
CYC-2037-NIO-167,Remal,Bay of Bengal,2037-12-15T06:00:00Z,19.44,93.45,74.5,962.4,49.61,10.5,1,Very Severe Cyclonic Storm
CYC-2037-NIO-167,Remal,Bay of Bengal,2037-12-15T12:00:00Z,20.06,93.71,66.9,981.2,30.8,23.97,1,Very Severe Cyclonic Storm
CYC-2037-NIO-167,Remal,Bay of Bengal,2037-12-15T18:00:00Z,20.45,94.16,62.1,975.8,36.24,9.56,1,Severe Cyclonic Storm
CYC-2037-NIO-167,Remal,Bay of Bengal,2037-12-16T00:00:00Z,20.97,94.53,59.8,968.6,43.42,16.76,1,Severe Cyclonic Storm
CYC-2037-NIO-167,Remal,Bay of Bengal,2037-12-16T06:00:00Z,21.47,94.85,50.8,984.3,27.66,15.71,1,Severe Cyclonic Storm
CYC-2037-NIO-167,Remal,Bay of Bengal,2037-12-16T12:00:00Z,22.1,95.09,48.8,983.3,28.68,14.49,1,Severe Cyclonic Storm
CYC-2037-NIO-167,Remal,Bay of Bengal,2037-12-16T18:00:00Z,22.71,95.44,42.4,989.3,22.7,22.22,0,Cyclonic Storm
CYC-2037-NIO-168,Asna,Arabian Sea,2038-01-17T00:00:00Z,10.74,69.98,30.3,997.0,15.03,18.09,0,Deep Depression
CYC-2037-NIO-168,Asna,Arabian Sea,2038-01-17T06:00:00Z,11.17,69.77,35.6,995.5,16.51,13.91,0,Cyclonic Storm
CYC-2037-NIO-168,Asna,Arabian Sea,2038-01-17T12:00:00Z,11.7,69.55,39.0,987.5,24.49,22.77,0,Cyclonic Storm
CYC-2037-NIO-168,Asna,Arabian Sea,2038-01-17T18:00:00Z,12.19,69.4,40.8,986.6,25.44,10.78,0,Cyclonic Storm
CYC-2037-NIO-168,Asna,Arabian Sea,2038-01-18T00:00:00Z,12.68,69.26,43.3,986.4,25.6,20.48,0,Cyclonic Storm
CYC-2037-NIO-168,Asna,Arabian Sea,2038-01-18T06:00:00Z,13.21,69.08,45.0,994.0,18.0,19.41,0,Cyclonic Storm
CYC-2037-NIO-168,Asna,Arabian Sea,2038-01-18T12:00:00Z,13.66,68.85,47.2,994.3,17.73,16.55,0,Cyclonic Storm
CYC-2037-NIO-168,Asna,Arabian Sea,2038-01-18T18:00:00Z,13.92,68.56,50.5,984.3,27.65,9.3,1,Severe Cyclonic Storm
CYC-2037-NIO-168,Asna,Arabian Sea,2038-01-19T00:00:00Z,14.35,68.46,55.2,985.6,26.42,19.41,1,Severe Cyclonic Storm
CYC-2037-NIO-168,Asna,Arabian Sea,2038-01-19T06:00:00Z,14.94,68.17,57.9,971.4,40.56,23.69,1,Severe Cyclonic Storm
CYC-2037-NIO-168,Asna,Arabian Sea,2038-01-19T12:00:00Z,15.46,67.92,61.3,978.7,33.32,18.91,1,Severe Cyclonic Storm
CYC-2037-NIO-168,Asna,Arabian Sea,2038-01-19T18:00:00Z,15.81,67.79,62.9,969.2,42.79,11.5,1,Severe Cyclonic Storm
CYC-2037-NIO-168,Asna,Arabian Sea,2038-01-20T00:00:00Z,16.26,67.61,68.6,969.3,42.72,20.47,1,Very Severe Cyclonic Storm
CYC-2037-NIO-168,Asna,Arabian Sea,2038-01-20T06:00:00Z,16.62,67.45,71.4,967.4,44.62,16.16,1,Very Severe Cyclonic Storm
CYC-2037-NIO-168,Asna,Arabian Sea,2038-01-20T12:00:00Z,17.14,67.14,76.4,964.4,47.55,10.23,1,Very Severe Cyclonic Storm
CYC-2037-NIO-168,Asna,Arabian Sea,2038-01-20T18:00:00Z,17.7,66.89,81.0,967.1,44.94,15.17,1,Very Severe Cyclonic Storm
CYC-2037-NIO-168,Asna,Arabian Sea,2038-01-21T00:00:00Z,18.18,66.67,84.5,958.6,53.42,13.88,1,Very Severe Cyclonic Storm
CYC-2037-NIO-168,Asna,Arabian Sea,2038-01-21T06:00:00Z,18.69,66.41,80.0,962.6,49.45,17.0,1,Very Severe Cyclonic Storm
CYC-2037-NIO-168,Asna,Arabian Sea,2038-01-21T12:00:00Z,19.04,66.15,79.5,958.6,53.39,12.92,1,Very Severe Cyclonic Storm
CYC-2037-NIO-168,Asna,Arabian Sea,2038-01-21T18:00:00Z,19.53,66.02,80.6,967.6,44.4,13.41,1,Very Severe Cyclonic Storm
CYC-2037-NIO-168,Asna,Arabian Sea,2038-01-22T00:00:00Z,19.96,65.84,68.5,973.2,38.75,10.69,1,Very Severe Cyclonic Storm
CYC-2037-NIO-168,Asna,Arabian Sea,2038-01-22T06:00:00Z,20.59,65.55,66.0,967.5,44.48,9.95,1,Very Severe Cyclonic Storm
CYC-2037-NIO-168,Asna,Arabian Sea,2038-01-22T12:00:00Z,21.2,65.2,60.4,972.2,39.84,14.36,1,Severe Cyclonic Storm
CYC-2037-NIO-168,Asna,Arabian Sea,2038-01-22T18:00:00Z,21.58,65.08,50.5,986.5,25.53,19.05,1,Severe Cyclonic Storm
CYC-2037-NIO-168,Asna,Arabian Sea,2038-01-23T00:00:00Z,22.01,64.9,43.2,986.7,25.32,14.12,0,Cyclonic Storm
CYC-2037-NIO-168,Asna,Arabian Sea,2038-01-23T06:00:00Z,22.57,64.73,39.0,990.6,21.44,10.06,0,Cyclonic Storm
CYC-2037-NIO-168,Asna,Arabian Sea,2038-01-23T12:00:00Z,23.08,64.39,33.7,994.9,17.08,22.71,0,Deep Depression
CYC-2037-NIO-168,Asna,Arabian Sea,2038-01-23T18:00:00Z,23.6,64.29,29.2,992.9,19.12,9.0,0,Deep Depression
CYC-2037-NIO-168,Asna,Arabian Sea,2038-01-24T00:00:00Z,24.05,63.99,28.0,995.5,16.5,19.72,0,Deep Depression
CYC-2038-NIO-169,Dana,Bay of Bengal,2038-03-01T06:00:00Z,10.77,91.49,29.8,995.5,16.48,11.52,0,Deep Depression
CYC-2038-NIO-169,Dana,Bay of Bengal,2038-03-01T12:00:00Z,11.11,91.5,35.3,988.0,23.98,8.98,0,Cyclonic Storm
CYC-2038-NIO-169,Dana,Bay of Bengal,2038-03-01T18:00:00Z,11.48,91.54,35.4,993.4,18.62,19.04,0,Cyclonic Storm
CYC-2038-NIO-169,Dana,Bay of Bengal,2038-03-02T00:00:00Z,11.69,91.55,40.3,987.2,24.8,12.66,0,Cyclonic Storm
CYC-2038-NIO-169,Dana,Bay of Bengal,2038-03-02T06:00:00Z,11.91,91.52,45.7,980.8,31.23,14.51,0,Cyclonic Storm
CYC-2038-NIO-169,Dana,Bay of Bengal,2038-03-02T12:00:00Z,12.34,91.63,50.6,976.3,35.68,19.89,1,Severe Cyclonic Storm
CYC-2038-NIO-169,Dana,Bay of Bengal,2038-03-02T18:00:00Z,12.81,91.8,53.0,983.9,28.05,17.15,1,Severe Cyclonic Storm
CYC-2038-NIO-169,Dana,Bay of Bengal,2038-03-03T00:00:00Z,13.23,91.79,61.7,973.8,38.23,20.71,1,Severe Cyclonic Storm
CYC-2038-NIO-169,Dana,Bay of Bengal,2038-03-03T06:00:00Z,13.63,91.87,66.1,972.1,39.92,17.9,1,Very Severe Cyclonic Storm
CYC-2038-NIO-169,Dana,Bay of Bengal,2038-03-03T12:00:00Z,14.05,91.92,68.8,967.6,44.43,16.21,1,Very Severe Cyclonic Storm
CYC-2038-NIO-169,Dana,Bay of Bengal,2038-03-03T18:00:00Z,14.4,92.08,71.6,977.5,34.49,17.77,1,Very Severe Cyclonic Storm
CYC-2038-NIO-169,Dana,Bay of Bengal,2038-03-04T00:00:00Z,14.73,92.15,77.9,968.0,44.0,15.15,1,Very Severe Cyclonic Storm
CYC-2038-NIO-169,Dana,Bay of Bengal,2038-03-04T06:00:00Z,15.06,92.27,79.4,959.6,52.43,15.98,1,Very Severe Cyclonic Storm
CYC-2038-NIO-169,Dana,Bay of Bengal,2038-03-04T12:00:00Z,15.51,92.37,86.9,955.6,56.42,19.53,1,Very Severe Cyclonic Storm
CYC-2038-NIO-169,Dana,Bay of Bengal,2038-03-04T18:00:00Z,15.83,92.38,91.8,959.7,52.33,18.37,1,Extremely Severe Cyclonic Storm
CYC-2038-NIO-169,Dana,Bay of Bengal,2038-03-05T00:00:00Z,16.3,92.43,95.2,957.8,54.19,17.76,1,Extremely Severe Cyclonic Storm
CYC-2038-NIO-169,Dana,Bay of Bengal,2038-03-05T06:00:00Z,16.65,92.39,100.6,955.3,56.69,8.1,1,Extremely Severe Cyclonic Storm
CYC-2038-NIO-169,Dana,Bay of Bengal,2038-03-05T12:00:00Z,16.98,92.42,102.6,953.1,58.88,13.68,1,Extremely Severe Cyclonic Storm
CYC-2038-NIO-169,Dana,Bay of Bengal,2038-03-05T18:00:00Z,17.19,92.56,107.9,948.7,63.26,13.45,1,Extremely Severe Cyclonic Storm
CYC-2038-NIO-169,Dana,Bay of Bengal,2038-03-06T00:00:00Z,17.61,92.75,104.0,945.9,66.14,16.62,1,Extremely Severe Cyclonic Storm
CYC-2038-NIO-169,Dana,Bay of Bengal,2038-03-06T06:00:00Z,18.01,92.75,99.7,950.8,61.17,15.61,1,Extremely Severe Cyclonic Storm
CYC-2038-NIO-169,Dana,Bay of Bengal,2038-03-06T12:00:00Z,18.5,92.73,94.9,945.5,66.47,14.75,1,Extremely Severe Cyclonic Storm
CYC-2038-NIO-169,Dana,Bay of Bengal,2038-03-06T18:00:00Z,18.92,92.74,86.5,952.9,59.11,11.84,1,Very Severe Cyclonic Storm
CYC-2038-NIO-169,Dana,Bay of Bengal,2038-03-07T00:00:00Z,19.34,92.83,77.6,960.8,51.21,19.26,1,Very Severe Cyclonic Storm
CYC-2038-NIO-169,Dana,Bay of Bengal,2038-03-07T06:00:00Z,19.88,92.97,73.3,968.6,43.43,18.72,1,Very Severe Cyclonic Storm
CYC-2038-NIO-169,Dana,Bay of Bengal,2038-03-07T12:00:00Z,20.04,92.91,68.4,969.6,42.39,8.57,1,Very Severe Cyclonic Storm
CYC-2038-NIO-169,Dana,Bay of Bengal,2038-03-07T18:00:00Z,20.49,92.84,61.5,971.4,40.62,23.75,1,Severe Cyclonic Storm
CYC-2038-NIO-169,Dana,Bay of Bengal,2038-03-08T00:00:00Z,20.92,92.84,52.4,975.7,36.27,21.52,1,Severe Cyclonic Storm
CYC-2038-NIO-169,Dana,Bay of Bengal,2038-03-08T06:00:00Z,21.28,92.77,49.1,978.7,33.31,21.77,1,Severe Cyclonic Storm
CYC-2038-NIO-169,Dana,Bay of Bengal,2038-03-08T12:00:00Z,21.5,92.74,46.1,986.3,25.7,11.68,0,Cyclonic Storm
CYC-2038-NIO-169,Dana,Bay of Bengal,2038-03-08T18:00:00Z,21.67,92.82,40.5,987.3,24.74,16.33,0,Cyclonic Storm
CYC-2038-NIO-169,Dana,Bay of Bengal,2038-03-09T00:00:00Z,22.07,92.88,32.9,986.6,25.37,21.69,0,Deep Depression
CYC-2038-NIO-170,Amphan,Bay of Bengal,2038-04-07T06:00:00Z,8.44,86.07,39.0,991.9,20.09,14.92,0,Cyclonic Storm
CYC-2038-NIO-170,Amphan,Bay of Bengal,2038-04-07T12:00:00Z,8.84,86.14,45.6,980.5,31.51,19.66,0,Cyclonic Storm
CYC-2038-NIO-170,Amphan,Bay of Bengal,2038-04-07T18:00:00Z,9.24,86.15,52.6,978.3,33.67,21.19,1,Severe Cyclonic Storm
CYC-2038-NIO-170,Amphan,Bay of Bengal,2038-04-08T00:00:00Z,9.53,86.27,61.7,967.9,44.14,14.35,1,Severe Cyclonic Storm
CYC-2038-NIO-170,Amphan,Bay of Bengal,2038-04-08T06:00:00Z,9.81,86.29,71.6,970.3,41.65,10.65,1,Very Severe Cyclonic Storm
CYC-2038-NIO-170,Amphan,Bay of Bengal,2038-04-08T12:00:00Z,10.1,86.33,78.2,974.6,37.42,12.77,1,Very Severe Cyclonic Storm
CYC-2038-NIO-170,Amphan,Bay of Bengal,2038-04-08T18:00:00Z,10.48,86.28,83.1,961.3,50.74,20.36,1,Very Severe Cyclonic Storm
CYC-2038-NIO-170,Amphan,Bay of Bengal,2038-04-09T00:00:00Z,10.89,86.21,86.8,961.0,50.97,9.22,1,Very Severe Cyclonic Storm
CYC-2038-NIO-170,Amphan,Bay of Bengal,2038-04-09T06:00:00Z,11.22,86.21,93.6,954.4,57.64,16.62,1,Extremely Severe Cyclonic Storm
CYC-2038-NIO-170,Amphan,Bay of Bengal,2038-04-09T12:00:00Z,11.61,86.05,102.8,958.3,53.72,18.28,1,Extremely Severe Cyclonic Storm
CYC-2038-NIO-170,Amphan,Bay of Bengal,2038-04-09T18:00:00Z,11.95,86.1,111.3,938.8,73.2,8.74,1,Extremely Severe Cyclonic Storm
CYC-2038-NIO-170,Amphan,Bay of Bengal,2038-04-10T00:00:00Z,12.25,86.22,117.9,943.3,68.7,20.34,1,Extremely Severe Cyclonic Storm
CYC-2038-NIO-170,Amphan,Bay of Bengal,2038-04-10T06:00:00Z,12.41,86.25,120.1,945.0,66.98,11.85,1,Super Cyclonic Storm
CYC-2038-NIO-170,Amphan,Bay of Bengal,2038-04-10T12:00:00Z,12.67,86.19,125.6,935.6,76.4,14.82,1,Super Cyclonic Storm
CYC-2038-NIO-170,Amphan,Bay of Bengal,2038-04-10T18:00:00Z,13.0,86.07,131.5,938.8,73.21,23.27,1,Super Cyclonic Storm
CYC-2038-NIO-170,Amphan,Bay of Bengal,2038-04-11T00:00:00Z,13.37,86.06,139.4,925.1,86.91,8.99,1,Super Cyclonic Storm
CYC-2038-NIO-170,Amphan,Bay of Bengal,2038-04-11T06:00:00Z,13.62,86.1,148.0,928.9,83.12,22.78,1,Super Cyclonic Storm
CYC-2038-NIO-170,Amphan,Bay of Bengal,2038-04-11T12:00:00Z,13.87,86.24,137.2,925.3,86.68,9.86,1,Super Cyclonic Storm
CYC-2038-NIO-170,Amphan,Bay of Bengal,2038-04-11T18:00:00Z,14.19,86.29,121.6,941.5,70.5,13.8,1,Super Cyclonic Storm
CYC-2038-NIO-170,Amphan,Bay of Bengal,2038-04-12T00:00:00Z,14.44,86.35,109.3,942.5,69.53,16.12,1,Extremely Severe Cyclonic Storm
CYC-2038-NIO-170,Amphan,Bay of Bengal,2038-04-12T06:00:00Z,14.74,86.38,106.0,950.1,61.89,15.23,1,Extremely Severe Cyclonic Storm
CYC-2038-NIO-170,Amphan,Bay of Bengal,2038-04-12T12:00:00Z,15.03,86.47,99.1,948.8,63.2,13.58,1,Extremely Severe Cyclonic Storm
CYC-2038-NIO-170,Amphan,Bay of Bengal,2038-04-12T18:00:00Z,15.28,86.4,90.6,958.2,53.83,13.32,1,Extremely Severe Cyclonic Storm
CYC-2038-NIO-170,Amphan,Bay of Bengal,2038-04-13T00:00:00Z,15.71,86.33,82.3,958.3,53.73,11.2,1,Very Severe Cyclonic Storm
CYC-2038-NIO-170,Amphan,Bay of Bengal,2038-04-13T06:00:00Z,16.14,86.26,76.0,966.1,45.94,8.75,1,Very Severe Cyclonic Storm
CYC-2038-NIO-170,Amphan,Bay of Bengal,2038-04-13T12:00:00Z,16.48,86.36,64.2,973.3,38.69,17.46,1,Very Severe Cyclonic Storm
CYC-2038-NIO-170,Amphan,Bay of Bengal,2038-04-13T18:00:00Z,16.83,86.44,53.2,976.7,35.33,16.42,1,Severe Cyclonic Storm
CYC-2038-NIO-170,Amphan,Bay of Bengal,2038-04-14T00:00:00Z,17.11,86.47,46.9,990.1,21.94,13.31,0,Cyclonic Storm
CYC-2038-NIO-170,Amphan,Bay of Bengal,2038-04-14T06:00:00Z,17.54,86.61,36.7,990.3,21.66,19.22,0,Cyclonic Storm
CYC-2038-NIO-171,Fani,Arabian Sea,2038-05-23T12:00:00Z,13.04,67.05,28.4,994.5,17.55,17.65,0,Deep Depression
CYC-2038-NIO-171,Fani,Arabian Sea,2038-05-23T18:00:00Z,13.61,66.91,29.7,993.7,18.27,15.51,0,Deep Depression
CYC-2038-NIO-171,Fani,Arabian Sea,2038-05-24T00:00:00Z,14.18,66.81,30.1,994.0,18.04,14.1,0,Deep Depression
CYC-2038-NIO-171,Fani,Arabian Sea,2038-05-24T06:00:00Z,14.78,66.59,33.1,993.1,18.95,14.21,0,Deep Depression
CYC-2038-NIO-171,Fani,Arabian Sea,2038-05-24T12:00:00Z,15.06,66.54,35.0,991.5,20.45,20.67,0,Cyclonic Storm
CYC-2038-NIO-171,Fani,Arabian Sea,2038-05-24T18:00:00Z,15.53,66.38,37.6,987.7,24.26,13.95,0,Cyclonic Storm
CYC-2038-NIO-171,Fani,Arabian Sea,2038-05-25T00:00:00Z,16.08,66.28,39.2,983.2,28.75,18.0,0,Cyclonic Storm
CYC-2038-NIO-171,Fani,Arabian Sea,2038-05-25T06:00:00Z,16.58,66.21,42.6,988.9,23.06,14.63,0,Cyclonic Storm
CYC-2038-NIO-171,Fani,Arabian Sea,2038-05-25T12:00:00Z,17.24,66.06,43.3,989.3,22.75,23.7,0,Cyclonic Storm
CYC-2038-NIO-171,Fani,Arabian Sea,2038-05-25T18:00:00Z,17.84,65.85,48.9,981.4,30.59,10.49,1,Severe Cyclonic Storm
CYC-2038-NIO-171,Fani,Arabian Sea,2038-05-26T00:00:00Z,18.31,65.67,50.3,984.8,27.25,19.11,1,Severe Cyclonic Storm
CYC-2038-NIO-171,Fani,Arabian Sea,2038-05-26T06:00:00Z,18.87,65.45,52.5,974.4,37.59,14.72,1,Severe Cyclonic Storm
CYC-2038-NIO-171,Fani,Arabian Sea,2038-05-26T12:00:00Z,19.36,65.35,54.6,982.1,29.88,23.43,1,Severe Cyclonic Storm
CYC-2038-NIO-171,Fani,Arabian Sea,2038-05-26T18:00:00Z,19.93,65.24,57.2,974.1,37.94,10.28,1,Severe Cyclonic Storm
CYC-2038-NIO-171,Fani,Arabian Sea,2038-05-27T00:00:00Z,20.52,64.97,64.5,978.1,33.94,9.26,1,Very Severe Cyclonic Storm
CYC-2038-NIO-171,Fani,Arabian Sea,2038-05-27T06:00:00Z,21.17,64.82,69.1,971.6,40.38,11.49,1,Very Severe Cyclonic Storm
CYC-2038-NIO-171,Fani,Arabian Sea,2038-05-27T12:00:00Z,21.58,64.63,72.1,971.5,40.52,8.41,1,Very Severe Cyclonic Storm
CYC-2038-NIO-171,Fani,Arabian Sea,2038-05-27T18:00:00Z,22.12,64.4,75.3,967.5,44.5,23.23,1,Very Severe Cyclonic Storm
CYC-2038-NIO-171,Fani,Arabian Sea,2038-05-28T00:00:00Z,22.64,64.07,82.6,962.4,49.61,23.37,1,Very Severe Cyclonic Storm
CYC-2038-NIO-171,Fani,Arabian Sea,2038-05-28T06:00:00Z,23.21,63.87,80.7,966.8,45.24,19.69,1,Very Severe Cyclonic Storm
CYC-2038-NIO-171,Fani,Arabian Sea,2038-05-28T12:00:00Z,23.7,63.88,77.0,965.1,46.87,18.85,1,Very Severe Cyclonic Storm
CYC-2038-NIO-171,Fani,Arabian Sea,2038-05-28T18:00:00Z,24.25,63.66,72.5,969.8,42.2,11.57,1,Very Severe Cyclonic Storm
CYC-2038-NIO-171,Fani,Arabian Sea,2038-05-29T00:00:00Z,24.9,63.59,71.2,959.1,52.92,22.25,1,Very Severe Cyclonic Storm
CYC-2038-NIO-171,Fani,Arabian Sea,2038-05-29T06:00:00Z,25.4,63.61,67.9,970.8,41.21,8.71,1,Very Severe Cyclonic Storm
CYC-2038-NIO-171,Fani,Arabian Sea,2038-05-29T12:00:00Z,25.87,63.56,64.3,969.9,42.12,12.48,1,Very Severe Cyclonic Storm
CYC-2038-NIO-171,Fani,Arabian Sea,2038-05-29T18:00:00Z,26.48,63.51,62.9,965.1,46.91,20.87,1,Severe Cyclonic Storm
CYC-2038-NIO-171,Fani,Arabian Sea,2038-05-30T00:00:00Z,26.95,63.37,59.9,973.5,38.55,12.05,1,Severe Cyclonic Storm
CYC-2038-NIO-171,Fani,Arabian Sea,2038-05-30T06:00:00Z,27.49,63.14,61.0,972.4,39.58,13.1,1,Severe Cyclonic Storm
CYC-2038-NIO-171,Fani,Arabian Sea,2038-05-30T12:00:00Z,28.15,62.94,56.3,978.9,33.12,16.28,1,Severe Cyclonic Storm
CYC-2038-NIO-171,Fani,Arabian Sea,2038-05-30T18:00:00Z,28.54,62.78,54.5,980.9,31.06,15.86,1,Severe Cyclonic Storm
CYC-2038-NIO-171,Fani,Arabian Sea,2038-05-31T00:00:00Z,29.2,62.55,52.6,977.5,34.49,20.99,1,Severe Cyclonic Storm
CYC-2038-NIO-171,Fani,Arabian Sea,2038-05-31T06:00:00Z,29.49,62.48,47.5,989.8,22.24,23.53,0,Cyclonic Storm
CYC-2038-NIO-172,Hudhud,Bay of Bengal,2038-07-26T12:00:00Z,11.14,88.9,33.2,992.3,19.65,10.81,0,Deep Depression
CYC-2038-NIO-172,Hudhud,Bay of Bengal,2038-07-26T18:00:00Z,11.78,89.25,38.6,996.7,15.26,13.23,0,Cyclonic Storm
CYC-2038-NIO-172,Hudhud,Bay of Bengal,2038-07-27T00:00:00Z,12.34,89.73,44.5,995.9,16.13,21.57,0,Cyclonic Storm
CYC-2038-NIO-172,Hudhud,Bay of Bengal,2038-07-27T06:00:00Z,12.78,90.14,51.0,981.6,30.43,19.2,1,Severe Cyclonic Storm
CYC-2038-NIO-172,Hudhud,Bay of Bengal,2038-07-27T12:00:00Z,13.3,90.39,51.5,984.2,27.84,21.23,1,Severe Cyclonic Storm
CYC-2038-NIO-172,Hudhud,Bay of Bengal,2038-07-27T18:00:00Z,13.79,90.82,54.9,984.1,27.91,9.18,1,Severe Cyclonic Storm
CYC-2038-NIO-172,Hudhud,Bay of Bengal,2038-07-28T00:00:00Z,14.2,91.24,57.4,980.4,31.59,21.56,1,Severe Cyclonic Storm
CYC-2038-NIO-172,Hudhud,Bay of Bengal,2038-07-28T06:00:00Z,14.84,91.51,60.4,976.8,35.24,13.73,1,Severe Cyclonic Storm
CYC-2038-NIO-172,Hudhud,Bay of Bengal,2038-07-28T12:00:00Z,15.41,91.9,63.9,972.1,39.9,18.28,1,Severe Cyclonic Storm
CYC-2038-NIO-172,Hudhud,Bay of Bengal,2038-07-28T18:00:00Z,15.82,92.2,64.6,973.1,38.95,15.49,1,Very Severe Cyclonic Storm
CYC-2038-NIO-172,Hudhud,Bay of Bengal,2038-07-29T00:00:00Z,16.36,92.62,71.1,963.4,48.57,8.0,1,Very Severe Cyclonic Storm
CYC-2038-NIO-172,Hudhud,Bay of Bengal,2038-07-29T06:00:00Z,16.89,93.01,76.2,959.6,52.39,20.2,1,Very Severe Cyclonic Storm
CYC-2038-NIO-172,Hudhud,Bay of Bengal,2038-07-29T12:00:00Z,17.27,93.54,79.5,959.6,52.44,12.72,1,Very Severe Cyclonic Storm
CYC-2038-NIO-172,Hudhud,Bay of Bengal,2038-07-29T18:00:00Z,17.72,94.07,82.2,964.3,47.71,14.68,1,Very Severe Cyclonic Storm
CYC-2038-NIO-172,Hudhud,Bay of Bengal,2038-07-30T00:00:00Z,18.13,94.47,82.4,965.3,46.67,11.67,1,Very Severe Cyclonic Storm
CYC-2038-NIO-172,Hudhud,Bay of Bengal,2038-07-30T06:00:00Z,18.6,94.78,85.2,965.1,46.86,16.99,1,Very Severe Cyclonic Storm
CYC-2038-NIO-172,Hudhud,Bay of Bengal,2038-07-30T12:00:00Z,19.15,95.17,87.4,963.4,48.62,23.41,1,Very Severe Cyclonic Storm
CYC-2038-NIO-172,Hudhud,Bay of Bengal,2038-07-30T18:00:00Z,19.67,95.61,93.5,951.5,60.45,13.68,1,Extremely Severe Cyclonic Storm
CYC-2038-NIO-172,Hudhud,Bay of Bengal,2038-07-31T00:00:00Z,20.23,96.05,89.6,966.4,45.61,12.73,1,Very Severe Cyclonic Storm
CYC-2038-NIO-172,Hudhud,Bay of Bengal,2038-07-31T06:00:00Z,20.72,96.35,83.6,968.8,43.17,19.54,1,Very Severe Cyclonic Storm
CYC-2038-NIO-172,Hudhud,Bay of Bengal,2038-07-31T12:00:00Z,21.18,96.72,80.4,966.6,45.44,17.86,1,Very Severe Cyclonic Storm
CYC-2038-NIO-172,Hudhud,Bay of Bengal,2038-07-31T18:00:00Z,21.64,97.13,71.2,972.7,39.34,19.94,1,Very Severe Cyclonic Storm
CYC-2038-NIO-172,Hudhud,Bay of Bengal,2038-08-01T00:00:00Z,22.16,97.49,66.1,968.7,43.3,15.09,1,Very Severe Cyclonic Storm
CYC-2038-NIO-172,Hudhud,Bay of Bengal,2038-08-01T06:00:00Z,22.59,97.79,61.7,970.2,41.82,8.57,1,Severe Cyclonic Storm
CYC-2038-NIO-172,Hudhud,Bay of Bengal,2038-08-01T12:00:00Z,23.08,97.93,55.8,979.0,32.98,14.64,1,Severe Cyclonic Storm
CYC-2038-NIO-172,Hudhud,Bay of Bengal,2038-08-01T18:00:00Z,23.56,98.4,47.3,988.0,24.02,18.5,0,Cyclonic Storm
CYC-2038-NIO-172,Hudhud,Bay of Bengal,2038-08-02T00:00:00Z,24.21,98.74,40.9,981.7,30.31,16.87,0,Cyclonic Storm
CYC-2038-NIO-172,Hudhud,Bay of Bengal,2038-08-02T06:00:00Z,24.78,99.07,33.4,991.6,20.35,17.2,0,Deep Depression
CYC-2038-NIO-172,Hudhud,Bay of Bengal,2038-08-02T12:00:00Z,25.28,99.56,30.1,998.3,13.71,21.04,0,Deep Depression
CYC-2038-NIO-172,Hudhud,Bay of Bengal,2038-08-02T18:00:00Z,25.88,99.78,23.1,999.9,12.14,11.33,0,Depression
CYC-2038-NIO-172,Hudhud,Bay of Bengal,2038-08-03T00:00:00Z,26.36,100.12,20.0,1000.3,11.69,14.36,0,Depression
CYC-2038-NIO-173,Vardah,Bay of Bengal,2038-09-22T06:00:00Z,9.01,91.83,33.2,989.4,22.64,10.15,0,Deep Depression
CYC-2038-NIO-173,Vardah,Bay of Bengal,2038-09-22T12:00:00Z,9.32,92.16,39.0,984.4,27.62,9.23,0,Cyclonic Storm
CYC-2038-NIO-173,Vardah,Bay of Bengal,2038-09-22T18:00:00Z,9.55,92.47,45.4,982.4,29.59,16.03,0,Cyclonic Storm
CYC-2038-NIO-173,Vardah,Bay of Bengal,2038-09-23T00:00:00Z,9.87,92.89,48.4,983.7,28.29,14.5,1,Severe Cyclonic Storm
CYC-2038-NIO-173,Vardah,Bay of Bengal,2038-09-23T06:00:00Z,10.14,93.11,52.4,976.0,35.96,20.2,1,Severe Cyclonic Storm
CYC-2038-NIO-173,Vardah,Bay of Bengal,2038-09-23T12:00:00Z,10.52,93.28,59.5,981.6,30.44,19.3,1,Severe Cyclonic Storm
CYC-2038-NIO-173,Vardah,Bay of Bengal,2038-09-23T18:00:00Z,10.94,93.53,64.8,971.4,40.58,9.61,1,Very Severe Cyclonic Storm
CYC-2038-NIO-173,Vardah,Bay of Bengal,2038-09-24T00:00:00Z,11.33,93.89,70.7,973.1,38.89,8.49,1,Very Severe Cyclonic Storm
CYC-2038-NIO-173,Vardah,Bay of Bengal,2038-09-24T06:00:00Z,11.72,94.22,72.7,964.0,47.95,15.68,1,Very Severe Cyclonic Storm
CYC-2038-NIO-173,Vardah,Bay of Bengal,2038-09-24T12:00:00Z,12.04,94.54,78.0,957.4,54.56,10.12,1,Very Severe Cyclonic Storm
CYC-2038-NIO-173,Vardah,Bay of Bengal,2038-09-24T18:00:00Z,12.41,94.85,70.1,972.0,40.0,10.96,1,Very Severe Cyclonic Storm
CYC-2038-NIO-173,Vardah,Bay of Bengal,2038-09-25T00:00:00Z,12.75,94.97,61.0,976.1,35.92,14.14,1,Severe Cyclonic Storm
CYC-2038-NIO-173,Vardah,Bay of Bengal,2038-09-25T06:00:00Z,13.23,95.2,56.2,973.3,38.69,8.43,1,Severe Cyclonic Storm
CYC-2038-NIO-173,Vardah,Bay of Bengal,2038-09-25T12:00:00Z,13.67,95.5,49.3,979.8,32.17,18.71,1,Severe Cyclonic Storm
CYC-2038-NIO-173,Vardah,Bay of Bengal,2038-09-25T18:00:00Z,14.02,95.7,45.6,983.5,28.52,12.8,0,Cyclonic Storm
CYC-2038-NIO-173,Vardah,Bay of Bengal,2038-09-26T00:00:00Z,14.39,95.86,35.3,994.5,17.5,20.07,0,Cyclonic Storm
CYC-2038-NIO-173,Vardah,Bay of Bengal,2038-09-26T06:00:00Z,14.73,96.1,27.3,996.3,15.71,17.64,0,Depression
CYC-2038-NIO-174,Gaja,Arabian Sea,2038-11-15T12:00:00Z,12.49,64.51,33.5,988.8,23.24,15.01,0,Deep Depression
CYC-2038-NIO-174,Gaja,Arabian Sea,2038-11-15T18:00:00Z,12.84,64.33,40.6,990.9,21.1,19.91,0,Cyclonic Storm
CYC-2038-NIO-174,Gaja,Arabian Sea,2038-11-16T00:00:00Z,13.16,64.3,50.1,985.8,26.15,10.11,1,Severe Cyclonic Storm
CYC-2038-NIO-174,Gaja,Arabian Sea,2038-11-16T06:00:00Z,13.47,64.19,53.2,980.9,31.14,16.93,1,Severe Cyclonic Storm
CYC-2038-NIO-174,Gaja,Arabian Sea,2038-11-16T12:00:00Z,13.89,64.17,56.7,981.8,30.18,9.18,1,Severe Cyclonic Storm
CYC-2038-NIO-174,Gaja,Arabian Sea,2038-11-16T18:00:00Z,14.36,64.14,63.9,974.3,37.68,11.71,1,Severe Cyclonic Storm
CYC-2038-NIO-174,Gaja,Arabian Sea,2038-11-17T00:00:00Z,14.72,63.97,70.3,974.2,37.84,18.2,1,Very Severe Cyclonic Storm
CYC-2038-NIO-174,Gaja,Arabian Sea,2038-11-17T06:00:00Z,15.15,63.94,78.9,961.2,50.75,11.1,1,Very Severe Cyclonic Storm
CYC-2038-NIO-174,Gaja,Arabian Sea,2038-11-17T12:00:00Z,15.48,63.64,84.5,960.9,51.06,19.46,1,Very Severe Cyclonic Storm
CYC-2038-NIO-174,Gaja,Arabian Sea,2038-11-17T18:00:00Z,15.78,63.52,91.5,951.3,60.72,21.22,1,Extremely Severe Cyclonic Storm
CYC-2038-NIO-174,Gaja,Arabian Sea,2038-11-18T00:00:00Z,16.06,63.43,95.2,949.9,62.08,18.18,1,Extremely Severe Cyclonic Storm
CYC-2038-NIO-174,Gaja,Arabian Sea,2038-11-18T06:00:00Z,16.35,63.28,101.9,944.5,67.55,15.88,1,Extremely Severe Cyclonic Storm
CYC-2038-NIO-174,Gaja,Arabian Sea,2038-11-18T12:00:00Z,16.75,63.25,96.5,955.9,56.12,8.88,1,Extremely Severe Cyclonic Storm
CYC-2038-NIO-174,Gaja,Arabian Sea,2038-11-18T18:00:00Z,17.04,63.16,89.4,958.1,53.91,10.83,1,Very Severe Cyclonic Storm
CYC-2038-NIO-174,Gaja,Arabian Sea,2038-11-19T00:00:00Z,17.41,63.06,83.3,961.1,50.87,12.25,1,Very Severe Cyclonic Storm
CYC-2038-NIO-174,Gaja,Arabian Sea,2038-11-19T06:00:00Z,17.86,63.03,74.9,965.5,46.49,13.93,1,Very Severe Cyclonic Storm
CYC-2038-NIO-174,Gaja,Arabian Sea,2038-11-19T12:00:00Z,18.3,63.04,65.5,976.6,35.42,8.62,1,Very Severe Cyclonic Storm
CYC-2038-NIO-174,Gaja,Arabian Sea,2038-11-19T18:00:00Z,18.56,62.95,61.2,973.9,38.09,10.15,1,Severe Cyclonic Storm
CYC-2038-NIO-174,Gaja,Arabian Sea,2038-11-20T00:00:00Z,18.9,63.06,55.3,977.9,34.05,19.78,1,Severe Cyclonic Storm
CYC-2038-NIO-174,Gaja,Arabian Sea,2038-11-20T06:00:00Z,19.25,62.95,50.2,989.7,22.3,10.02,1,Severe Cyclonic Storm
CYC-2038-NIO-174,Gaja,Arabian Sea,2038-11-20T12:00:00Z,19.56,62.95,42.1,982.4,29.63,8.31,0,Cyclonic Storm
CYC-2038-NIO-175,Titli,Bay of Bengal,2038-12-25T18:00:00Z,10.16,85.74,29.9,1000.6,11.35,8.94,0,Deep Depression
CYC-2038-NIO-175,Titli,Bay of Bengal,2038-12-26T00:00:00Z,10.53,86.09,36.6,992.5,19.46,9.13,0,Cyclonic Storm
CYC-2038-NIO-175,Titli,Bay of Bengal,2038-12-26T06:00:00Z,10.89,86.26,39.1,990.3,21.73,21.39,0,Cyclonic Storm
CYC-2038-NIO-175,Titli,Bay of Bengal,2038-12-26T12:00:00Z,11.16,86.56,43.8,985.8,26.18,11.46,0,Cyclonic Storm
CYC-2038-NIO-175,Titli,Bay of Bengal,2038-12-26T18:00:00Z,11.71,86.76,46.5,983.9,28.13,10.14,0,Cyclonic Storm
CYC-2038-NIO-175,Titli,Bay of Bengal,2038-12-27T00:00:00Z,12.0,86.83,49.8,984.6,27.39,15.94,1,Severe Cyclonic Storm
CYC-2038-NIO-175,Titli,Bay of Bengal,2038-12-27T06:00:00Z,12.35,86.95,52.3,981.6,30.43,11.78,1,Severe Cyclonic Storm
CYC-2038-NIO-175,Titli,Bay of Bengal,2038-12-27T12:00:00Z,12.57,87.23,53.9,978.7,33.31,19.97,1,Severe Cyclonic Storm
CYC-2038-NIO-175,Titli,Bay of Bengal,2038-12-27T18:00:00Z,12.81,87.53,58.2,972.3,39.67,20.46,1,Severe Cyclonic Storm
CYC-2038-NIO-175,Titli,Bay of Bengal,2038-12-28T00:00:00Z,13.23,87.65,61.0,974.7,37.27,13.06,1,Severe Cyclonic Storm
CYC-2038-NIO-175,Titli,Bay of Bengal,2038-12-28T06:00:00Z,13.65,87.84,67.0,970.1,41.86,16.21,1,Very Severe Cyclonic Storm
CYC-2038-NIO-175,Titli,Bay of Bengal,2038-12-28T12:00:00Z,14.03,87.98,73.1,969.0,43.04,23.78,1,Very Severe Cyclonic Storm
CYC-2038-NIO-175,Titli,Bay of Bengal,2038-12-28T18:00:00Z,14.32,88.26,78.9,968.8,43.16,19.2,1,Very Severe Cyclonic Storm
CYC-2038-NIO-175,Titli,Bay of Bengal,2038-12-29T00:00:00Z,14.71,88.4,73.8,970.1,41.86,23.37,1,Very Severe Cyclonic Storm
CYC-2038-NIO-175,Titli,Bay of Bengal,2038-12-29T06:00:00Z,15.12,88.67,71.9,973.3,38.73,20.69,1,Very Severe Cyclonic Storm
CYC-2038-NIO-175,Titli,Bay of Bengal,2038-12-29T12:00:00Z,15.39,88.87,67.6,974.6,37.4,19.18,1,Very Severe Cyclonic Storm
CYC-2038-NIO-175,Titli,Bay of Bengal,2038-12-29T18:00:00Z,15.76,88.93,63.4,975.4,36.63,23.64,1,Severe Cyclonic Storm
CYC-2038-NIO-175,Titli,Bay of Bengal,2038-12-30T00:00:00Z,16.13,89.07,59.6,974.6,37.42,19.59,1,Severe Cyclonic Storm
CYC-2038-NIO-175,Titli,Bay of Bengal,2038-12-30T06:00:00Z,16.5,89.22,53.8,985.3,26.73,11.01,1,Severe Cyclonic Storm
CYC-2038-NIO-175,Titli,Bay of Bengal,2038-12-30T12:00:00Z,16.93,89.42,45.0,988.1,23.91,13.38,0,Cyclonic Storm
CYC-2038-NIO-175,Titli,Bay of Bengal,2038-12-30T18:00:00Z,17.25,89.56,44.4,986.5,25.54,16.67,0,Cyclonic Storm
CYC-2038-NIO-175,Titli,Bay of Bengal,2038-12-31T00:00:00Z,17.69,89.84,38.0,986.5,25.49,18.76,0,Cyclonic Storm
CYC-2039-NIO-176,Nivar,Bay of Bengal,2039-01-19T06:00:00Z,8.86,85.06,32.4,996.5,15.53,17.42,0,Deep Depression
CYC-2039-NIO-176,Nivar,Bay of Bengal,2039-01-19T12:00:00Z,9.39,85.06,36.9,987.1,24.89,21.49,0,Cyclonic Storm
CYC-2039-NIO-176,Nivar,Bay of Bengal,2039-01-19T18:00:00Z,10.02,85.12,41.9,995.5,16.54,11.79,0,Cyclonic Storm
CYC-2039-NIO-176,Nivar,Bay of Bengal,2039-01-20T00:00:00Z,10.64,85.33,43.6,984.4,27.56,14.89,0,Cyclonic Storm
CYC-2039-NIO-176,Nivar,Bay of Bengal,2039-01-20T06:00:00Z,11.18,85.45,48.0,983.0,28.97,23.09,0,Cyclonic Storm
CYC-2039-NIO-176,Nivar,Bay of Bengal,2039-01-20T12:00:00Z,11.65,85.41,52.8,983.9,28.12,17.06,1,Severe Cyclonic Storm
CYC-2039-NIO-176,Nivar,Bay of Bengal,2039-01-20T18:00:00Z,12.19,85.39,57.9,980.5,31.46,12.08,1,Severe Cyclonic Storm
CYC-2039-NIO-176,Nivar,Bay of Bengal,2039-01-21T00:00:00Z,12.73,85.47,61.5,975.4,36.58,17.76,1,Severe Cyclonic Storm
CYC-2039-NIO-176,Nivar,Bay of Bengal,2039-01-21T06:00:00Z,13.4,85.57,61.8,976.4,35.58,23.45,1,Severe Cyclonic Storm
CYC-2039-NIO-176,Nivar,Bay of Bengal,2039-01-21T12:00:00Z,13.96,85.57,67.2,963.7,48.26,16.84,1,Very Severe Cyclonic Storm
CYC-2039-NIO-176,Nivar,Bay of Bengal,2039-01-21T18:00:00Z,14.52,85.61,74.5,969.9,42.15,9.45,1,Very Severe Cyclonic Storm
CYC-2039-NIO-176,Nivar,Bay of Bengal,2039-01-22T00:00:00Z,15.15,85.59,80.1,960.6,51.36,8.94,1,Very Severe Cyclonic Storm
CYC-2039-NIO-176,Nivar,Bay of Bengal,2039-01-22T06:00:00Z,15.77,85.65,86.1,965.2,46.8,21.93,1,Very Severe Cyclonic Storm
CYC-2039-NIO-176,Nivar,Bay of Bengal,2039-01-22T12:00:00Z,16.33,85.89,87.9,966.1,45.94,22.44,1,Very Severe Cyclonic Storm
CYC-2039-NIO-176,Nivar,Bay of Bengal,2039-01-22T18:00:00Z,16.86,85.97,94.6,953.2,58.84,18.42,1,Extremely Severe Cyclonic Storm
CYC-2039-NIO-176,Nivar,Bay of Bengal,2039-01-23T00:00:00Z,17.44,86.02,106.6,952.9,59.14,13.79,1,Extremely Severe Cyclonic Storm
CYC-2039-NIO-176,Nivar,Bay of Bengal,2039-01-23T06:00:00Z,17.96,86.17,110.8,943.2,68.77,19.45,1,Extremely Severe Cyclonic Storm
CYC-2039-NIO-176,Nivar,Bay of Bengal,2039-01-23T12:00:00Z,18.42,86.31,116.2,939.2,72.8,18.82,1,Extremely Severe Cyclonic Storm
CYC-2039-NIO-176,Nivar,Bay of Bengal,2039-01-23T18:00:00Z,19.05,86.37,119.7,946.7,65.25,11.09,1,Extremely Severe Cyclonic Storm
CYC-2039-NIO-176,Nivar,Bay of Bengal,2039-01-24T00:00:00Z,19.65,86.5,126.7,930.0,81.99,20.69,1,Super Cyclonic Storm
CYC-2039-NIO-176,Nivar,Bay of Bengal,2039-01-24T06:00:00Z,20.38,86.7,119.3,946.1,65.94,17.78,1,Extremely Severe Cyclonic Storm
CYC-2039-NIO-176,Nivar,Bay of Bengal,2039-01-24T12:00:00Z,21.01,86.79,114.3,939.9,72.07,10.05,1,Extremely Severe Cyclonic Storm
CYC-2039-NIO-176,Nivar,Bay of Bengal,2039-01-24T18:00:00Z,21.52,86.98,106.7,938.1,73.88,9.73,1,Extremely Severe Cyclonic Storm
CYC-2039-NIO-176,Nivar,Bay of Bengal,2039-01-25T00:00:00Z,22.18,87.09,103.5,944.9,67.1,13.42,1,Extremely Severe Cyclonic Storm
CYC-2039-NIO-176,Nivar,Bay of Bengal,2039-01-25T06:00:00Z,22.59,87.15,100.7,945.2,66.84,22.21,1,Extremely Severe Cyclonic Storm
CYC-2039-NIO-176,Nivar,Bay of Bengal,2039-01-25T12:00:00Z,23.18,87.14,89.3,963.5,48.49,14.94,1,Very Severe Cyclonic Storm
CYC-2039-NIO-176,Nivar,Bay of Bengal,2039-01-25T18:00:00Z,23.64,87.18,81.0,963.9,48.14,13.76,1,Very Severe Cyclonic Storm
CYC-2039-NIO-176,Nivar,Bay of Bengal,2039-01-26T00:00:00Z,24.17,87.32,75.7,957.6,54.42,19.49,1,Very Severe Cyclonic Storm
CYC-2039-NIO-176,Nivar,Bay of Bengal,2039-01-26T06:00:00Z,24.7,87.55,69.9,970.1,41.87,12.87,1,Very Severe Cyclonic Storm
CYC-2039-NIO-176,Nivar,Bay of Bengal,2039-01-26T12:00:00Z,25.31,87.49,58.5,978.8,33.17,19.47,1,Severe Cyclonic Storm
CYC-2039-NIO-176,Nivar,Bay of Bengal,2039-01-26T18:00:00Z,25.91,87.52,50.8,979.5,32.49,16.43,1,Severe Cyclonic Storm
CYC-2039-NIO-176,Nivar,Bay of Bengal,2039-01-27T00:00:00Z,26.6,87.56,41.1,988.7,23.26,14.1,0,Cyclonic Storm
CYC-2039-NIO-176,Nivar,Bay of Bengal,2039-01-27T06:00:00Z,27.16,87.52,37.1,997.1,14.85,22.03,0,Cyclonic Storm
CYC-2039-NIO-177,Tauktae,Arabian Sea,2039-03-02T12:00:00Z,11.72,71.44,35.0,992.3,19.74,11.13,0,Cyclonic Storm
CYC-2039-NIO-177,Tauktae,Arabian Sea,2039-03-02T18:00:00Z,12.27,71.43,41.8,989.2,22.84,19.85,0,Cyclonic Storm
CYC-2039-NIO-177,Tauktae,Arabian Sea,2039-03-03T00:00:00Z,12.91,71.27,47.3,990.5,21.5,9.18,0,Cyclonic Storm
CYC-2039-NIO-177,Tauktae,Arabian Sea,2039-03-03T06:00:00Z,13.37,71.18,53.3,981.0,30.95,9.5,1,Severe Cyclonic Storm
CYC-2039-NIO-177,Tauktae,Arabian Sea,2039-03-03T12:00:00Z,14.08,71.17,59.3,969.8,42.24,19.44,1,Severe Cyclonic Storm
CYC-2039-NIO-177,Tauktae,Arabian Sea,2039-03-03T18:00:00Z,14.63,71.22,62.6,978.7,33.35,11.41,1,Severe Cyclonic Storm
CYC-2039-NIO-177,Tauktae,Arabian Sea,2039-03-04T00:00:00Z,15.16,71.08,70.1,975.2,36.78,9.18,1,Very Severe Cyclonic Storm
CYC-2039-NIO-177,Tauktae,Arabian Sea,2039-03-04T06:00:00Z,15.77,70.89,73.5,960.9,51.11,19.4,1,Very Severe Cyclonic Storm
CYC-2039-NIO-177,Tauktae,Arabian Sea,2039-03-04T12:00:00Z,16.32,70.88,81.9,963.6,48.37,8.76,1,Very Severe Cyclonic Storm
CYC-2039-NIO-177,Tauktae,Arabian Sea,2039-03-04T18:00:00Z,16.94,70.79,86.2,964.1,47.85,14.0,1,Very Severe Cyclonic Storm
CYC-2039-NIO-177,Tauktae,Arabian Sea,2039-03-05T00:00:00Z,17.44,70.82,90.5,955.6,56.43,14.2,1,Extremely Severe Cyclonic Storm
CYC-2039-NIO-177,Tauktae,Arabian Sea,2039-03-05T06:00:00Z,18.0,70.72,95.7,961.4,50.58,9.15,1,Extremely Severe Cyclonic Storm
CYC-2039-NIO-177,Tauktae,Arabian Sea,2039-03-05T12:00:00Z,18.71,70.63,98.3,951.0,60.98,22.96,1,Extremely Severe Cyclonic Storm
CYC-2039-NIO-177,Tauktae,Arabian Sea,2039-03-05T18:00:00Z,19.14,70.63,101.5,957.0,55.03,10.11,1,Extremely Severe Cyclonic Storm
CYC-2039-NIO-177,Tauktae,Arabian Sea,2039-03-06T00:00:00Z,19.76,70.48,105.2,946.5,65.5,18.92,1,Extremely Severe Cyclonic Storm
CYC-2039-NIO-177,Tauktae,Arabian Sea,2039-03-06T06:00:00Z,20.37,70.5,111.5,946.0,65.98,8.93,1,Extremely Severe Cyclonic Storm
CYC-2039-NIO-177,Tauktae,Arabian Sea,2039-03-06T12:00:00Z,20.91,70.36,107.2,940.3,71.68,11.3,1,Extremely Severe Cyclonic Storm
CYC-2039-NIO-177,Tauktae,Arabian Sea,2039-03-06T18:00:00Z,21.48,70.21,100.4,954.5,57.49,8.69,1,Extremely Severe Cyclonic Storm
CYC-2039-NIO-177,Tauktae,Arabian Sea,2039-03-07T00:00:00Z,21.96,70.25,95.1,950.4,61.61,19.58,1,Extremely Severe Cyclonic Storm
CYC-2039-NIO-177,Tauktae,Arabian Sea,2039-03-07T06:00:00Z,22.56,70.3,90.8,953.1,58.89,9.99,1,Extremely Severe Cyclonic Storm
CYC-2039-NIO-177,Tauktae,Arabian Sea,2039-03-07T12:00:00Z,23.14,70.29,82.4,962.4,49.64,21.11,1,Very Severe Cyclonic Storm
CYC-2039-NIO-177,Tauktae,Arabian Sea,2039-03-07T18:00:00Z,23.74,70.18,78.5,964.6,47.38,19.18,1,Very Severe Cyclonic Storm
CYC-2039-NIO-177,Tauktae,Arabian Sea,2039-03-08T00:00:00Z,24.27,70.13,68.0,976.8,35.18,10.31,1,Very Severe Cyclonic Storm
CYC-2039-NIO-177,Tauktae,Arabian Sea,2039-03-08T06:00:00Z,24.92,69.94,60.6,971.6,40.43,17.92,1,Severe Cyclonic Storm
CYC-2039-NIO-177,Tauktae,Arabian Sea,2039-03-08T12:00:00Z,25.36,69.84,54.9,975.8,36.22,21.14,1,Severe Cyclonic Storm
CYC-2039-NIO-177,Tauktae,Arabian Sea,2039-03-08T18:00:00Z,25.96,69.74,50.6,986.4,25.57,16.74,1,Severe Cyclonic Storm
CYC-2039-NIO-177,Tauktae,Arabian Sea,2039-03-09T00:00:00Z,26.44,69.68,43.0,989.7,22.33,22.08,0,Cyclonic Storm
CYC-2039-NIO-178,Yaas,Bay of Bengal,2039-03-30T06:00:00Z,10.76,87.96,32.6,991.9,20.11,14.58,0,Deep Depression
CYC-2039-NIO-178,Yaas,Bay of Bengal,2039-03-30T12:00:00Z,11.02,88.02,35.7,994.7,17.3,13.77,0,Cyclonic Storm
CYC-2039-NIO-178,Yaas,Bay of Bengal,2039-03-30T18:00:00Z,11.4,88.08,31.8,995.4,16.57,21.24,0,Deep Depression
CYC-2039-NIO-178,Yaas,Bay of Bengal,2039-03-31T00:00:00Z,11.56,88.2,34.1,990.0,21.97,17.22,0,Cyclonic Storm
CYC-2039-NIO-178,Yaas,Bay of Bengal,2039-03-31T06:00:00Z,11.94,88.25,38.3,987.8,24.2,22.7,0,Cyclonic Storm
CYC-2039-NIO-178,Yaas,Bay of Bengal,2039-03-31T12:00:00Z,12.43,88.41,40.0,985.3,26.66,20.09,0,Cyclonic Storm
CYC-2039-NIO-178,Yaas,Bay of Bengal,2039-03-31T18:00:00Z,12.99,88.52,42.2,984.2,27.79,21.17,0,Cyclonic Storm
CYC-2039-NIO-178,Yaas,Bay of Bengal,2039-04-01T00:00:00Z,13.38,88.7,44.8,988.5,23.46,9.4,0,Cyclonic Storm
CYC-2039-NIO-178,Yaas,Bay of Bengal,2039-04-01T06:00:00Z,13.69,88.86,45.3,979.2,32.77,13.03,0,Cyclonic Storm
CYC-2039-NIO-178,Yaas,Bay of Bengal,2039-04-01T12:00:00Z,13.97,88.93,50.0,981.4,30.64,21.8,1,Severe Cyclonic Storm
CYC-2039-NIO-178,Yaas,Bay of Bengal,2039-04-01T18:00:00Z,14.31,89.14,49.7,986.2,25.82,8.89,1,Severe Cyclonic Storm
CYC-2039-NIO-178,Yaas,Bay of Bengal,2039-04-02T00:00:00Z,14.76,89.35,52.3,985.6,26.44,10.51,1,Severe Cyclonic Storm
CYC-2039-NIO-178,Yaas,Bay of Bengal,2039-04-02T06:00:00Z,15.15,89.55,55.0,981.6,30.4,12.77,1,Severe Cyclonic Storm
CYC-2039-NIO-178,Yaas,Bay of Bengal,2039-04-02T12:00:00Z,15.49,89.63,58.4,976.6,35.41,21.95,1,Severe Cyclonic Storm
CYC-2039-NIO-178,Yaas,Bay of Bengal,2039-04-02T18:00:00Z,15.95,89.65,60.5,974.3,37.65,22.63,1,Severe Cyclonic Storm
CYC-2039-NIO-178,Yaas,Bay of Bengal,2039-04-03T00:00:00Z,16.42,89.68,63.0,970.9,41.14,8.34,1,Severe Cyclonic Storm
CYC-2039-NIO-178,Yaas,Bay of Bengal,2039-04-03T06:00:00Z,16.82,89.73,66.4,977.6,34.4,15.64,1,Very Severe Cyclonic Storm
CYC-2039-NIO-178,Yaas,Bay of Bengal,2039-04-03T12:00:00Z,17.27,89.9,69.3,974.3,37.67,17.19,1,Very Severe Cyclonic Storm
CYC-2039-NIO-178,Yaas,Bay of Bengal,2039-04-03T18:00:00Z,17.67,90.05,68.7,979.0,33.05,8.42,1,Very Severe Cyclonic Storm
CYC-2039-NIO-178,Yaas,Bay of Bengal,2039-04-04T00:00:00Z,17.96,90.02,71.9,968.8,43.23,9.74,1,Very Severe Cyclonic Storm
CYC-2039-NIO-178,Yaas,Bay of Bengal,2039-04-04T06:00:00Z,18.14,90.15,72.8,968.5,43.48,16.89,1,Very Severe Cyclonic Storm
CYC-2039-NIO-178,Yaas,Bay of Bengal,2039-04-04T12:00:00Z,18.55,90.16,72.9,964.0,47.96,9.11,1,Very Severe Cyclonic Storm
CYC-2039-NIO-178,Yaas,Bay of Bengal,2039-04-04T18:00:00Z,18.87,90.25,66.0,972.4,39.64,20.02,1,Very Severe Cyclonic Storm
CYC-2039-NIO-178,Yaas,Bay of Bengal,2039-04-05T00:00:00Z,19.21,90.32,65.2,971.6,40.38,13.8,1,Very Severe Cyclonic Storm
CYC-2039-NIO-178,Yaas,Bay of Bengal,2039-04-05T06:00:00Z,19.65,90.32,63.3,978.1,33.94,19.95,1,Severe Cyclonic Storm
CYC-2039-NIO-178,Yaas,Bay of Bengal,2039-04-05T12:00:00Z,19.98,90.39,61.9,972.2,39.76,16.84,1,Severe Cyclonic Storm
CYC-2039-NIO-178,Yaas,Bay of Bengal,2039-04-05T18:00:00Z,20.44,90.35,56.8,979.7,32.33,19.78,1,Severe Cyclonic Storm
CYC-2039-NIO-178,Yaas,Bay of Bengal,2039-04-06T00:00:00Z,20.94,90.52,56.0,980.0,32.04,11.21,1,Severe Cyclonic Storm
CYC-2039-NIO-178,Yaas,Bay of Bengal,2039-04-06T06:00:00Z,21.37,90.67,53.0,980.0,32.04,11.46,1,Severe Cyclonic Storm
CYC-2039-NIO-178,Yaas,Bay of Bengal,2039-04-06T12:00:00Z,21.59,90.68,51.2,982.7,29.32,15.53,1,Severe Cyclonic Storm
CYC-2039-NIO-178,Yaas,Bay of Bengal,2039-04-06T18:00:00Z,21.95,90.68,50.1,985.1,26.87,20.97,1,Severe Cyclonic Storm
CYC-2039-NIO-178,Yaas,Bay of Bengal,2039-04-07T00:00:00Z,22.25,90.86,46.9,979.1,32.89,19.29,0,Cyclonic Storm
CYC-2039-NIO-178,Yaas,Bay of Bengal,2039-04-07T06:00:00Z,22.57,90.96,44.1,987.3,24.68,12.35,0,Cyclonic Storm
CYC-2039-NIO-178,Yaas,Bay of Bengal,2039-04-07T12:00:00Z,22.89,91.07,41.1,978.9,33.05,16.28,0,Cyclonic Storm
CYC-2039-NIO-179,Gulab,Bay of Bengal,2039-04-29T18:00:00Z,10.11,86.17,33.5,993.0,18.95,20.93,0,Deep Depression
CYC-2039-NIO-179,Gulab,Bay of Bengal,2039-04-30T00:00:00Z,10.49,86.4,35.1,1002.6,9.39,14.74,0,Cyclonic Storm
CYC-2039-NIO-179,Gulab,Bay of Bengal,2039-04-30T06:00:00Z,10.85,86.47,42.2,990.0,22.03,22.27,0,Cyclonic Storm
CYC-2039-NIO-179,Gulab,Bay of Bengal,2039-04-30T12:00:00Z,11.34,86.44,46.5,986.0,26.02,20.34,0,Cyclonic Storm
CYC-2039-NIO-179,Gulab,Bay of Bengal,2039-04-30T18:00:00Z,11.82,86.43,48.2,987.5,24.51,14.47,1,Severe Cyclonic Storm
CYC-2039-NIO-179,Gulab,Bay of Bengal,2039-05-01T00:00:00Z,12.14,86.49,50.6,984.5,27.47,17.47,1,Severe Cyclonic Storm
CYC-2039-NIO-179,Gulab,Bay of Bengal,2039-05-01T06:00:00Z,12.63,86.52,56.3,980.8,31.22,22.61,1,Severe Cyclonic Storm
CYC-2039-NIO-179,Gulab,Bay of Bengal,2039-05-01T12:00:00Z,13.14,86.55,61.7,972.7,39.3,11.55,1,Severe Cyclonic Storm
CYC-2039-NIO-179,Gulab,Bay of Bengal,2039-05-01T18:00:00Z,13.55,86.6,65.2,971.8,40.2,11.0,1,Very Severe Cyclonic Storm
CYC-2039-NIO-179,Gulab,Bay of Bengal,2039-05-02T00:00:00Z,14.07,86.38,68.8,973.7,38.34,11.48,1,Very Severe Cyclonic Storm
CYC-2039-NIO-179,Gulab,Bay of Bengal,2039-05-02T06:00:00Z,14.45,86.42,72.5,972.1,39.86,17.82,1,Very Severe Cyclonic Storm
CYC-2039-NIO-179,Gulab,Bay of Bengal,2039-05-02T12:00:00Z,14.85,86.4,75.9,971.9,40.1,23.79,1,Very Severe Cyclonic Storm
CYC-2039-NIO-179,Gulab,Bay of Bengal,2039-05-02T18:00:00Z,15.38,86.41,82.2,966.0,46.01,15.64,1,Very Severe Cyclonic Storm
CYC-2039-NIO-179,Gulab,Bay of Bengal,2039-05-03T00:00:00Z,15.83,86.32,84.6,964.8,47.18,21.93,1,Very Severe Cyclonic Storm
CYC-2039-NIO-179,Gulab,Bay of Bengal,2039-05-03T06:00:00Z,16.24,86.39,89.1,957.9,54.14,22.16,1,Very Severe Cyclonic Storm
CYC-2039-NIO-179,Gulab,Bay of Bengal,2039-05-03T12:00:00Z,16.68,86.4,96.1,944.5,67.45,12.26,1,Extremely Severe Cyclonic Storm
CYC-2039-NIO-179,Gulab,Bay of Bengal,2039-05-03T18:00:00Z,17.1,86.48,100.0,957.9,54.09,8.09,1,Extremely Severe Cyclonic Storm
CYC-2039-NIO-179,Gulab,Bay of Bengal,2039-05-04T00:00:00Z,17.47,86.43,94.5,961.9,50.12,10.56,1,Extremely Severe Cyclonic Storm
CYC-2039-NIO-179,Gulab,Bay of Bengal,2039-05-04T06:00:00Z,17.9,86.3,88.7,957.4,54.55,18.85,1,Very Severe Cyclonic Storm
CYC-2039-NIO-179,Gulab,Bay of Bengal,2039-05-04T12:00:00Z,18.53,86.34,85.3,958.6,53.38,20.96,1,Very Severe Cyclonic Storm
CYC-2039-NIO-179,Gulab,Bay of Bengal,2039-05-04T18:00:00Z,18.96,86.42,79.1,956.8,55.22,22.06,1,Very Severe Cyclonic Storm
CYC-2039-NIO-179,Gulab,Bay of Bengal,2039-05-05T00:00:00Z,19.45,86.46,70.2,966.0,46.04,18.45,1,Very Severe Cyclonic Storm
CYC-2039-NIO-179,Gulab,Bay of Bengal,2039-05-05T06:00:00Z,19.96,86.66,61.4,975.9,36.14,22.66,1,Severe Cyclonic Storm
CYC-2039-NIO-179,Gulab,Bay of Bengal,2039-05-05T12:00:00Z,20.4,86.59,57.5,976.8,35.2,9.82,1,Severe Cyclonic Storm
CYC-2039-NIO-179,Gulab,Bay of Bengal,2039-05-05T18:00:00Z,20.82,86.66,53.6,981.5,30.49,8.35,1,Severe Cyclonic Storm
CYC-2039-NIO-179,Gulab,Bay of Bengal,2039-05-06T00:00:00Z,21.26,86.74,55.9,974.2,37.8,17.93,1,Severe Cyclonic Storm
CYC-2039-NIO-179,Gulab,Bay of Bengal,2039-05-06T06:00:00Z,21.69,86.74,53.6,983.5,28.49,19.63,1,Severe Cyclonic Storm
CYC-2039-NIO-179,Gulab,Bay of Bengal,2039-05-06T12:00:00Z,22.23,86.67,47.5,986.3,25.7,19.23,0,Cyclonic Storm
CYC-2039-NIO-180,Jawad,Arabian Sea,2039-06-21T18:00:00Z,10.08,68.05,26.2,991.2,20.83,15.64,0,Depression
CYC-2039-NIO-180,Jawad,Arabian Sea,2039-06-22T00:00:00Z,10.47,67.99,28.7,993.8,18.24,8.8,0,Deep Depression
CYC-2039-NIO-180,Jawad,Arabian Sea,2039-06-22T06:00:00Z,10.82,68.0,29.4,993.2,18.83,20.54,0,Deep Depression
CYC-2039-NIO-180,Jawad,Arabian Sea,2039-06-22T12:00:00Z,11.14,68.05,29.1,992.9,19.11,19.65,0,Deep Depression
CYC-2039-NIO-180,Jawad,Arabian Sea,2039-06-22T18:00:00Z,11.41,68.09,33.0,990.1,21.93,11.79,0,Deep Depression
CYC-2039-NIO-180,Jawad,Arabian Sea,2039-06-23T00:00:00Z,11.76,68.04,35.0,994.5,17.54,12.42,0,Cyclonic Storm
CYC-2039-NIO-180,Jawad,Arabian Sea,2039-06-23T06:00:00Z,12.1,68.1,39.2,988.9,23.05,21.46,0,Cyclonic Storm
CYC-2039-NIO-180,Jawad,Arabian Sea,2039-06-23T12:00:00Z,12.44,68.11,44.4,987.2,24.78,11.74,0,Cyclonic Storm
CYC-2039-NIO-180,Jawad,Arabian Sea,2039-06-23T18:00:00Z,12.87,68.13,46.8,978.6,33.38,20.49,0,Cyclonic Storm
CYC-2039-NIO-180,Jawad,Arabian Sea,2039-06-24T00:00:00Z,13.25,68.37,48.4,983.7,28.27,15.64,1,Severe Cyclonic Storm
CYC-2039-NIO-180,Jawad,Arabian Sea,2039-06-24T06:00:00Z,13.45,68.42,56.4,983.3,28.73,17.24,1,Severe Cyclonic Storm
CYC-2039-NIO-180,Jawad,Arabian Sea,2039-06-24T12:00:00Z,13.78,68.55,59.0,976.6,35.39,20.63,1,Severe Cyclonic Storm
CYC-2039-NIO-180,Jawad,Arabian Sea,2039-06-24T18:00:00Z,14.2,68.54,60.9,974.2,37.84,9.9,1,Severe Cyclonic Storm
CYC-2039-NIO-180,Jawad,Arabian Sea,2039-06-25T00:00:00Z,14.55,68.58,61.2,975.5,36.48,16.31,1,Severe Cyclonic Storm
CYC-2039-NIO-180,Jawad,Arabian Sea,2039-06-25T06:00:00Z,14.89,68.53,63.2,974.7,37.33,14.38,1,Severe Cyclonic Storm
CYC-2039-NIO-180,Jawad,Arabian Sea,2039-06-25T12:00:00Z,15.16,68.51,69.4,977.3,34.68,18.09,1,Very Severe Cyclonic Storm
CYC-2039-NIO-180,Jawad,Arabian Sea,2039-06-25T18:00:00Z,15.48,68.49,73.1,962.4,49.62,15.38,1,Very Severe Cyclonic Storm
CYC-2039-NIO-180,Jawad,Arabian Sea,2039-06-26T00:00:00Z,15.92,68.48,76.9,964.3,47.73,13.89,1,Very Severe Cyclonic Storm
CYC-2039-NIO-180,Jawad,Arabian Sea,2039-06-26T06:00:00Z,16.16,68.43,81.1,958.7,53.33,16.57,1,Very Severe Cyclonic Storm
CYC-2039-NIO-180,Jawad,Arabian Sea,2039-06-26T12:00:00Z,16.49,68.45,76.4,967.2,44.83,10.01,1,Very Severe Cyclonic Storm
CYC-2039-NIO-180,Jawad,Arabian Sea,2039-06-26T18:00:00Z,16.79,68.42,77.0,966.4,45.62,15.28,1,Very Severe Cyclonic Storm
CYC-2039-NIO-180,Jawad,Arabian Sea,2039-06-27T00:00:00Z,17.11,68.38,70.6,966.7,45.33,13.59,1,Very Severe Cyclonic Storm
CYC-2039-NIO-180,Jawad,Arabian Sea,2039-06-27T06:00:00Z,17.32,68.41,63.8,975.6,36.38,12.58,1,Severe Cyclonic Storm
CYC-2039-NIO-180,Jawad,Arabian Sea,2039-06-27T12:00:00Z,17.73,68.36,57.8,972.8,39.25,9.51,1,Severe Cyclonic Storm
CYC-2039-NIO-180,Jawad,Arabian Sea,2039-06-27T18:00:00Z,18.11,68.59,52.2,977.4,34.58,15.14,1,Severe Cyclonic Storm
CYC-2039-NIO-180,Jawad,Arabian Sea,2039-06-28T00:00:00Z,18.42,68.54,49.7,982.1,29.91,23.32,1,Severe Cyclonic Storm
CYC-2039-NIO-180,Jawad,Arabian Sea,2039-06-28T06:00:00Z,18.72,68.6,46.3,988.1,23.92,17.55,0,Cyclonic Storm
CYC-2039-NIO-180,Jawad,Arabian Sea,2039-06-28T12:00:00Z,19.15,68.57,40.6,994.5,17.46,11.85,0,Cyclonic Storm
CYC-2039-NIO-180,Jawad,Arabian Sea,2039-06-28T18:00:00Z,19.45,68.5,36.9,986.3,25.74,18.95,0,Cyclonic Storm
CYC-2039-NIO-180,Jawad,Arabian Sea,2039-06-29T00:00:00Z,19.77,68.62,30.6,991.7,20.33,22.25,0,Deep Depression
CYC-2039-NIO-180,Jawad,Arabian Sea,2039-06-29T06:00:00Z,20.09,68.65,23.3,1000.8,11.21,8.29,0,Depression
CYC-2039-NIO-180,Jawad,Arabian Sea,2039-06-29T12:00:00Z,20.57,68.83,20.0,997.3,14.68,14.85,0,Depression
CYC-2039-NIO-181,Mocha,Bay of Bengal,2039-08-16T18:00:00Z,10.23,89.9,29.1,995.1,16.87,17.43,0,Deep Depression
CYC-2039-NIO-181,Mocha,Bay of Bengal,2039-08-17T00:00:00Z,10.81,90.06,37.2,995.9,16.11,14.03,0,Cyclonic Storm
CYC-2039-NIO-181,Mocha,Bay of Bengal,2039-08-17T06:00:00Z,11.28,90.18,46.1,985.2,26.78,20.14,0,Cyclonic Storm
CYC-2039-NIO-181,Mocha,Bay of Bengal,2039-08-17T12:00:00Z,11.81,90.24,50.8,984.8,27.22,8.85,1,Severe Cyclonic Storm
CYC-2039-NIO-181,Mocha,Bay of Bengal,2039-08-17T18:00:00Z,12.54,90.3,55.7,975.0,37.02,17.75,1,Severe Cyclonic Storm
CYC-2039-NIO-181,Mocha,Bay of Bengal,2039-08-18T00:00:00Z,13.08,90.45,58.4,970.4,41.57,20.37,1,Severe Cyclonic Storm
CYC-2039-NIO-181,Mocha,Bay of Bengal,2039-08-18T06:00:00Z,13.53,90.54,66.5,975.0,37.02,8.52,1,Very Severe Cyclonic Storm
CYC-2039-NIO-181,Mocha,Bay of Bengal,2039-08-18T12:00:00Z,14.23,90.67,70.4,961.9,50.14,13.79,1,Very Severe Cyclonic Storm
CYC-2039-NIO-181,Mocha,Bay of Bengal,2039-08-18T18:00:00Z,14.82,90.6,76.0,961.5,50.5,23.07,1,Very Severe Cyclonic Storm
CYC-2039-NIO-181,Mocha,Bay of Bengal,2039-08-19T00:00:00Z,15.37,90.72,81.4,956.3,55.67,23.09,1,Very Severe Cyclonic Storm
CYC-2039-NIO-181,Mocha,Bay of Bengal,2039-08-19T06:00:00Z,16.04,90.9,86.8,957.1,54.88,9.18,1,Very Severe Cyclonic Storm
CYC-2039-NIO-181,Mocha,Bay of Bengal,2039-08-19T12:00:00Z,16.63,91.01,95.9,954.2,57.78,23.63,1,Extremely Severe Cyclonic Storm
CYC-2039-NIO-181,Mocha,Bay of Bengal,2039-08-19T18:00:00Z,17.18,91.09,102.3,952.8,59.21,19.63,1,Extremely Severe Cyclonic Storm
CYC-2039-NIO-181,Mocha,Bay of Bengal,2039-08-20T00:00:00Z,17.64,91.18,107.9,949.0,62.99,19.83,1,Extremely Severe Cyclonic Storm
CYC-2039-NIO-181,Mocha,Bay of Bengal,2039-08-20T06:00:00Z,18.28,91.24,116.5,947.5,64.45,9.56,1,Extremely Severe Cyclonic Storm
CYC-2039-NIO-181,Mocha,Bay of Bengal,2039-08-20T12:00:00Z,18.93,91.13,123.9,936.2,75.77,21.4,1,Super Cyclonic Storm
CYC-2039-NIO-181,Mocha,Bay of Bengal,2039-08-20T18:00:00Z,19.35,91.21,128.8,937.0,75.05,9.14,1,Super Cyclonic Storm
CYC-2039-NIO-181,Mocha,Bay of Bengal,2039-08-21T00:00:00Z,19.81,91.3,137.0,935.1,76.92,16.67,1,Super Cyclonic Storm
CYC-2039-NIO-181,Mocha,Bay of Bengal,2039-08-21T06:00:00Z,20.48,91.35,141.0,931.2,80.84,16.03,1,Super Cyclonic Storm
CYC-2039-NIO-181,Mocha,Bay of Bengal,2039-08-21T12:00:00Z,21.03,91.37,134.6,934.3,77.65,23.01,1,Super Cyclonic Storm
CYC-2039-NIO-181,Mocha,Bay of Bengal,2039-08-21T18:00:00Z,21.54,91.36,121.8,945.7,66.26,17.27,1,Super Cyclonic Storm
CYC-2039-NIO-181,Mocha,Bay of Bengal,2039-08-22T00:00:00Z,21.99,91.5,107.9,941.7,70.31,18.74,1,Extremely Severe Cyclonic Storm
CYC-2039-NIO-181,Mocha,Bay of Bengal,2039-08-22T06:00:00Z,22.65,91.51,98.7,953.4,58.6,9.35,1,Extremely Severe Cyclonic Storm
CYC-2039-NIO-181,Mocha,Bay of Bengal,2039-08-22T12:00:00Z,23.04,91.5,90.1,949.5,62.5,15.03,1,Extremely Severe Cyclonic Storm
CYC-2039-NIO-181,Mocha,Bay of Bengal,2039-08-22T18:00:00Z,23.59,91.5,80.2,962.5,49.49,20.75,1,Very Severe Cyclonic Storm
CYC-2039-NIO-181,Mocha,Bay of Bengal,2039-08-23T00:00:00Z,24.26,91.58,70.2,964.1,47.9,10.29,1,Very Severe Cyclonic Storm
CYC-2039-NIO-181,Mocha,Bay of Bengal,2039-08-23T06:00:00Z,24.84,91.67,64.3,968.9,43.11,20.83,1,Very Severe Cyclonic Storm
CYC-2039-NIO-181,Mocha,Bay of Bengal,2039-08-23T12:00:00Z,25.59,91.66,52.5,971.8,40.19,9.0,1,Severe Cyclonic Storm
CYC-2039-NIO-181,Mocha,Bay of Bengal,2039-08-23T18:00:00Z,26.26,91.72,44.2,991.3,20.72,18.82,0,Cyclonic Storm
CYC-2039-NIO-181,Mocha,Bay of Bengal,2039-08-24T00:00:00Z,26.79,91.88,35.6,988.1,23.91,10.31,0,Cyclonic Storm
CYC-2039-NIO-181,Mocha,Bay of Bengal,2039-08-24T06:00:00Z,27.39,91.97,26.0,1000.9,11.14,14.42,0,Depression
CYC-2039-NIO-181,Mocha,Bay of Bengal,2039-08-24T12:00:00Z,28.02,91.93,20.0,1000.7,11.29,22.85,0,Depression
CYC-2039-NIO-182,Biparjoy,Bay of Bengal,2039-10-02T18:00:00Z,9.47,84.32,36.3,991.0,20.99,9.36,0,Cyclonic Storm
CYC-2039-NIO-182,Biparjoy,Bay of Bengal,2039-10-03T00:00:00Z,9.87,84.74,42.3,991.0,21.01,23.66,0,Cyclonic Storm
CYC-2039-NIO-182,Biparjoy,Bay of Bengal,2039-10-03T06:00:00Z,10.65,85.17,49.9,989.8,22.18,15.74,1,Severe Cyclonic Storm
CYC-2039-NIO-182,Biparjoy,Bay of Bengal,2039-10-03T12:00:00Z,11.1,85.51,57.2,979.1,32.92,9.01,1,Severe Cyclonic Storm
CYC-2039-NIO-182,Biparjoy,Bay of Bengal,2039-10-03T18:00:00Z,11.68,85.89,67.6,973.2,38.85,20.94,1,Very Severe Cyclonic Storm
CYC-2039-NIO-182,Biparjoy,Bay of Bengal,2039-10-04T00:00:00Z,12.25,86.39,74.6,966.1,45.94,17.18,1,Very Severe Cyclonic Storm
CYC-2039-NIO-182,Biparjoy,Bay of Bengal,2039-10-04T06:00:00Z,12.88,86.62,87.3,959.5,52.53,8.51,1,Very Severe Cyclonic Storm
CYC-2039-NIO-182,Biparjoy,Bay of Bengal,2039-10-04T12:00:00Z,13.48,86.93,95.6,954.8,57.24,21.37,1,Extremely Severe Cyclonic Storm
CYC-2039-NIO-182,Biparjoy,Bay of Bengal,2039-10-04T18:00:00Z,14.18,87.22,102.7,946.7,65.27,19.74,1,Extremely Severe Cyclonic Storm
CYC-2039-NIO-182,Biparjoy,Bay of Bengal,2039-10-05T00:00:00Z,14.72,87.81,111.3,943.2,68.79,12.37,1,Extremely Severe Cyclonic Storm
CYC-2039-NIO-182,Biparjoy,Bay of Bengal,2039-10-05T06:00:00Z,15.31,88.3,118.1,940.7,71.3,11.72,1,Extremely Severe Cyclonic Storm
CYC-2039-NIO-182,Biparjoy,Bay of Bengal,2039-10-05T12:00:00Z,15.78,88.89,124.7,945.7,66.29,18.31,1,Super Cyclonic Storm
CYC-2039-NIO-182,Biparjoy,Bay of Bengal,2039-10-05T18:00:00Z,16.41,89.25,130.3,938.7,73.27,21.29,1,Super Cyclonic Storm
CYC-2039-NIO-182,Biparjoy,Bay of Bengal,2039-10-06T00:00:00Z,16.86,89.65,138.3,927.1,84.88,21.84,1,Super Cyclonic Storm
CYC-2039-NIO-182,Biparjoy,Bay of Bengal,2039-10-06T06:00:00Z,17.46,90.13,124.8,935.5,76.5,23.39,1,Super Cyclonic Storm
CYC-2039-NIO-182,Biparjoy,Bay of Bengal,2039-10-06T12:00:00Z,18.09,90.47,114.7,943.5,68.55,16.69,1,Extremely Severe Cyclonic Storm
CYC-2039-NIO-182,Biparjoy,Bay of Bengal,2039-10-06T18:00:00Z,18.59,90.93,104.1,951.0,61.02,9.22,1,Extremely Severe Cyclonic Storm
CYC-2039-NIO-182,Biparjoy,Bay of Bengal,2039-10-07T00:00:00Z,19.18,91.31,89.6,956.8,55.23,16.5,1,Very Severe Cyclonic Storm
CYC-2039-NIO-182,Biparjoy,Bay of Bengal,2039-10-07T06:00:00Z,19.85,91.7,75.0,965.6,46.36,9.61,1,Very Severe Cyclonic Storm
CYC-2039-NIO-182,Biparjoy,Bay of Bengal,2039-10-07T12:00:00Z,20.52,92.17,64.3,974.6,37.43,17.67,1,Very Severe Cyclonic Storm
CYC-2039-NIO-182,Biparjoy,Bay of Bengal,2039-10-07T18:00:00Z,20.92,92.48,51.8,983.6,28.4,14.12,1,Severe Cyclonic Storm
CYC-2039-NIO-182,Biparjoy,Bay of Bengal,2039-10-08T00:00:00Z,21.55,92.9,41.6,991.3,20.71,19.92,0,Cyclonic Storm
CYC-2039-NIO-182,Biparjoy,Bay of Bengal,2039-10-08T06:00:00Z,22.2,93.28,26.5,996.9,15.15,9.26,0,Depression
CYC-2039-NIO-183,Tej,Arabian Sea,2039-11-07T12:00:00Z,12.17,71.34,38.7,998.7,13.3,13.88,0,Cyclonic Storm
CYC-2039-NIO-183,Tej,Arabian Sea,2039-11-07T18:00:00Z,12.66,70.94,42.1,982.7,29.3,21.06,0,Cyclonic Storm
CYC-2039-NIO-183,Tej,Arabian Sea,2039-11-08T00:00:00Z,13.24,70.69,45.3,985.5,26.51,8.36,0,Cyclonic Storm
CYC-2039-NIO-183,Tej,Arabian Sea,2039-11-08T06:00:00Z,13.88,70.41,51.9,976.0,36.02,18.65,1,Severe Cyclonic Storm
CYC-2039-NIO-183,Tej,Arabian Sea,2039-11-08T12:00:00Z,14.37,70.23,55.0,975.1,36.88,19.32,1,Severe Cyclonic Storm
CYC-2039-NIO-183,Tej,Arabian Sea,2039-11-08T18:00:00Z,14.9,70.05,55.7,979.2,32.84,18.81,1,Severe Cyclonic Storm
CYC-2039-NIO-183,Tej,Arabian Sea,2039-11-09T00:00:00Z,15.41,69.68,63.5,976.5,35.47,8.96,1,Severe Cyclonic Storm
CYC-2039-NIO-183,Tej,Arabian Sea,2039-11-09T06:00:00Z,15.78,69.62,67.0,970.2,41.81,22.14,1,Very Severe Cyclonic Storm
CYC-2039-NIO-183,Tej,Arabian Sea,2039-11-09T12:00:00Z,16.36,69.58,69.0,971.5,40.47,15.36,1,Very Severe Cyclonic Storm
CYC-2039-NIO-183,Tej,Arabian Sea,2039-11-09T18:00:00Z,16.99,69.34,72.1,969.6,42.35,16.93,1,Very Severe Cyclonic Storm
CYC-2039-NIO-183,Tej,Arabian Sea,2039-11-10T00:00:00Z,17.57,69.07,65.4,973.1,38.9,22.97,1,Very Severe Cyclonic Storm
CYC-2039-NIO-183,Tej,Arabian Sea,2039-11-10T06:00:00Z,18.17,68.97,61.0,978.7,33.31,21.59,1,Severe Cyclonic Storm
CYC-2039-NIO-183,Tej,Arabian Sea,2039-11-10T12:00:00Z,18.57,68.75,54.0,979.7,32.26,19.43,1,Severe Cyclonic Storm
CYC-2039-NIO-183,Tej,Arabian Sea,2039-11-10T18:00:00Z,19.12,68.49,48.0,981.9,30.09,13.6,0,Cyclonic Storm
CYC-2039-NIO-183,Tej,Arabian Sea,2039-11-11T00:00:00Z,19.71,68.47,43.8,983.7,28.29,14.48,0,Cyclonic Storm
CYC-2039-NIO-183,Tej,Arabian Sea,2039-11-11T06:00:00Z,20.24,68.3,34.8,983.7,28.28,20.02,0,Cyclonic Storm
CYC-2039-NIO-183,Tej,Arabian Sea,2039-11-11T12:00:00Z,20.9,68.35,30.8,997.9,14.14,9.45,0,Deep Depression
CYC-2039-NIO-184,Hamoon,Bay of Bengal,2039-12-15T18:00:00Z,10.1,87.57,35.4,985.9,26.13,16.91,0,Cyclonic Storm
CYC-2039-NIO-184,Hamoon,Bay of Bengal,2039-12-16T00:00:00Z,10.65,87.88,44.1,983.6,28.41,21.4,0,Cyclonic Storm
CYC-2039-NIO-184,Hamoon,Bay of Bengal,2039-12-16T06:00:00Z,11.12,88.28,54.0,980.9,31.06,20.06,1,Severe Cyclonic Storm
CYC-2039-NIO-184,Hamoon,Bay of Bengal,2039-12-16T12:00:00Z,11.72,88.71,58.6,977.0,35.05,11.58,1,Severe Cyclonic Storm
CYC-2039-NIO-184,Hamoon,Bay of Bengal,2039-12-16T18:00:00Z,12.37,89.07,69.4,971.0,40.98,13.71,1,Very Severe Cyclonic Storm
CYC-2039-NIO-184,Hamoon,Bay of Bengal,2039-12-17T00:00:00Z,13.03,89.53,81.1,968.8,43.19,11.55,1,Very Severe Cyclonic Storm
CYC-2039-NIO-184,Hamoon,Bay of Bengal,2039-12-17T06:00:00Z,13.6,89.83,86.6,956.0,56.03,20.51,1,Very Severe Cyclonic Storm
CYC-2039-NIO-184,Hamoon,Bay of Bengal,2039-12-17T12:00:00Z,14.2,90.2,98.5,944.8,67.15,22.28,1,Extremely Severe Cyclonic Storm
CYC-2039-NIO-184,Hamoon,Bay of Bengal,2039-12-17T18:00:00Z,14.72,90.59,108.8,949.4,62.56,12.48,1,Extremely Severe Cyclonic Storm
CYC-2039-NIO-184,Hamoon,Bay of Bengal,2039-12-18T00:00:00Z,15.18,91.02,113.8,940.1,71.89,22.62,1,Extremely Severe Cyclonic Storm
CYC-2039-NIO-184,Hamoon,Bay of Bengal,2039-12-18T06:00:00Z,15.79,91.25,125.9,931.7,80.32,17.03,1,Super Cyclonic Storm
CYC-2039-NIO-184,Hamoon,Bay of Bengal,2039-12-18T12:00:00Z,16.42,91.55,114.9,941.4,70.6,16.05,1,Extremely Severe Cyclonic Storm
CYC-2039-NIO-184,Hamoon,Bay of Bengal,2039-12-18T18:00:00Z,16.96,91.91,98.9,950.3,61.75,16.32,1,Extremely Severe Cyclonic Storm
CYC-2039-NIO-184,Hamoon,Bay of Bengal,2039-12-19T00:00:00Z,17.44,92.3,83.9,965.5,46.49,15.54,1,Very Severe Cyclonic Storm
CYC-2039-NIO-184,Hamoon,Bay of Bengal,2039-12-19T06:00:00Z,18.0,92.71,68.3,966.3,45.72,17.17,1,Very Severe Cyclonic Storm
CYC-2039-NIO-184,Hamoon,Bay of Bengal,2039-12-19T12:00:00Z,18.47,92.96,58.5,973.8,38.19,19.36,1,Severe Cyclonic Storm
CYC-2039-NIO-184,Hamoon,Bay of Bengal,2039-12-19T18:00:00Z,18.99,93.46,49.0,977.6,34.4,12.54,1,Severe Cyclonic Storm
CYC-2039-NIO-184,Hamoon,Bay of Bengal,2039-12-20T00:00:00Z,19.54,93.78,33.9,983.9,28.07,20.38,0,Deep Depression
CYC-2039-NIO-184,Hamoon,Bay of Bengal,2039-12-20T06:00:00Z,20.16,94.12,20.0,1003.7,8.27,17.58,0,Depression
CYC-2040-NIO-185,Midhili,Bay of Bengal,2040-02-09T12:00:00Z,11.49,88.71,33.4,993.7,18.27,22.21,0,Deep Depression
CYC-2040-NIO-185,Midhili,Bay of Bengal,2040-02-09T18:00:00Z,11.97,88.65,40.6,992.8,19.17,14.65,0,Cyclonic Storm
CYC-2040-NIO-185,Midhili,Bay of Bengal,2040-02-10T00:00:00Z,12.52,88.85,48.1,977.8,34.18,11.27,1,Severe Cyclonic Storm
CYC-2040-NIO-185,Midhili,Bay of Bengal,2040-02-10T06:00:00Z,12.85,88.99,54.2,971.8,40.22,18.32,1,Severe Cyclonic Storm
CYC-2040-NIO-185,Midhili,Bay of Bengal,2040-02-10T12:00:00Z,13.34,89.18,59.2,976.1,35.9,13.75,1,Severe Cyclonic Storm
CYC-2040-NIO-185,Midhili,Bay of Bengal,2040-02-10T18:00:00Z,13.81,89.31,61.5,973.9,38.09,12.39,1,Severe Cyclonic Storm
CYC-2040-NIO-185,Midhili,Bay of Bengal,2040-02-11T00:00:00Z,14.33,89.31,71.6,964.8,47.21,16.75,1,Very Severe Cyclonic Storm
CYC-2040-NIO-185,Midhili,Bay of Bengal,2040-02-11T06:00:00Z,14.88,89.42,77.4,971.8,40.19,13.66,1,Very Severe Cyclonic Storm
CYC-2040-NIO-185,Midhili,Bay of Bengal,2040-02-11T12:00:00Z,15.37,89.37,84.1,968.4,43.6,15.76,1,Very Severe Cyclonic Storm
CYC-2040-NIO-185,Midhili,Bay of Bengal,2040-02-11T18:00:00Z,15.92,89.21,91.9,952.8,59.24,17.41,1,Extremely Severe Cyclonic Storm
CYC-2040-NIO-185,Midhili,Bay of Bengal,2040-02-12T00:00:00Z,16.64,89.2,94.1,957.8,54.2,9.56,1,Extremely Severe Cyclonic Storm
CYC-2040-NIO-185,Midhili,Bay of Bengal,2040-02-12T06:00:00Z,17.16,89.31,99.2,960.0,51.98,20.1,1,Extremely Severe Cyclonic Storm
CYC-2040-NIO-185,Midhili,Bay of Bengal,2040-02-12T12:00:00Z,17.62,89.37,104.3,952.1,59.91,10.21,1,Extremely Severe Cyclonic Storm
CYC-2040-NIO-185,Midhili,Bay of Bengal,2040-02-12T18:00:00Z,18.14,89.38,112.2,949.0,63.02,22.65,1,Extremely Severe Cyclonic Storm
CYC-2040-NIO-185,Midhili,Bay of Bengal,2040-02-13T00:00:00Z,18.71,89.27,118.4,941.2,70.8,13.0,1,Extremely Severe Cyclonic Storm
CYC-2040-NIO-185,Midhili,Bay of Bengal,2040-02-13T06:00:00Z,19.26,89.42,127.5,941.6,70.43,22.5,1,Super Cyclonic Storm
CYC-2040-NIO-185,Midhili,Bay of Bengal,2040-02-13T12:00:00Z,19.71,89.46,134.5,933.5,78.51,23.97,1,Super Cyclonic Storm
CYC-2040-NIO-185,Midhili,Bay of Bengal,2040-02-13T18:00:00Z,20.19,89.51,124.8,931.3,80.7,23.39,1,Super Cyclonic Storm
CYC-2040-NIO-185,Midhili,Bay of Bengal,2040-02-14T00:00:00Z,20.77,89.65,114.5,941.0,71.05,10.06,1,Extremely Severe Cyclonic Storm
CYC-2040-NIO-185,Midhili,Bay of Bengal,2040-02-14T06:00:00Z,21.26,89.65,105.7,943.1,68.87,18.99,1,Extremely Severe Cyclonic Storm
CYC-2040-NIO-185,Midhili,Bay of Bengal,2040-02-14T12:00:00Z,21.93,89.69,97.9,953.0,59.01,23.59,1,Extremely Severe Cyclonic Storm
CYC-2040-NIO-185,Midhili,Bay of Bengal,2040-02-14T18:00:00Z,22.6,89.67,88.5,953.7,58.32,16.54,1,Very Severe Cyclonic Storm
CYC-2040-NIO-185,Midhili,Bay of Bengal,2040-02-15T00:00:00Z,23.07,89.69,82.0,967.3,44.68,11.9,1,Very Severe Cyclonic Storm
CYC-2040-NIO-185,Midhili,Bay of Bengal,2040-02-15T06:00:00Z,23.65,89.81,71.9,967.3,44.66,19.01,1,Very Severe Cyclonic Storm
CYC-2040-NIO-185,Midhili,Bay of Bengal,2040-02-15T12:00:00Z,24.08,89.71,65.5,975.4,36.58,15.5,1,Very Severe Cyclonic Storm
CYC-2040-NIO-185,Midhili,Bay of Bengal,2040-02-15T18:00:00Z,24.63,89.92,54.7,988.0,23.97,11.19,1,Severe Cyclonic Storm
CYC-2040-NIO-185,Midhili,Bay of Bengal,2040-02-16T00:00:00Z,25.2,89.77,44.6,989.9,22.06,14.83,0,Cyclonic Storm
CYC-2040-NIO-185,Midhili,Bay of Bengal,2040-02-16T06:00:00Z,25.65,89.73,34.6,986.0,25.96,8.63,0,Cyclonic Storm
CYC-2040-NIO-185,Midhili,Bay of Bengal,2040-02-16T12:00:00Z,26.11,89.71,24.2,999.0,13.03,20.78,0,Depression
CYC-2040-NIO-186,Michaung,Arabian Sea,2040-03-25T18:00:00Z,12.84,67.65,35.5,985.9,26.1,19.74,0,Cyclonic Storm
CYC-2040-NIO-186,Michaung,Arabian Sea,2040-03-26T00:00:00Z,13.35,67.54,42.8,984.9,27.1,21.85,0,Cyclonic Storm
CYC-2040-NIO-186,Michaung,Arabian Sea,2040-03-26T06:00:00Z,13.74,67.3,48.0,992.7,19.27,22.58,0,Cyclonic Storm
CYC-2040-NIO-186,Michaung,Arabian Sea,2040-03-26T12:00:00Z,14.15,67.31,52.7,980.6,31.45,9.73,1,Severe Cyclonic Storm
CYC-2040-NIO-186,Michaung,Arabian Sea,2040-03-26T18:00:00Z,14.42,67.18,58.9,978.9,33.11,22.03,1,Severe Cyclonic Storm
CYC-2040-NIO-186,Michaung,Arabian Sea,2040-03-27T00:00:00Z,14.8,67.14,64.8,967.3,44.68,13.09,1,Very Severe Cyclonic Storm
CYC-2040-NIO-186,Michaung,Arabian Sea,2040-03-27T06:00:00Z,15.08,66.97,67.6,972.4,39.64,21.19,1,Very Severe Cyclonic Storm
CYC-2040-NIO-186,Michaung,Arabian Sea,2040-03-27T12:00:00Z,15.47,66.95,75.0,974.6,37.45,13.55,1,Very Severe Cyclonic Storm
CYC-2040-NIO-186,Michaung,Arabian Sea,2040-03-27T18:00:00Z,15.83,66.89,81.1,961.1,50.88,8.43,1,Very Severe Cyclonic Storm
CYC-2040-NIO-186,Michaung,Arabian Sea,2040-03-28T00:00:00Z,16.15,66.84,85.3,966.4,45.64,21.06,1,Very Severe Cyclonic Storm
CYC-2040-NIO-186,Michaung,Arabian Sea,2040-03-28T06:00:00Z,16.33,66.76,78.9,959.9,52.13,20.62,1,Very Severe Cyclonic Storm
CYC-2040-NIO-186,Michaung,Arabian Sea,2040-03-28T12:00:00Z,16.6,66.78,71.6,969.0,43.03,21.24,1,Very Severe Cyclonic Storm
CYC-2040-NIO-186,Michaung,Arabian Sea,2040-03-28T18:00:00Z,16.98,66.67,58.8,984.6,27.43,10.6,1,Severe Cyclonic Storm
CYC-2040-NIO-186,Michaung,Arabian Sea,2040-03-29T00:00:00Z,17.34,66.53,52.1,980.4,31.6,21.37,1,Severe Cyclonic Storm
CYC-2040-NIO-186,Michaung,Arabian Sea,2040-03-29T06:00:00Z,17.56,66.41,40.2,985.0,27.0,18.44,0,Cyclonic Storm
CYC-2040-NIO-186,Michaung,Arabian Sea,2040-03-29T12:00:00Z,17.9,66.34,35.3,986.4,25.63,12.3,0,Cyclonic Storm
CYC-2040-NIO-186,Michaung,Arabian Sea,2040-03-29T18:00:00Z,18.3,66.39,27.9,993.7,18.34,13.08,0,Depression
CYC-2040-NIO-187,Remal,Bay of Bengal,2040-05-08T00:00:00Z,7.72,87.71,28.6,989.2,22.76,9.44,0,Deep Depression
CYC-2040-NIO-187,Remal,Bay of Bengal,2040-05-08T06:00:00Z,8.22,87.79,30.6,999.2,12.81,15.43,0,Deep Depression
CYC-2040-NIO-187,Remal,Bay of Bengal,2040-05-08T12:00:00Z,8.88,87.8,33.9,986.4,25.65,10.08,0,Deep Depression
CYC-2040-NIO-187,Remal,Bay of Bengal,2040-05-08T18:00:00Z,9.44,87.73,38.4,992.8,19.24,10.15,0,Cyclonic Storm
CYC-2040-NIO-187,Remal,Bay of Bengal,2040-05-09T00:00:00Z,10.16,87.69,40.8,989.1,22.92,18.14,0,Cyclonic Storm
CYC-2040-NIO-187,Remal,Bay of Bengal,2040-05-09T06:00:00Z,10.64,87.49,43.9,989.9,22.05,10.35,0,Cyclonic Storm
CYC-2040-NIO-187,Remal,Bay of Bengal,2040-05-09T12:00:00Z,11.17,87.52,50.2,977.7,34.29,18.94,1,Severe Cyclonic Storm
CYC-2040-NIO-187,Remal,Bay of Bengal,2040-05-09T18:00:00Z,11.67,87.55,52.8,979.0,33.04,16.66,1,Severe Cyclonic Storm
CYC-2040-NIO-187,Remal,Bay of Bengal,2040-05-10T00:00:00Z,12.31,87.45,58.2,976.8,35.23,22.25,1,Severe Cyclonic Storm
CYC-2040-NIO-187,Remal,Bay of Bengal,2040-05-10T06:00:00Z,12.85,87.42,60.8,977.1,34.89,12.8,1,Severe Cyclonic Storm
CYC-2040-NIO-187,Remal,Bay of Bengal,2040-05-10T12:00:00Z,13.4,87.36,61.6,970.8,41.16,16.6,1,Severe Cyclonic Storm
CYC-2040-NIO-187,Remal,Bay of Bengal,2040-05-10T18:00:00Z,13.91,87.37,70.1,964.5,47.5,23.31,1,Very Severe Cyclonic Storm
CYC-2040-NIO-187,Remal,Bay of Bengal,2040-05-11T00:00:00Z,14.37,87.38,69.4,972.0,40.01,15.67,1,Very Severe Cyclonic Storm
CYC-2040-NIO-187,Remal,Bay of Bengal,2040-05-11T06:00:00Z,14.92,87.26,74.6,964.6,47.4,17.5,1,Very Severe Cyclonic Storm
CYC-2040-NIO-187,Remal,Bay of Bengal,2040-05-11T12:00:00Z,15.35,87.33,79.2,962.7,49.32,13.98,1,Very Severe Cyclonic Storm
CYC-2040-NIO-187,Remal,Bay of Bengal,2040-05-11T18:00:00Z,15.82,87.37,84.9,962.6,49.37,9.61,1,Very Severe Cyclonic Storm
CYC-2040-NIO-187,Remal,Bay of Bengal,2040-05-12T00:00:00Z,16.32,87.44,92.2,956.5,55.47,15.92,1,Extremely Severe Cyclonic Storm
CYC-2040-NIO-187,Remal,Bay of Bengal,2040-05-12T06:00:00Z,16.85,87.43,88.5,959.6,52.36,20.23,1,Very Severe Cyclonic Storm
CYC-2040-NIO-187,Remal,Bay of Bengal,2040-05-12T12:00:00Z,17.47,87.32,79.2,970.7,41.3,12.27,1,Very Severe Cyclonic Storm
CYC-2040-NIO-187,Remal,Bay of Bengal,2040-05-12T18:00:00Z,18.08,87.28,69.9,971.7,40.29,13.73,1,Very Severe Cyclonic Storm
CYC-2040-NIO-187,Remal,Bay of Bengal,2040-05-13T00:00:00Z,18.68,87.43,63.2,971.6,40.38,21.02,1,Severe Cyclonic Storm
CYC-2040-NIO-187,Remal,Bay of Bengal,2040-05-13T06:00:00Z,19.16,87.56,57.7,973.7,38.29,12.18,1,Severe Cyclonic Storm
CYC-2040-NIO-187,Remal,Bay of Bengal,2040-05-13T12:00:00Z,19.7,87.37,49.5,974.1,37.93,11.82,1,Severe Cyclonic Storm
CYC-2040-NIO-187,Remal,Bay of Bengal,2040-05-13T18:00:00Z,20.33,87.39,43.2,979.9,32.06,18.38,0,Cyclonic Storm
CYC-2040-NIO-187,Remal,Bay of Bengal,2040-05-14T00:00:00Z,20.72,87.46,37.5,989.8,22.21,13.92,0,Cyclonic Storm
CYC-2040-NIO-187,Remal,Bay of Bengal,2040-05-14T06:00:00Z,21.24,87.45,25.8,996.9,15.05,20.15,0,Depression
CYC-2040-NIO-187,Remal,Bay of Bengal,2040-05-14T12:00:00Z,21.66,87.54,20.0,993.8,18.19,22.11,0,Depression
CYC-2040-NIO-187,Remal,Bay of Bengal,2040-05-14T18:00:00Z,22.38,87.55,20.0,993.7,18.34,12.58,0,Depression
CYC-2040-NIO-188,Asna,Bay of Bengal,2040-06-17T00:00:00Z,10.82,86.68,27.8,997.9,14.08,20.99,0,Depression
CYC-2040-NIO-188,Asna,Bay of Bengal,2040-06-17T06:00:00Z,11.38,86.58,32.8,995.2,16.8,16.02,0,Deep Depression
CYC-2040-NIO-188,Asna,Bay of Bengal,2040-06-17T12:00:00Z,11.87,86.56,36.9,994.9,17.07,23.1,0,Cyclonic Storm
CYC-2040-NIO-188,Asna,Bay of Bengal,2040-06-17T18:00:00Z,12.23,86.43,36.7,987.0,25.0,10.67,0,Cyclonic Storm
CYC-2040-NIO-188,Asna,Bay of Bengal,2040-06-18T00:00:00Z,12.77,86.46,39.9,988.1,23.86,8.96,0,Cyclonic Storm
CYC-2040-NIO-188,Asna,Bay of Bengal,2040-06-18T06:00:00Z,13.42,86.41,41.4,987.1,24.91,9.86,0,Cyclonic Storm
CYC-2040-NIO-188,Asna,Bay of Bengal,2040-06-18T12:00:00Z,14.02,86.4,46.0,991.0,21.0,17.17,0,Cyclonic Storm
CYC-2040-NIO-188,Asna,Bay of Bengal,2040-06-18T18:00:00Z,14.72,86.32,52.2,985.9,26.1,19.12,1,Severe Cyclonic Storm
CYC-2040-NIO-188,Asna,Bay of Bengal,2040-06-19T00:00:00Z,15.19,86.17,57.6,979.8,32.25,16.35,1,Severe Cyclonic Storm
CYC-2040-NIO-188,Asna,Bay of Bengal,2040-06-19T06:00:00Z,15.76,86.17,60.6,971.3,40.75,22.49,1,Severe Cyclonic Storm
CYC-2040-NIO-188,Asna,Bay of Bengal,2040-06-19T12:00:00Z,16.33,86.11,63.5,970.6,41.38,16.85,1,Severe Cyclonic Storm
CYC-2040-NIO-188,Asna,Bay of Bengal,2040-06-19T18:00:00Z,17.06,86.14,56.6,981.3,30.69,12.17,1,Severe Cyclonic Storm
CYC-2040-NIO-188,Asna,Bay of Bengal,2040-06-20T00:00:00Z,17.72,86.05,53.6,981.6,30.44,13.21,1,Severe Cyclonic Storm
CYC-2040-NIO-188,Asna,Bay of Bengal,2040-06-20T06:00:00Z,18.25,86.02,46.4,991.4,20.6,10.36,0,Cyclonic Storm
CYC-2040-NIO-188,Asna,Bay of Bengal,2040-06-20T12:00:00Z,18.75,86.0,44.8,981.7,30.29,19.04,0,Cyclonic Storm
CYC-2040-NIO-188,Asna,Bay of Bengal,2040-06-20T18:00:00Z,19.28,85.97,35.1,1002.4,9.64,17.98,0,Cyclonic Storm
CYC-2040-NIO-188,Asna,Bay of Bengal,2040-06-21T00:00:00Z,19.79,85.9,33.6,984.2,27.8,16.85,0,Deep Depression
CYC-2040-NIO-188,Asna,Bay of Bengal,2040-06-21T06:00:00Z,20.35,85.96,27.4,992.9,19.12,20.85,0,Depression
CYC-2040-NIO-189,Dana,Arabian Sea,2040-08-11T12:00:00Z,12.22,65.85,30.3,992.5,19.46,10.41,0,Deep Depression
CYC-2040-NIO-189,Dana,Arabian Sea,2040-08-11T18:00:00Z,12.75,65.99,33.2,983.4,28.57,21.1,0,Deep Depression
CYC-2040-NIO-189,Dana,Arabian Sea,2040-08-12T00:00:00Z,13.21,66.1,38.0,985.4,26.59,11.94,0,Cyclonic Storm
CYC-2040-NIO-189,Dana,Arabian Sea,2040-08-12T06:00:00Z,13.65,66.03,40.3,988.4,23.59,8.96,0,Cyclonic Storm
CYC-2040-NIO-189,Dana,Arabian Sea,2040-08-12T12:00:00Z,14.1,66.1,40.7,995.3,16.67,21.53,0,Cyclonic Storm
CYC-2040-NIO-189,Dana,Arabian Sea,2040-08-12T18:00:00Z,14.56,66.28,41.7,984.5,27.46,14.7,0,Cyclonic Storm
CYC-2040-NIO-189,Dana,Arabian Sea,2040-08-13T00:00:00Z,14.9,66.23,42.2,986.9,25.08,20.9,0,Cyclonic Storm
CYC-2040-NIO-189,Dana,Arabian Sea,2040-08-13T06:00:00Z,15.31,66.18,45.1,991.7,20.32,13.78,0,Cyclonic Storm
CYC-2040-NIO-189,Dana,Arabian Sea,2040-08-13T12:00:00Z,15.83,66.22,51.2,983.1,28.89,16.2,1,Severe Cyclonic Storm
CYC-2040-NIO-189,Dana,Arabian Sea,2040-08-13T18:00:00Z,16.3,66.23,57.2,985.0,27.04,18.55,1,Severe Cyclonic Storm
CYC-2040-NIO-189,Dana,Arabian Sea,2040-08-14T00:00:00Z,16.76,66.33,59.9,970.2,41.81,23.68,1,Severe Cyclonic Storm
CYC-2040-NIO-189,Dana,Arabian Sea,2040-08-14T06:00:00Z,17.23,66.39,64.1,977.7,34.3,13.59,1,Very Severe Cyclonic Storm
CYC-2040-NIO-189,Dana,Arabian Sea,2040-08-14T12:00:00Z,17.73,66.33,69.9,968.9,43.15,20.17,1,Very Severe Cyclonic Storm
CYC-2040-NIO-189,Dana,Arabian Sea,2040-08-14T18:00:00Z,18.23,66.29,68.8,970.4,41.55,14.61,1,Very Severe Cyclonic Storm
CYC-2040-NIO-189,Dana,Arabian Sea,2040-08-15T00:00:00Z,18.63,66.4,70.0,964.7,47.34,11.43,1,Very Severe Cyclonic Storm
CYC-2040-NIO-189,Dana,Arabian Sea,2040-08-15T06:00:00Z,18.95,66.46,67.0,974.3,37.68,17.57,1,Very Severe Cyclonic Storm
CYC-2040-NIO-189,Dana,Arabian Sea,2040-08-15T12:00:00Z,19.47,66.49,60.7,979.4,32.6,21.24,1,Severe Cyclonic Storm
CYC-2040-NIO-189,Dana,Arabian Sea,2040-08-15T18:00:00Z,19.92,66.49,54.2,976.7,35.32,23.31,1,Severe Cyclonic Storm
CYC-2040-NIO-189,Dana,Arabian Sea,2040-08-16T00:00:00Z,20.22,66.43,44.9,989.5,22.52,15.54,0,Cyclonic Storm
CYC-2040-NIO-189,Dana,Arabian Sea,2040-08-16T06:00:00Z,20.66,66.48,42.2,987.2,24.8,15.89,0,Cyclonic Storm
CYC-2040-NIO-189,Dana,Arabian Sea,2040-08-16T12:00:00Z,21.01,66.55,40.5,983.3,28.7,14.2,0,Cyclonic Storm
CYC-2040-NIO-189,Dana,Arabian Sea,2040-08-16T18:00:00Z,21.38,66.68,38.3,987.6,24.43,10.31,0,Cyclonic Storm
CYC-2040-NIO-189,Dana,Arabian Sea,2040-08-17T00:00:00Z,21.75,66.76,36.0,987.8,24.22,13.69,0,Cyclonic Storm
CYC-2040-NIO-189,Dana,Arabian Sea,2040-08-17T06:00:00Z,22.15,66.89,27.6,1000.4,11.59,19.99,0,Depression
CYC-2040-NIO-189,Dana,Arabian Sea,2040-08-17T12:00:00Z,22.69,67.19,20.0,1003.7,8.3,13.55,0,Depression
CYC-2040-NIO-190,Amphan,Bay of Bengal,2040-10-09T18:00:00Z,9.12,88.32,30.9,996.4,15.63,19.21,0,Deep Depression
CYC-2040-NIO-190,Amphan,Bay of Bengal,2040-10-10T00:00:00Z,9.51,88.73,38.6,990.3,21.69,22.14,0,Cyclonic Storm
CYC-2040-NIO-190,Amphan,Bay of Bengal,2040-10-10T06:00:00Z,10.01,88.98,43.6,985.2,26.83,11.36,0,Cyclonic Storm
CYC-2040-NIO-190,Amphan,Bay of Bengal,2040-10-10T12:00:00Z,10.56,89.25,54.7,975.2,36.79,8.1,1,Severe Cyclonic Storm
CYC-2040-NIO-190,Amphan,Bay of Bengal,2040-10-10T18:00:00Z,10.99,89.56,61.5,973.0,38.95,15.65,1,Severe Cyclonic Storm
CYC-2040-NIO-190,Amphan,Bay of Bengal,2040-10-11T00:00:00Z,11.45,89.81,67.5,974.1,37.86,9.58,1,Very Severe Cyclonic Storm
CYC-2040-NIO-190,Amphan,Bay of Bengal,2040-10-11T06:00:00Z,11.92,90.14,72.0,969.1,42.86,14.46,1,Very Severe Cyclonic Storm
CYC-2040-NIO-190,Amphan,Bay of Bengal,2040-10-11T12:00:00Z,12.26,90.59,74.8,968.1,43.85,10.43,1,Very Severe Cyclonic Storm
CYC-2040-NIO-190,Amphan,Bay of Bengal,2040-10-11T18:00:00Z,12.76,91.05,82.8,964.3,47.66,13.0,1,Very Severe Cyclonic Storm
CYC-2040-NIO-190,Amphan,Bay of Bengal,2040-10-12T00:00:00Z,13.08,91.43,90.9,961.7,50.26,10.08,1,Extremely Severe Cyclonic Storm
CYC-2040-NIO-190,Amphan,Bay of Bengal,2040-10-12T06:00:00Z,13.4,91.85,96.8,948.7,63.27,15.24,1,Extremely Severe Cyclonic Storm
CYC-2040-NIO-190,Amphan,Bay of Bengal,2040-10-12T12:00:00Z,13.82,92.17,102.1,951.4,60.57,11.32,1,Extremely Severe Cyclonic Storm
CYC-2040-NIO-190,Amphan,Bay of Bengal,2040-10-12T18:00:00Z,14.01,92.59,108.0,947.8,64.21,13.24,1,Extremely Severe Cyclonic Storm
CYC-2040-NIO-190,Amphan,Bay of Bengal,2040-10-13T00:00:00Z,14.4,92.96,113.8,936.6,75.39,22.61,1,Extremely Severe Cyclonic Storm
CYC-2040-NIO-190,Amphan,Bay of Bengal,2040-10-13T06:00:00Z,14.91,93.37,103.0,955.2,56.79,20.16,1,Extremely Severe Cyclonic Storm
CYC-2040-NIO-190,Amphan,Bay of Bengal,2040-10-13T12:00:00Z,15.29,93.65,92.0,955.2,56.75,19.43,1,Extremely Severe Cyclonic Storm
CYC-2040-NIO-190,Amphan,Bay of Bengal,2040-10-13T18:00:00Z,15.68,93.98,81.7,960.5,51.46,11.88,1,Very Severe Cyclonic Storm
CYC-2040-NIO-190,Amphan,Bay of Bengal,2040-10-14T00:00:00Z,16.04,94.34,69.1,975.9,36.11,20.03,1,Very Severe Cyclonic Storm
CYC-2040-NIO-190,Amphan,Bay of Bengal,2040-10-14T06:00:00Z,16.62,94.59,58.9,976.6,35.42,16.35,1,Severe Cyclonic Storm
CYC-2040-NIO-190,Amphan,Bay of Bengal,2040-10-14T12:00:00Z,17.09,94.82,46.9,984.7,27.27,10.83,0,Cyclonic Storm
CYC-2040-NIO-190,Amphan,Bay of Bengal,2040-10-14T18:00:00Z,17.54,95.12,38.6,991.8,20.18,8.76,0,Cyclonic Storm
CYC-2040-NIO-190,Amphan,Bay of Bengal,2040-10-15T00:00:00Z,17.88,95.37,34.4,988.1,23.87,21.26,0,Cyclonic Storm
CYC-2040-NIO-190,Amphan,Bay of Bengal,2040-10-15T06:00:00Z,18.4,95.79,20.0,1001.8,10.22,20.97,0,Depression
CYC-2040-NIO-191,Fani,Bay of Bengal,2040-11-13T12:00:00Z,8.3,87.79,40.4,987.6,24.39,23.33,0,Cyclonic Storm
CYC-2040-NIO-191,Fani,Bay of Bengal,2040-11-13T18:00:00Z,8.82,87.88,42.2,987.3,24.66,17.84,0,Cyclonic Storm
CYC-2040-NIO-191,Fani,Bay of Bengal,2040-11-14T00:00:00Z,9.2,88.04,49.2,976.4,35.57,21.46,1,Severe Cyclonic Storm
CYC-2040-NIO-191,Fani,Bay of Bengal,2040-11-14T06:00:00Z,9.61,88.34,53.5,982.1,29.86,20.06,1,Severe Cyclonic Storm
CYC-2040-NIO-191,Fani,Bay of Bengal,2040-11-14T12:00:00Z,10.11,88.49,58.5,977.1,34.94,11.43,1,Severe Cyclonic Storm
CYC-2040-NIO-191,Fani,Bay of Bengal,2040-11-14T18:00:00Z,10.64,88.72,63.4,980.8,31.22,8.18,1,Severe Cyclonic Storm
CYC-2040-NIO-191,Fani,Bay of Bengal,2040-11-15T00:00:00Z,11.0,88.79,68.6,971.6,40.37,9.67,1,Very Severe Cyclonic Storm
CYC-2040-NIO-191,Fani,Bay of Bengal,2040-11-15T06:00:00Z,11.32,88.91,74.3,969.8,42.22,13.66,1,Very Severe Cyclonic Storm
CYC-2040-NIO-191,Fani,Bay of Bengal,2040-11-15T12:00:00Z,11.67,89.12,76.2,960.5,51.48,11.81,1,Very Severe Cyclonic Storm
CYC-2040-NIO-191,Fani,Bay of Bengal,2040-11-15T18:00:00Z,12.14,89.34,79.2,961.2,50.76,8.29,1,Very Severe Cyclonic Storm
CYC-2040-NIO-191,Fani,Bay of Bengal,2040-11-16T00:00:00Z,12.6,89.32,86.0,956.1,55.85,14.59,1,Very Severe Cyclonic Storm
CYC-2040-NIO-191,Fani,Bay of Bengal,2040-11-16T06:00:00Z,13.06,89.47,89.6,952.3,59.73,14.12,1,Very Severe Cyclonic Storm
CYC-2040-NIO-191,Fani,Bay of Bengal,2040-11-16T12:00:00Z,13.43,89.57,96.0,952.8,59.24,20.27,1,Extremely Severe Cyclonic Storm
CYC-2040-NIO-191,Fani,Bay of Bengal,2040-11-16T18:00:00Z,13.82,89.88,97.4,953.8,58.18,9.19,1,Extremely Severe Cyclonic Storm
CYC-2040-NIO-191,Fani,Bay of Bengal,2040-11-17T00:00:00Z,14.25,89.88,100.7,946.1,65.87,14.29,1,Extremely Severe Cyclonic Storm
CYC-2040-NIO-191,Fani,Bay of Bengal,2040-11-17T06:00:00Z,14.66,90.0,105.2,948.5,63.55,13.22,1,Extremely Severe Cyclonic Storm
CYC-2040-NIO-191,Fani,Bay of Bengal,2040-11-17T12:00:00Z,15.11,90.13,106.9,943.7,68.28,10.02,1,Extremely Severe Cyclonic Storm
CYC-2040-NIO-191,Fani,Bay of Bengal,2040-11-17T18:00:00Z,15.48,90.23,111.8,944.5,67.52,12.09,1,Extremely Severe Cyclonic Storm
CYC-2040-NIO-191,Fani,Bay of Bengal,2040-11-18T00:00:00Z,15.93,90.34,105.1,944.6,67.36,18.11,1,Extremely Severe Cyclonic Storm
CYC-2040-NIO-191,Fani,Bay of Bengal,2040-11-18T06:00:00Z,16.4,90.5,96.3,957.0,54.99,13.69,1,Extremely Severe Cyclonic Storm
CYC-2040-NIO-191,Fani,Bay of Bengal,2040-11-18T12:00:00Z,16.76,90.62,85.6,960.2,51.82,13.45,1,Very Severe Cyclonic Storm
CYC-2040-NIO-191,Fani,Bay of Bengal,2040-11-18T18:00:00Z,17.2,90.85,74.8,966.4,45.56,9.62,1,Very Severe Cyclonic Storm
CYC-2040-NIO-191,Fani,Bay of Bengal,2040-11-19T00:00:00Z,17.57,91.07,65.8,966.3,45.73,22.43,1,Very Severe Cyclonic Storm
CYC-2040-NIO-191,Fani,Bay of Bengal,2040-11-19T06:00:00Z,18.15,91.3,60.5,979.0,32.95,21.24,1,Severe Cyclonic Storm
CYC-2040-NIO-191,Fani,Bay of Bengal,2040-11-19T12:00:00Z,18.48,91.44,56.5,975.1,36.86,11.66,1,Severe Cyclonic Storm
CYC-2040-NIO-191,Fani,Bay of Bengal,2040-11-19T18:00:00Z,18.85,91.55,47.2,990.8,21.15,18.38,0,Cyclonic Storm
CYC-2040-NIO-191,Fani,Bay of Bengal,2040-11-20T00:00:00Z,19.37,91.65,39.6,984.1,27.92,12.41,0,Cyclonic Storm
CYC-2040-NIO-191,Fani,Bay of Bengal,2040-11-20T06:00:00Z,19.64,91.84,31.8,993.7,18.31,19.88,0,Deep Depression
CYC-2040-NIO-191,Fani,Bay of Bengal,2040-11-20T12:00:00Z,20.03,91.93,25.0,1000.2,11.76,23.06,0,Depression
CYC-2040-NIO-191,Fani,Bay of Bengal,2040-11-20T18:00:00Z,20.5,92.08,20.0,1002.3,9.7,8.14,0,Depression
CYC-2040-NIO-192,Hudhud,Arabian Sea,2040-12-22T00:00:00Z,12.7,69.33,29.5,994.1,17.87,13.14,0,Deep Depression
CYC-2040-NIO-192,Hudhud,Arabian Sea,2040-12-22T06:00:00Z,13.16,69.25,36.9,994.3,17.73,8.35,0,Cyclonic Storm
CYC-2040-NIO-192,Hudhud,Arabian Sea,2040-12-22T12:00:00Z,13.53,69.22,41.4,987.8,24.17,9.3,0,Cyclonic Storm
CYC-2040-NIO-192,Hudhud,Arabian Sea,2040-12-22T18:00:00Z,13.91,69.16,46.1,984.9,27.06,12.65,0,Cyclonic Storm
CYC-2040-NIO-192,Hudhud,Arabian Sea,2040-12-23T00:00:00Z,14.25,69.01,50.7,984.3,27.74,23.95,1,Severe Cyclonic Storm
CYC-2040-NIO-192,Hudhud,Arabian Sea,2040-12-23T06:00:00Z,14.52,68.85,57.1,974.7,37.3,11.9,1,Severe Cyclonic Storm
CYC-2040-NIO-192,Hudhud,Arabian Sea,2040-12-23T12:00:00Z,14.79,68.86,64.8,971.8,40.16,19.82,1,Very Severe Cyclonic Storm
CYC-2040-NIO-192,Hudhud,Arabian Sea,2040-12-23T18:00:00Z,15.19,68.73,68.9,971.6,40.42,15.45,1,Very Severe Cyclonic Storm
CYC-2040-NIO-192,Hudhud,Arabian Sea,2040-12-24T00:00:00Z,15.55,68.56,73.5,969.7,42.27,9.97,1,Very Severe Cyclonic Storm
CYC-2040-NIO-192,Hudhud,Arabian Sea,2040-12-24T06:00:00Z,15.8,68.48,77.8,973.9,38.14,23.43,1,Very Severe Cyclonic Storm
CYC-2040-NIO-192,Hudhud,Arabian Sea,2040-12-24T12:00:00Z,16.21,68.33,85.2,963.0,48.97,14.51,1,Very Severe Cyclonic Storm
CYC-2040-NIO-192,Hudhud,Arabian Sea,2040-12-24T18:00:00Z,16.49,68.38,74.7,966.6,45.44,23.2,1,Very Severe Cyclonic Storm
CYC-2040-NIO-192,Hudhud,Arabian Sea,2040-12-25T00:00:00Z,16.8,68.45,65.8,969.6,42.38,12.66,1,Very Severe Cyclonic Storm
CYC-2040-NIO-192,Hudhud,Arabian Sea,2040-12-25T06:00:00Z,17.16,68.46,53.0,977.3,34.72,20.28,1,Severe Cyclonic Storm
CYC-2040-NIO-192,Hudhud,Arabian Sea,2040-12-25T12:00:00Z,17.42,68.41,46.6,988.4,23.63,10.8,0,Cyclonic Storm
CYC-2040-NIO-192,Hudhud,Arabian Sea,2040-12-25T18:00:00Z,17.73,68.4,38.3,990.2,21.84,23.77,0,Cyclonic Storm
CYC-2040-NIO-192,Hudhud,Arabian Sea,2040-12-26T00:00:00Z,18.11,68.36,30.2,991.9,20.13,9.33,0,Deep Depression
CYC-2040-NIO-192,Hudhud,Arabian Sea,2040-12-26T06:00:00Z,18.32,68.33,20.0,994.3,17.7,10.61,0,Depression
CYC-2040-NIO-192,Hudhud,Arabian Sea,2040-12-26T12:00:00Z,18.73,68.41,20.0,1002.8,9.19,23.72,0,Depression
CYC-2041-NIO-193,Vardah,Bay of Bengal,2041-01-26T18:00:00Z,10.78,90.53,36.8,987.6,24.44,12.96,0,Cyclonic Storm
CYC-2041-NIO-193,Vardah,Bay of Bengal,2041-01-27T00:00:00Z,11.18,90.66,40.3,987.3,24.74,17.36,0,Cyclonic Storm
CYC-2041-NIO-193,Vardah,Bay of Bengal,2041-01-27T06:00:00Z,11.51,90.76,44.9,983.4,28.57,18.44,0,Cyclonic Storm
CYC-2041-NIO-193,Vardah,Bay of Bengal,2041-01-27T12:00:00Z,11.79,90.8,49.7,990.9,21.08,23.01,1,Severe Cyclonic Storm
CYC-2041-NIO-193,Vardah,Bay of Bengal,2041-01-27T18:00:00Z,12.11,91.08,56.9,978.9,33.09,23.08,1,Severe Cyclonic Storm
CYC-2041-NIO-193,Vardah,Bay of Bengal,2041-01-28T00:00:00Z,12.34,91.29,57.6,967.2,44.77,17.88,1,Severe Cyclonic Storm
CYC-2041-NIO-193,Vardah,Bay of Bengal,2041-01-28T06:00:00Z,12.69,91.48,63.9,972.1,39.85,9.61,1,Severe Cyclonic Storm
CYC-2041-NIO-193,Vardah,Bay of Bengal,2041-01-28T12:00:00Z,13.14,91.76,68.8,976.9,35.05,11.16,1,Very Severe Cyclonic Storm
CYC-2041-NIO-193,Vardah,Bay of Bengal,2041-01-28T18:00:00Z,13.34,91.88,75.6,956.7,55.29,18.0,1,Very Severe Cyclonic Storm
CYC-2041-NIO-193,Vardah,Bay of Bengal,2041-01-29T00:00:00Z,13.59,92.07,80.3,969.6,42.42,16.74,1,Very Severe Cyclonic Storm
CYC-2041-NIO-193,Vardah,Bay of Bengal,2041-01-29T06:00:00Z,14.04,92.33,83.8,963.8,48.17,13.76,1,Very Severe Cyclonic Storm
CYC-2041-NIO-193,Vardah,Bay of Bengal,2041-01-29T12:00:00Z,14.34,92.42,87.6,959.0,52.98,21.29,1,Very Severe Cyclonic Storm
CYC-2041-NIO-193,Vardah,Bay of Bengal,2041-01-29T18:00:00Z,14.68,92.65,93.4,958.5,53.5,23.0,1,Extremely Severe Cyclonic Storm
CYC-2041-NIO-193,Vardah,Bay of Bengal,2041-01-30T00:00:00Z,15.14,92.97,97.6,957.1,54.86,8.8,1,Extremely Severe Cyclonic Storm
CYC-2041-NIO-193,Vardah,Bay of Bengal,2041-01-30T06:00:00Z,15.39,93.23,99.3,951.8,60.2,21.23,1,Extremely Severe Cyclonic Storm
CYC-2041-NIO-193,Vardah,Bay of Bengal,2041-01-30T12:00:00Z,15.65,93.37,102.7,957.7,54.28,15.3,1,Extremely Severe Cyclonic Storm
CYC-2041-NIO-193,Vardah,Bay of Bengal,2041-01-30T18:00:00Z,15.95,93.47,93.3,949.8,62.18,11.48,1,Extremely Severe Cyclonic Storm
CYC-2041-NIO-193,Vardah,Bay of Bengal,2041-01-31T00:00:00Z,16.14,93.77,89.4,954.2,57.79,18.78,1,Very Severe Cyclonic Storm
CYC-2041-NIO-193,Vardah,Bay of Bengal,2041-01-31T06:00:00Z,16.55,93.98,83.5,957.7,54.3,10.87,1,Very Severe Cyclonic Storm
CYC-2041-NIO-193,Vardah,Bay of Bengal,2041-01-31T12:00:00Z,16.86,94.1,73.4,971.1,40.86,14.38,1,Very Severe Cyclonic Storm
CYC-2041-NIO-193,Vardah,Bay of Bengal,2041-01-31T18:00:00Z,17.3,94.28,63.3,971.6,40.43,23.48,1,Severe Cyclonic Storm
CYC-2041-NIO-193,Vardah,Bay of Bengal,2041-02-01T00:00:00Z,17.61,94.55,52.0,983.2,28.75,13.59,1,Severe Cyclonic Storm
CYC-2041-NIO-193,Vardah,Bay of Bengal,2041-02-01T06:00:00Z,17.9,94.85,45.9,987.1,24.93,8.18,0,Cyclonic Storm
CYC-2041-NIO-193,Vardah,Bay of Bengal,2041-02-01T12:00:00Z,18.16,95.21,38.8,985.9,26.13,10.7,0,Cyclonic Storm
CYC-2041-NIO-193,Vardah,Bay of Bengal,2041-02-01T18:00:00Z,18.4,95.56,32.4,987.8,24.23,11.72,0,Deep Depression
CYC-2041-NIO-193,Vardah,Bay of Bengal,2041-02-02T00:00:00Z,18.61,95.83,21.0,993.8,18.16,8.36,0,Depression
CYC-2041-NIO-193,Vardah,Bay of Bengal,2041-02-02T06:00:00Z,18.88,95.93,20.0,998.4,13.59,18.09,0,Depression
CYC-2041-NIO-194,Gaja,Bay of Bengal,2041-03-17T12:00:00Z,11.49,84.47,28.1,998.7,13.26,8.32,0,Deep Depression
CYC-2041-NIO-194,Gaja,Bay of Bengal,2041-03-17T18:00:00Z,11.9,84.59,30.4,991.9,20.09,18.23,0,Deep Depression
CYC-2041-NIO-194,Gaja,Bay of Bengal,2041-03-18T00:00:00Z,12.16,84.73,35.5,998.2,13.85,21.81,0,Cyclonic Storm
CYC-2041-NIO-194,Gaja,Bay of Bengal,2041-03-18T06:00:00Z,12.61,85.03,36.3,980.7,31.3,23.27,0,Cyclonic Storm
CYC-2041-NIO-194,Gaja,Bay of Bengal,2041-03-18T12:00:00Z,12.93,85.09,38.5,996.5,15.46,12.53,0,Cyclonic Storm
CYC-2041-NIO-194,Gaja,Bay of Bengal,2041-03-18T18:00:00Z,13.19,85.18,44.0,984.2,27.85,16.08,0,Cyclonic Storm
CYC-2041-NIO-194,Gaja,Bay of Bengal,2041-03-19T00:00:00Z,13.48,85.21,48.4,982.7,29.27,13.56,1,Severe Cyclonic Storm
CYC-2041-NIO-194,Gaja,Bay of Bengal,2041-03-19T06:00:00Z,13.78,85.42,49.0,986.2,25.83,15.1,1,Severe Cyclonic Storm
CYC-2041-NIO-194,Gaja,Bay of Bengal,2041-03-19T12:00:00Z,14.07,85.62,54.5,977.4,34.61,15.88,1,Severe Cyclonic Storm
CYC-2041-NIO-194,Gaja,Bay of Bengal,2041-03-19T18:00:00Z,14.38,85.86,56.1,977.0,35.04,22.66,1,Severe Cyclonic Storm
CYC-2041-NIO-194,Gaja,Bay of Bengal,2041-03-20T00:00:00Z,14.81,85.97,53.7,970.8,41.24,21.28,1,Severe Cyclonic Storm
CYC-2041-NIO-194,Gaja,Bay of Bengal,2041-03-20T06:00:00Z,15.11,86.07,45.7,981.9,30.06,13.96,0,Cyclonic Storm
CYC-2041-NIO-194,Gaja,Bay of Bengal,2041-03-20T12:00:00Z,15.34,86.17,37.2,991.7,20.35,9.11,0,Cyclonic Storm
CYC-2041-NIO-194,Gaja,Bay of Bengal,2041-03-20T18:00:00Z,15.64,86.32,36.0,991.1,20.87,12.91,0,Cyclonic Storm
CYC-2041-NIO-194,Gaja,Bay of Bengal,2041-03-21T00:00:00Z,16.04,86.47,29.8,994.7,17.26,18.56,0,Deep Depression
CYC-2041-NIO-194,Gaja,Bay of Bengal,2041-03-21T06:00:00Z,16.4,86.67,26.7,990.4,21.62,13.22,0,Depression
CYC-2041-NIO-194,Gaja,Bay of Bengal,2041-03-21T12:00:00Z,16.71,86.69,24.8,1001.3,10.68,9.28,0,Depression
CYC-2041-NIO-195,Titli,Arabian Sea,2041-04-21T18:00:00Z,13.34,68.47,27.5,995.7,16.34,18.73,0,Depression
CYC-2041-NIO-195,Titli,Arabian Sea,2041-04-22T00:00:00Z,13.85,68.46,35.5,993.5,18.48,10.98,0,Cyclonic Storm
CYC-2041-NIO-195,Titli,Arabian Sea,2041-04-22T06:00:00Z,14.43,68.49,38.2,986.0,25.98,15.63,0,Cyclonic Storm
CYC-2041-NIO-195,Titli,Arabian Sea,2041-04-22T12:00:00Z,15.01,68.39,43.0,985.0,27.02,16.95,0,Cyclonic Storm
CYC-2041-NIO-195,Titli,Arabian Sea,2041-04-22T18:00:00Z,15.65,68.44,49.7,982.7,29.25,16.72,1,Severe Cyclonic Storm
CYC-2041-NIO-195,Titli,Arabian Sea,2041-04-23T00:00:00Z,16.14,68.23,53.5,984.7,27.29,14.04,1,Severe Cyclonic Storm
CYC-2041-NIO-195,Titli,Arabian Sea,2041-04-23T06:00:00Z,16.71,68.08,56.3,978.2,33.79,9.49,1,Severe Cyclonic Storm
CYC-2041-NIO-195,Titli,Arabian Sea,2041-04-23T12:00:00Z,17.25,68.01,60.9,976.3,35.67,23.14,1,Severe Cyclonic Storm
CYC-2041-NIO-195,Titli,Arabian Sea,2041-04-23T18:00:00Z,17.98,67.89,66.8,972.7,39.34,21.1,1,Very Severe Cyclonic Storm
CYC-2041-NIO-195,Titli,Arabian Sea,2041-04-24T00:00:00Z,18.53,67.85,67.6,969.0,43.04,13.42,1,Very Severe Cyclonic Storm
CYC-2041-NIO-195,Titli,Arabian Sea,2041-04-24T06:00:00Z,19.06,67.82,70.9,968.0,44.04,20.7,1,Very Severe Cyclonic Storm
CYC-2041-NIO-195,Titli,Arabian Sea,2041-04-24T12:00:00Z,19.56,67.75,75.4,967.1,44.88,16.68,1,Very Severe Cyclonic Storm
CYC-2041-NIO-195,Titli,Arabian Sea,2041-04-24T18:00:00Z,20.22,67.75,80.4,965.8,46.23,15.77,1,Very Severe Cyclonic Storm
CYC-2041-NIO-195,Titli,Arabian Sea,2041-04-25T00:00:00Z,20.89,67.61,85.7,960.5,51.5,23.59,1,Very Severe Cyclonic Storm
CYC-2041-NIO-195,Titli,Arabian Sea,2041-04-25T06:00:00Z,21.52,67.54,87.5,958.1,53.88,17.94,1,Very Severe Cyclonic Storm
CYC-2041-NIO-195,Titli,Arabian Sea,2041-04-25T12:00:00Z,22.17,67.49,92.4,956.5,55.52,9.26,1,Extremely Severe Cyclonic Storm
CYC-2041-NIO-195,Titli,Arabian Sea,2041-04-25T18:00:00Z,22.78,67.5,94.0,960.9,51.06,20.54,1,Extremely Severe Cyclonic Storm
CYC-2041-NIO-195,Titli,Arabian Sea,2041-04-26T00:00:00Z,23.51,67.44,95.0,955.7,56.25,9.03,1,Extremely Severe Cyclonic Storm
CYC-2041-NIO-195,Titli,Arabian Sea,2041-04-26T06:00:00Z,24.13,67.38,86.6,960.6,51.41,17.22,1,Very Severe Cyclonic Storm
CYC-2041-NIO-195,Titli,Arabian Sea,2041-04-26T12:00:00Z,24.7,67.37,81.1,970.8,41.23,13.22,1,Very Severe Cyclonic Storm
CYC-2041-NIO-195,Titli,Arabian Sea,2041-04-26T18:00:00Z,25.27,67.22,74.1,974.8,37.25,15.0,1,Very Severe Cyclonic Storm
CYC-2041-NIO-195,Titli,Arabian Sea,2041-04-27T00:00:00Z,25.77,67.18,66.6,975.7,36.34,8.18,1,Very Severe Cyclonic Storm
CYC-2041-NIO-195,Titli,Arabian Sea,2041-04-27T06:00:00Z,26.31,67.12,67.3,963.4,48.6,23.44,1,Very Severe Cyclonic Storm
CYC-2041-NIO-195,Titli,Arabian Sea,2041-04-27T12:00:00Z,26.81,67.11,58.7,975.7,36.33,14.77,1,Severe Cyclonic Storm
CYC-2041-NIO-195,Titli,Arabian Sea,2041-04-27T18:00:00Z,27.36,67.03,50.7,980.7,31.29,19.79,1,Severe Cyclonic Storm
CYC-2041-NIO-195,Titli,Arabian Sea,2041-04-28T00:00:00Z,27.87,67.05,48.1,977.8,34.21,12.85,1,Severe Cyclonic Storm
CYC-2041-NIO-195,Titli,Arabian Sea,2041-04-28T06:00:00Z,28.52,66.94,43.6,984.7,27.31,11.33,0,Cyclonic Storm
CYC-2041-NIO-195,Titli,Arabian Sea,2041-04-28T12:00:00Z,29.24,66.96,42.3,991.9,20.08,15.97,0,Cyclonic Storm
CYC-2041-NIO-195,Titli,Arabian Sea,2041-04-28T18:00:00Z,29.74,66.94,36.5,989.1,22.94,13.48,0,Cyclonic Storm
CYC-2041-NIO-195,Titli,Arabian Sea,2041-04-29T00:00:00Z,30.27,66.96,31.7,990.6,21.36,22.28,0,Deep Depression
CYC-2041-NIO-195,Titli,Arabian Sea,2041-04-29T06:00:00Z,30.8,66.97,26.9,999.4,12.6,8.78,0,Depression
CYC-2041-NIO-196,Nivar,Bay of Bengal,2041-05-28T12:00:00Z,7.86,91.38,32.6,996.9,15.09,12.04,0,Deep Depression
CYC-2041-NIO-196,Nivar,Bay of Bengal,2041-05-28T18:00:00Z,8.37,91.73,37.0,990.7,21.32,20.12,0,Cyclonic Storm
CYC-2041-NIO-196,Nivar,Bay of Bengal,2041-05-29T00:00:00Z,8.89,92.01,43.0,989.0,22.96,10.53,0,Cyclonic Storm
CYC-2041-NIO-196,Nivar,Bay of Bengal,2041-05-29T06:00:00Z,9.26,92.18,47.0,980.0,31.96,20.91,0,Cyclonic Storm
CYC-2041-NIO-196,Nivar,Bay of Bengal,2041-05-29T12:00:00Z,9.73,92.34,54.4,981.6,30.37,20.17,1,Severe Cyclonic Storm
CYC-2041-NIO-196,Nivar,Bay of Bengal,2041-05-29T18:00:00Z,10.33,92.71,58.8,973.9,38.1,20.53,1,Severe Cyclonic Storm
CYC-2041-NIO-196,Nivar,Bay of Bengal,2041-05-30T00:00:00Z,10.89,93.08,64.5,972.8,39.19,20.27,1,Very Severe Cyclonic Storm
CYC-2041-NIO-196,Nivar,Bay of Bengal,2041-05-30T06:00:00Z,11.53,93.38,70.9,971.7,40.28,20.6,1,Very Severe Cyclonic Storm
CYC-2041-NIO-196,Nivar,Bay of Bengal,2041-05-30T12:00:00Z,12.01,93.63,76.8,963.6,48.35,20.97,1,Very Severe Cyclonic Storm
CYC-2041-NIO-196,Nivar,Bay of Bengal,2041-05-30T18:00:00Z,12.75,93.92,80.0,967.7,44.33,8.8,1,Very Severe Cyclonic Storm
CYC-2041-NIO-196,Nivar,Bay of Bengal,2041-05-31T00:00:00Z,13.33,94.22,83.3,966.9,45.09,9.04,1,Very Severe Cyclonic Storm
CYC-2041-NIO-196,Nivar,Bay of Bengal,2041-05-31T06:00:00Z,13.93,94.55,85.9,967.8,44.21,9.97,1,Very Severe Cyclonic Storm
CYC-2041-NIO-196,Nivar,Bay of Bengal,2041-05-31T12:00:00Z,14.43,94.89,91.5,954.9,57.11,23.7,1,Extremely Severe Cyclonic Storm
CYC-2041-NIO-196,Nivar,Bay of Bengal,2041-05-31T18:00:00Z,15.03,95.31,96.6,948.9,63.1,10.42,1,Extremely Severe Cyclonic Storm
CYC-2041-NIO-196,Nivar,Bay of Bengal,2041-06-01T00:00:00Z,15.54,95.62,104.2,961.6,50.36,17.66,1,Extremely Severe Cyclonic Storm
CYC-2041-NIO-196,Nivar,Bay of Bengal,2041-06-01T06:00:00Z,16.12,95.89,112.1,942.7,69.29,18.17,1,Extremely Severe Cyclonic Storm
CYC-2041-NIO-196,Nivar,Bay of Bengal,2041-06-01T12:00:00Z,16.66,96.12,118.3,941.5,70.52,22.09,1,Extremely Severe Cyclonic Storm
CYC-2041-NIO-196,Nivar,Bay of Bengal,2041-06-01T18:00:00Z,17.3,96.52,121.3,936.4,75.6,14.89,1,Super Cyclonic Storm
CYC-2041-NIO-196,Nivar,Bay of Bengal,2041-06-02T00:00:00Z,17.83,96.75,122.5,935.4,76.61,13.05,1,Super Cyclonic Storm
CYC-2041-NIO-196,Nivar,Bay of Bengal,2041-06-02T06:00:00Z,18.31,96.95,128.1,931.3,80.72,9.98,1,Super Cyclonic Storm
CYC-2041-NIO-196,Nivar,Bay of Bengal,2041-06-02T12:00:00Z,18.88,97.27,122.3,937.6,74.44,12.03,1,Super Cyclonic Storm
CYC-2041-NIO-196,Nivar,Bay of Bengal,2041-06-02T18:00:00Z,19.33,97.48,117.0,942.1,69.94,14.12,1,Extremely Severe Cyclonic Storm
CYC-2041-NIO-196,Nivar,Bay of Bengal,2041-06-03T00:00:00Z,19.89,97.67,110.6,947.0,65.01,14.81,1,Extremely Severe Cyclonic Storm
CYC-2041-NIO-196,Nivar,Bay of Bengal,2041-06-03T06:00:00Z,20.5,97.92,108.6,943.8,68.23,23.59,1,Extremely Severe Cyclonic Storm
CYC-2041-NIO-196,Nivar,Bay of Bengal,2041-06-03T12:00:00Z,21.03,98.27,105.0,942.7,69.33,10.54,1,Extremely Severe Cyclonic Storm
CYC-2041-NIO-196,Nivar,Bay of Bengal,2041-06-03T18:00:00Z,21.68,98.58,98.1,952.7,59.28,11.12,1,Extremely Severe Cyclonic Storm
CYC-2041-NIO-196,Nivar,Bay of Bengal,2041-06-04T00:00:00Z,22.22,98.84,93.5,958.4,53.63,23.64,1,Extremely Severe Cyclonic Storm
CYC-2041-NIO-196,Nivar,Bay of Bengal,2041-06-04T06:00:00Z,22.88,99.29,86.4,960.0,51.98,8.95,1,Very Severe Cyclonic Storm
CYC-2041-NIO-196,Nivar,Bay of Bengal,2041-06-04T12:00:00Z,23.3,99.64,76.2,966.8,45.16,11.95,1,Very Severe Cyclonic Storm
CYC-2041-NIO-196,Nivar,Bay of Bengal,2041-06-04T18:00:00Z,23.86,99.93,68.8,976.7,35.28,11.55,1,Very Severe Cyclonic Storm
CYC-2041-NIO-196,Nivar,Bay of Bengal,2041-06-05T00:00:00Z,24.49,100.2,63.9,976.5,35.54,18.59,1,Severe Cyclonic Storm
CYC-2041-NIO-196,Nivar,Bay of Bengal,2041-06-05T06:00:00Z,24.88,100.52,57.0,976.3,35.66,15.97,1,Severe Cyclonic Storm
CYC-2041-NIO-196,Nivar,Bay of Bengal,2041-06-05T12:00:00Z,25.45,100.91,53.0,984.6,27.41,12.21,1,Severe Cyclonic Storm
CYC-2041-NIO-196,Nivar,Bay of Bengal,2041-06-05T18:00:00Z,25.86,101.24,46.4,989.6,22.43,11.63,0,Cyclonic Storm
CYC-2041-NIO-197,Tauktae,Bay of Bengal,2041-07-05T00:00:00Z,7.99,90.75,37.2,990.7,21.28,11.91,0,Cyclonic Storm
CYC-2041-NIO-197,Tauktae,Bay of Bengal,2041-07-05T06:00:00Z,8.46,90.57,41.2,988.4,23.55,11.05,0,Cyclonic Storm
CYC-2041-NIO-197,Tauktae,Bay of Bengal,2041-07-05T12:00:00Z,8.94,90.5,47.2,986.2,25.84,8.25,0,Cyclonic Storm
CYC-2041-NIO-197,Tauktae,Bay of Bengal,2041-07-05T18:00:00Z,9.35,90.46,53.5,980.0,31.97,8.07,1,Severe Cyclonic Storm
CYC-2041-NIO-197,Tauktae,Bay of Bengal,2041-07-06T00:00:00Z,9.64,90.46,61.3,979.3,32.66,12.9,1,Severe Cyclonic Storm
CYC-2041-NIO-197,Tauktae,Bay of Bengal,2041-07-06T06:00:00Z,9.95,90.31,68.2,973.8,38.23,23.27,1,Very Severe Cyclonic Storm
CYC-2041-NIO-197,Tauktae,Bay of Bengal,2041-07-06T12:00:00Z,10.32,90.26,73.6,970.4,41.63,13.49,1,Very Severe Cyclonic Storm
CYC-2041-NIO-197,Tauktae,Bay of Bengal,2041-07-06T18:00:00Z,10.6,90.22,78.6,967.3,44.71,10.58,1,Very Severe Cyclonic Storm
CYC-2041-NIO-197,Tauktae,Bay of Bengal,2041-07-07T00:00:00Z,10.74,90.13,86.7,954.3,57.69,10.8,1,Very Severe Cyclonic Storm
CYC-2041-NIO-197,Tauktae,Bay of Bengal,2041-07-07T06:00:00Z,11.15,90.03,90.1,958.1,53.91,23.32,1,Extremely Severe Cyclonic Storm
CYC-2041-NIO-197,Tauktae,Bay of Bengal,2041-07-07T12:00:00Z,11.5,90.05,97.0,952.2,59.85,10.44,1,Extremely Severe Cyclonic Storm
CYC-2041-NIO-197,Tauktae,Bay of Bengal,2041-07-07T18:00:00Z,11.79,89.92,98.9,956.1,55.88,23.83,1,Extremely Severe Cyclonic Storm
CYC-2041-NIO-197,Tauktae,Bay of Bengal,2041-07-08T00:00:00Z,12.16,89.79,103.6,946.9,65.08,11.9,1,Extremely Severe Cyclonic Storm
CYC-2041-NIO-197,Tauktae,Bay of Bengal,2041-07-08T06:00:00Z,12.42,89.78,107.6,951.3,60.71,11.0,1,Extremely Severe Cyclonic Storm
CYC-2041-NIO-197,Tauktae,Bay of Bengal,2041-07-08T12:00:00Z,12.67,89.77,102.8,950.1,61.85,19.59,1,Extremely Severe Cyclonic Storm
CYC-2041-NIO-197,Tauktae,Bay of Bengal,2041-07-08T18:00:00Z,12.91,89.67,96.4,955.3,56.7,17.2,1,Extremely Severe Cyclonic Storm
CYC-2041-NIO-197,Tauktae,Bay of Bengal,2041-07-09T00:00:00Z,13.3,89.6,87.8,955.5,56.47,14.09,1,Very Severe Cyclonic Storm
CYC-2041-NIO-197,Tauktae,Bay of Bengal,2041-07-09T06:00:00Z,13.64,89.32,80.8,957.3,54.69,18.99,1,Very Severe Cyclonic Storm
CYC-2041-NIO-197,Tauktae,Bay of Bengal,2041-07-09T12:00:00Z,13.92,89.23,75.2,961.8,50.22,13.68,1,Very Severe Cyclonic Storm
CYC-2041-NIO-197,Tauktae,Bay of Bengal,2041-07-09T18:00:00Z,14.25,89.09,68.2,971.5,40.5,20.01,1,Very Severe Cyclonic Storm
CYC-2041-NIO-197,Tauktae,Bay of Bengal,2041-07-10T00:00:00Z,14.6,88.9,58.9,973.7,38.3,12.99,1,Severe Cyclonic Storm
CYC-2041-NIO-197,Tauktae,Bay of Bengal,2041-07-10T06:00:00Z,14.86,88.76,53.7,978.1,33.86,17.51,1,Severe Cyclonic Storm
CYC-2041-NIO-197,Tauktae,Bay of Bengal,2041-07-10T12:00:00Z,15.25,88.64,48.4,980.2,31.77,8.91,1,Severe Cyclonic Storm
CYC-2041-NIO-198,Yaas,Arabian Sea,2041-08-27T18:00:00Z,9.33,71.99,32.1,997.3,14.74,17.35,0,Deep Depression
CYC-2041-NIO-198,Yaas,Arabian Sea,2041-08-28T00:00:00Z,9.82,71.92,35.1,992.1,19.9,22.3,0,Cyclonic Storm
CYC-2041-NIO-198,Yaas,Arabian Sea,2041-08-28T06:00:00Z,10.39,71.72,41.8,989.1,22.93,16.83,0,Cyclonic Storm
CYC-2041-NIO-198,Yaas,Arabian Sea,2041-08-28T12:00:00Z,10.95,71.57,42.7,982.4,29.62,23.87,0,Cyclonic Storm
CYC-2041-NIO-198,Yaas,Arabian Sea,2041-08-28T18:00:00Z,11.62,71.5,49.8,982.7,29.28,20.03,1,Severe Cyclonic Storm
CYC-2041-NIO-198,Yaas,Arabian Sea,2041-08-29T00:00:00Z,12.31,71.34,52.8,985.2,26.79,15.31,1,Severe Cyclonic Storm
CYC-2041-NIO-198,Yaas,Arabian Sea,2041-08-29T06:00:00Z,12.83,71.05,54.8,975.6,36.39,21.13,1,Severe Cyclonic Storm
CYC-2041-NIO-198,Yaas,Arabian Sea,2041-08-29T12:00:00Z,13.45,70.83,59.8,978.3,33.69,20.51,1,Severe Cyclonic Storm
CYC-2041-NIO-198,Yaas,Arabian Sea,2041-08-29T18:00:00Z,13.79,70.7,60.3,977.9,34.12,15.77,1,Severe Cyclonic Storm
CYC-2041-NIO-198,Yaas,Arabian Sea,2041-08-30T00:00:00Z,14.25,70.53,66.9,976.4,35.55,21.27,1,Very Severe Cyclonic Storm
CYC-2041-NIO-198,Yaas,Arabian Sea,2041-08-30T06:00:00Z,14.82,70.46,70.2,970.5,41.53,9.76,1,Very Severe Cyclonic Storm
CYC-2041-NIO-198,Yaas,Arabian Sea,2041-08-30T12:00:00Z,15.31,70.39,72.3,967.0,44.96,11.12,1,Very Severe Cyclonic Storm
CYC-2041-NIO-198,Yaas,Arabian Sea,2041-08-30T18:00:00Z,15.8,70.33,74.0,966.9,45.09,18.85,1,Very Severe Cyclonic Storm
CYC-2041-NIO-198,Yaas,Arabian Sea,2041-08-31T00:00:00Z,16.27,70.32,76.6,969.0,42.97,19.07,1,Very Severe Cyclonic Storm
CYC-2041-NIO-198,Yaas,Arabian Sea,2041-08-31T06:00:00Z,16.79,70.18,79.5,962.9,49.14,10.72,1,Very Severe Cyclonic Storm
CYC-2041-NIO-198,Yaas,Arabian Sea,2041-08-31T12:00:00Z,17.26,69.91,85.0,963.7,48.32,15.01,1,Very Severe Cyclonic Storm
CYC-2041-NIO-198,Yaas,Arabian Sea,2041-08-31T18:00:00Z,17.86,69.79,88.2,958.6,53.37,20.2,1,Very Severe Cyclonic Storm
CYC-2041-NIO-198,Yaas,Arabian Sea,2041-09-01T00:00:00Z,18.51,69.69,81.8,960.2,51.82,11.96,1,Very Severe Cyclonic Storm
CYC-2041-NIO-198,Yaas,Arabian Sea,2041-09-01T06:00:00Z,19.14,69.44,76.5,961.9,50.13,11.27,1,Very Severe Cyclonic Storm
CYC-2041-NIO-198,Yaas,Arabian Sea,2041-09-01T12:00:00Z,19.79,69.2,69.5,972.5,39.51,22.44,1,Very Severe Cyclonic Storm
CYC-2041-NIO-198,Yaas,Arabian Sea,2041-09-01T18:00:00Z,20.38,69.06,59.4,971.4,40.59,14.79,1,Severe Cyclonic Storm
CYC-2041-NIO-198,Yaas,Arabian Sea,2041-09-02T00:00:00Z,21.03,68.75,50.6,979.3,32.69,18.14,1,Severe Cyclonic Storm
CYC-2041-NIO-198,Yaas,Arabian Sea,2041-09-02T06:00:00Z,21.49,68.69,44.7,985.9,26.13,11.16,0,Cyclonic Storm
CYC-2041-NIO-198,Yaas,Arabian Sea,2041-09-02T12:00:00Z,21.98,68.6,38.7,985.9,26.15,16.86,0,Cyclonic Storm
CYC-2041-NIO-198,Yaas,Arabian Sea,2041-09-02T18:00:00Z,22.47,68.39,33.1,992.9,19.13,10.49,0,Deep Depression
CYC-2041-NIO-198,Yaas,Arabian Sea,2041-09-03T00:00:00Z,22.93,68.33,32.7,996.2,15.79,23.39,0,Deep Depression
CYC-2041-NIO-198,Yaas,Arabian Sea,2041-09-03T06:00:00Z,23.63,68.08,23.4,991.1,20.86,14.0,0,Depression
CYC-2041-NIO-198,Yaas,Arabian Sea,2041-09-03T12:00:00Z,24.08,67.93,20.0,1008.9,3.08,11.03,0,Depression
CYC-2041-NIO-199,Gulab,Bay of Bengal,2041-10-16T18:00:00Z,11.62,88.6,40.1,993.3,18.71,19.79,0,Cyclonic Storm
CYC-2041-NIO-199,Gulab,Bay of Bengal,2041-10-17T00:00:00Z,11.98,88.69,46.6,984.6,27.44,14.98,0,Cyclonic Storm
CYC-2041-NIO-199,Gulab,Bay of Bengal,2041-10-17T06:00:00Z,12.15,88.88,59.4,972.8,39.21,9.07,1,Severe Cyclonic Storm
CYC-2041-NIO-199,Gulab,Bay of Bengal,2041-10-17T12:00:00Z,12.58,88.95,70.9,963.9,48.1,12.83,1,Very Severe Cyclonic Storm
CYC-2041-NIO-199,Gulab,Bay of Bengal,2041-10-17T18:00:00Z,12.89,89.2,82.1,956.6,55.44,10.17,1,Very Severe Cyclonic Storm
CYC-2041-NIO-199,Gulab,Bay of Bengal,2041-10-18T00:00:00Z,13.28,89.45,91.8,962.5,49.55,21.36,1,Extremely Severe Cyclonic Storm
CYC-2041-NIO-199,Gulab,Bay of Bengal,2041-10-18T06:00:00Z,13.55,89.63,104.1,945.7,66.29,22.34,1,Extremely Severe Cyclonic Storm
CYC-2041-NIO-199,Gulab,Bay of Bengal,2041-10-18T12:00:00Z,13.84,89.89,113.0,946.5,65.48,21.01,1,Extremely Severe Cyclonic Storm
CYC-2041-NIO-199,Gulab,Bay of Bengal,2041-10-18T18:00:00Z,14.12,90.22,124.7,943.3,68.66,19.15,1,Super Cyclonic Storm
CYC-2041-NIO-199,Gulab,Bay of Bengal,2041-10-19T00:00:00Z,14.55,90.38,111.6,941.3,70.72,12.83,1,Extremely Severe Cyclonic Storm
CYC-2041-NIO-199,Gulab,Bay of Bengal,2041-10-19T06:00:00Z,14.88,90.67,92.6,957.0,54.99,21.33,1,Extremely Severe Cyclonic Storm
CYC-2041-NIO-199,Gulab,Bay of Bengal,2041-10-19T12:00:00Z,15.24,90.75,76.1,967.3,44.71,19.28,1,Very Severe Cyclonic Storm
CYC-2041-NIO-199,Gulab,Bay of Bengal,2041-10-19T18:00:00Z,15.39,90.86,61.9,974.2,37.75,23.18,1,Severe Cyclonic Storm
CYC-2041-NIO-199,Gulab,Bay of Bengal,2041-10-20T00:00:00Z,15.79,91.02,48.2,983.9,28.14,13.18,1,Severe Cyclonic Storm
CYC-2041-NIO-199,Gulab,Bay of Bengal,2041-10-20T06:00:00Z,16.12,91.2,32.1,991.7,20.27,22.21,0,Deep Depression
CYC-2041-NIO-200,Jawad,Bay of Bengal,2041-12-13T12:00:00Z,9.18,84.78,32.8,994.4,17.55,15.13,0,Deep Depression
CYC-2041-NIO-200,Jawad,Bay of Bengal,2041-12-13T18:00:00Z,9.63,84.84,36.9,992.1,19.9,23.16,0,Cyclonic Storm
CYC-2041-NIO-200,Jawad,Bay of Bengal,2041-12-14T00:00:00Z,9.9,85.04,40.3,986.7,25.26,17.55,0,Cyclonic Storm
CYC-2041-NIO-200,Jawad,Bay of Bengal,2041-12-14T06:00:00Z,10.3,85.11,45.1,991.8,20.19,9.5,0,Cyclonic Storm
CYC-2041-NIO-200,Jawad,Bay of Bengal,2041-12-14T12:00:00Z,10.53,85.37,50.2,984.5,27.52,9.16,1,Severe Cyclonic Storm
CYC-2041-NIO-200,Jawad,Bay of Bengal,2041-12-14T18:00:00Z,10.98,85.56,54.9,974.2,37.79,19.89,1,Severe Cyclonic Storm
CYC-2041-NIO-200,Jawad,Bay of Bengal,2041-12-15T00:00:00Z,11.43,85.78,59.3,980.8,31.2,14.24,1,Severe Cyclonic Storm
CYC-2041-NIO-200,Jawad,Bay of Bengal,2041-12-15T06:00:00Z,11.91,85.94,61.6,979.6,32.42,13.54,1,Severe Cyclonic Storm
CYC-2041-NIO-200,Jawad,Bay of Bengal,2041-12-15T12:00:00Z,12.28,86.21,64.5,967.0,45.01,10.47,1,Very Severe Cyclonic Storm
CYC-2041-NIO-200,Jawad,Bay of Bengal,2041-12-15T18:00:00Z,12.6,86.24,71.5,964.8,47.17,16.61,1,Very Severe Cyclonic Storm
CYC-2041-NIO-200,Jawad,Bay of Bengal,2041-12-16T00:00:00Z,13.0,86.45,74.4,967.0,45.04,22.38,1,Very Severe Cyclonic Storm
CYC-2041-NIO-200,Jawad,Bay of Bengal,2041-12-16T06:00:00Z,13.52,86.62,79.1,970.9,41.08,23.25,1,Very Severe Cyclonic Storm
CYC-2041-NIO-200,Jawad,Bay of Bengal,2041-12-16T12:00:00Z,13.98,86.67,86.0,964.0,48.05,9.77,1,Very Severe Cyclonic Storm
CYC-2041-NIO-200,Jawad,Bay of Bengal,2041-12-16T18:00:00Z,14.3,86.86,92.1,951.6,60.36,11.39,1,Extremely Severe Cyclonic Storm
CYC-2041-NIO-200,Jawad,Bay of Bengal,2041-12-17T00:00:00Z,14.45,87.02,95.6,950.7,61.3,14.84,1,Extremely Severe Cyclonic Storm
CYC-2041-NIO-200,Jawad,Bay of Bengal,2041-12-17T06:00:00Z,14.71,87.04,99.2,954.6,57.41,18.04,1,Extremely Severe Cyclonic Storm
CYC-2041-NIO-200,Jawad,Bay of Bengal,2041-12-17T12:00:00Z,15.15,87.23,103.8,950.6,61.35,10.21,1,Extremely Severe Cyclonic Storm
CYC-2041-NIO-200,Jawad,Bay of Bengal,2041-12-17T18:00:00Z,15.61,87.43,109.3,939.4,72.58,20.36,1,Extremely Severe Cyclonic Storm
CYC-2041-NIO-200,Jawad,Bay of Bengal,2041-12-18T00:00:00Z,16.02,87.67,113.7,943.5,68.51,22.47,1,Extremely Severe Cyclonic Storm
CYC-2041-NIO-200,Jawad,Bay of Bengal,2041-12-18T06:00:00Z,16.41,87.72,101.1,953.4,58.56,22.3,1,Extremely Severe Cyclonic Storm
CYC-2041-NIO-200,Jawad,Bay of Bengal,2041-12-18T12:00:00Z,16.72,87.86,92.0,959.1,52.87,8.8,1,Extremely Severe Cyclonic Storm
CYC-2041-NIO-200,Jawad,Bay of Bengal,2041-12-18T18:00:00Z,17.13,87.95,85.8,951.4,60.63,21.17,1,Very Severe Cyclonic Storm
CYC-2041-NIO-200,Jawad,Bay of Bengal,2041-12-19T00:00:00Z,17.51,88.04,80.4,965.2,46.84,19.95,1,Very Severe Cyclonic Storm
CYC-2041-NIO-200,Jawad,Bay of Bengal,2041-12-19T06:00:00Z,17.75,88.11,67.2,971.1,40.93,8.59,1,Very Severe Cyclonic Storm
CYC-2041-NIO-200,Jawad,Bay of Bengal,2041-12-19T12:00:00Z,17.96,88.12,60.2,979.9,32.12,21.7,1,Severe Cyclonic Storm
CYC-2041-NIO-200,Jawad,Bay of Bengal,2041-12-19T18:00:00Z,18.32,88.23,50.9,976.0,36.05,22.82,1,Severe Cyclonic Storm
CYC-2041-NIO-200,Jawad,Bay of Bengal,2041-12-20T00:00:00Z,18.74,88.47,44.6,987.0,24.97,23.14,0,Cyclonic Storm
CYC-2041-NIO-200,Jawad,Bay of Bengal,2041-12-20T06:00:00Z,19.02,88.66,35.3,993.4,18.56,11.79,0,Cyclonic Storm
CYC-2041-NIO-200,Jawad,Bay of Bengal,2041-12-20T12:00:00Z,19.38,88.73,29.9,988.9,23.06,10.38,0,Deep Depression
CYC-2041-NIO-200,Jawad,Bay of Bengal,2041-12-20T18:00:00Z,19.85,88.77,20.0,1000.1,11.9,18.26,0,Depression
CYC-2041-NIO-200,Jawad,Bay of Bengal,2041-12-21T00:00:00Z,20.24,88.78,20.0,997.3,14.73,14.23,0,Depression
CYC-2041-NIO-200,Jawad,Bay of Bengal,2041-12-21T06:00:00Z,20.57,88.87,20.0,1003.5,8.46,22.45,0,Depression
CYC-2042-NIO-201,Mocha,Arabian Sea,2042-01-30T12:00:00Z,12.54,66.44,42.4,983.1,28.88,23.36,0,Cyclonic Storm
CYC-2042-NIO-201,Mocha,Arabian Sea,2042-01-30T18:00:00Z,12.95,66.61,52.0,980.1,31.87,10.7,1,Severe Cyclonic Storm
CYC-2042-NIO-201,Mocha,Arabian Sea,2042-01-31T00:00:00Z,13.28,66.76,65.8,972.5,39.53,16.78,1,Very Severe Cyclonic Storm
CYC-2042-NIO-201,Mocha,Arabian Sea,2042-01-31T06:00:00Z,13.63,66.81,76.2,968.7,43.31,14.3,1,Very Severe Cyclonic Storm
CYC-2042-NIO-201,Mocha,Arabian Sea,2042-01-31T12:00:00Z,14.03,66.9,81.5,964.1,47.91,21.09,1,Very Severe Cyclonic Storm
CYC-2042-NIO-201,Mocha,Arabian Sea,2042-01-31T18:00:00Z,14.44,67.02,89.8,958.1,53.9,20.88,1,Very Severe Cyclonic Storm
CYC-2042-NIO-201,Mocha,Arabian Sea,2042-02-01T00:00:00Z,14.8,67.13,99.7,950.1,61.89,15.89,1,Extremely Severe Cyclonic Storm
CYC-2042-NIO-201,Mocha,Arabian Sea,2042-02-01T06:00:00Z,15.02,67.24,106.2,946.2,65.78,10.17,1,Extremely Severe Cyclonic Storm
CYC-2042-NIO-201,Mocha,Arabian Sea,2042-02-01T12:00:00Z,15.48,67.41,115.5,949.1,62.86,10.2,1,Extremely Severe Cyclonic Storm
CYC-2042-NIO-201,Mocha,Arabian Sea,2042-02-01T18:00:00Z,15.89,67.53,102.4,950.0,62.01,9.49,1,Extremely Severe Cyclonic Storm
CYC-2042-NIO-201,Mocha,Arabian Sea,2042-02-02T00:00:00Z,16.13,67.56,81.2,964.4,47.56,14.34,1,Very Severe Cyclonic Storm
CYC-2042-NIO-201,Mocha,Arabian Sea,2042-02-02T06:00:00Z,16.47,67.75,64.0,978.8,33.17,23.1,1,Very Severe Cyclonic Storm
CYC-2042-NIO-201,Mocha,Arabian Sea,2042-02-02T12:00:00Z,16.8,67.94,45.1,978.4,33.61,18.8,0,Cyclonic Storm
CYC-2042-NIO-201,Mocha,Arabian Sea,2042-02-02T18:00:00Z,17.24,68.05,29.8,990.0,22.02,18.98,0,Deep Depression
CYC-2042-NIO-201,Mocha,Arabian Sea,2042-02-03T00:00:00Z,17.54,68.05,20.0,1001.5,10.46,23.18,0,Depression
CYC-2042-NIO-202,Biparjoy,Bay of Bengal,2042-03-13T06:00:00Z,8.14,88.16,32.3,994.2,17.8,16.05,0,Deep Depression
CYC-2042-NIO-202,Biparjoy,Bay of Bengal,2042-03-13T12:00:00Z,8.46,88.44,37.0,992.7,19.32,22.57,0,Cyclonic Storm
CYC-2042-NIO-202,Biparjoy,Bay of Bengal,2042-03-13T18:00:00Z,8.81,89.01,37.8,981.9,30.06,21.61,0,Cyclonic Storm
CYC-2042-NIO-202,Biparjoy,Bay of Bengal,2042-03-14T00:00:00Z,9.23,89.62,43.0,984.8,27.25,17.21,0,Cyclonic Storm
CYC-2042-NIO-202,Biparjoy,Bay of Bengal,2042-03-14T06:00:00Z,9.56,89.87,44.3,977.7,34.28,9.14,0,Cyclonic Storm
CYC-2042-NIO-202,Biparjoy,Bay of Bengal,2042-03-14T12:00:00Z,9.96,90.2,49.6,987.9,24.09,20.21,1,Severe Cyclonic Storm
CYC-2042-NIO-202,Biparjoy,Bay of Bengal,2042-03-14T18:00:00Z,10.23,90.57,54.4,972.6,39.43,21.7,1,Severe Cyclonic Storm
CYC-2042-NIO-202,Biparjoy,Bay of Bengal,2042-03-15T00:00:00Z,10.63,91.11,58.9,986.3,25.73,23.55,1,Severe Cyclonic Storm
CYC-2042-NIO-202,Biparjoy,Bay of Bengal,2042-03-15T06:00:00Z,11.05,91.56,57.9,978.1,33.91,8.31,1,Severe Cyclonic Storm
CYC-2042-NIO-202,Biparjoy,Bay of Bengal,2042-03-15T12:00:00Z,11.42,91.87,62.8,974.2,37.82,9.18,1,Severe Cyclonic Storm
CYC-2042-NIO-202,Biparjoy,Bay of Bengal,2042-03-15T18:00:00Z,11.8,92.3,63.3,978.4,33.62,17.79,1,Severe Cyclonic Storm
CYC-2042-NIO-202,Biparjoy,Bay of Bengal,2042-03-16T00:00:00Z,12.24,92.7,65.0,978.6,33.36,10.41,1,Very Severe Cyclonic Storm
CYC-2042-NIO-202,Biparjoy,Bay of Bengal,2042-03-16T06:00:00Z,12.62,93.12,69.3,966.4,45.59,9.47,1,Very Severe Cyclonic Storm
CYC-2042-NIO-202,Biparjoy,Bay of Bengal,2042-03-16T12:00:00Z,12.97,93.51,72.6,964.6,47.41,18.99,1,Very Severe Cyclonic Storm
CYC-2042-NIO-202,Biparjoy,Bay of Bengal,2042-03-16T18:00:00Z,13.4,93.99,77.5,957.4,54.65,22.84,1,Very Severe Cyclonic Storm
CYC-2042-NIO-202,Biparjoy,Bay of Bengal,2042-03-17T00:00:00Z,13.66,94.34,76.9,966.6,45.44,12.19,1,Very Severe Cyclonic Storm
CYC-2042-NIO-202,Biparjoy,Bay of Bengal,2042-03-17T06:00:00Z,14.07,94.75,68.5,970.9,41.06,10.99,1,Very Severe Cyclonic Storm
CYC-2042-NIO-202,Biparjoy,Bay of Bengal,2042-03-17T12:00:00Z,14.61,95.21,66.5,972.0,40.01,19.75,1,Very Severe Cyclonic Storm
CYC-2042-NIO-202,Biparjoy,Bay of Bengal,2042-03-17T18:00:00Z,15.02,95.7,60.7,978.9,33.08,17.02,1,Severe Cyclonic Storm
CYC-2042-NIO-202,Biparjoy,Bay of Bengal,2042-03-18T00:00:00Z,15.33,96.13,56.3,980.7,31.33,8.78,1,Severe Cyclonic Storm
CYC-2042-NIO-202,Biparjoy,Bay of Bengal,2042-03-18T06:00:00Z,15.6,96.56,53.7,980.5,31.49,11.49,1,Severe Cyclonic Storm
CYC-2042-NIO-202,Biparjoy,Bay of Bengal,2042-03-18T12:00:00Z,15.85,97.05,45.5,985.3,26.72,20.68,0,Cyclonic Storm
CYC-2042-NIO-202,Biparjoy,Bay of Bengal,2042-03-18T18:00:00Z,16.28,97.47,42.2,984.7,27.28,20.79,0,Cyclonic Storm
CYC-2042-NIO-202,Biparjoy,Bay of Bengal,2042-03-19T00:00:00Z,16.67,97.71,39.2,994.3,17.67,10.08,0,Cyclonic Storm
CYC-2042-NIO-202,Biparjoy,Bay of Bengal,2042-03-19T06:00:00Z,17.12,98.15,34.5,990.2,21.78,15.51,0,Cyclonic Storm
CYC-2042-NIO-202,Biparjoy,Bay of Bengal,2042-03-19T12:00:00Z,17.44,98.51,28.4,991.6,20.39,16.58,0,Deep Depression
CYC-2042-NIO-202,Biparjoy,Bay of Bengal,2042-03-19T18:00:00Z,17.82,98.96,24.0,997.4,14.65,17.74,0,Depression
CYC-2042-NIO-203,Tej,Bay of Bengal,2042-05-06T00:00:00Z,8.27,84.87,39.1,988.6,23.41,16.57,0,Cyclonic Storm
CYC-2042-NIO-203,Tej,Bay of Bengal,2042-05-06T06:00:00Z,8.57,84.91,46.4,985.7,26.27,23.27,0,Cyclonic Storm
CYC-2042-NIO-203,Tej,Bay of Bengal,2042-05-06T12:00:00Z,8.91,84.79,52.7,977.4,34.57,20.47,1,Severe Cyclonic Storm
CYC-2042-NIO-203,Tej,Bay of Bengal,2042-05-06T18:00:00Z,9.09,84.71,58.2,979.5,32.55,21.48,1,Severe Cyclonic Storm
CYC-2042-NIO-203,Tej,Bay of Bengal,2042-05-07T00:00:00Z,9.34,84.54,67.7,965.9,46.07,9.62,1,Very Severe Cyclonic Storm
CYC-2042-NIO-203,Tej,Bay of Bengal,2042-05-07T06:00:00Z,9.47,84.47,74.5,968.8,43.23,9.42,1,Very Severe Cyclonic Storm
CYC-2042-NIO-203,Tej,Bay of Bengal,2042-05-07T12:00:00Z,9.76,84.41,82.6,962.5,49.49,8.55,1,Very Severe Cyclonic Storm
CYC-2042-NIO-203,Tej,Bay of Bengal,2042-05-07T18:00:00Z,9.88,84.3,87.5,954.6,57.36,22.32,1,Very Severe Cyclonic Storm
CYC-2042-NIO-203,Tej,Bay of Bengal,2042-05-08T00:00:00Z,10.13,84.14,91.6,954.2,57.78,9.5,1,Extremely Severe Cyclonic Storm
CYC-2042-NIO-203,Tej,Bay of Bengal,2042-05-08T06:00:00Z,10.4,84.04,98.6,953.7,58.32,19.88,1,Extremely Severe Cyclonic Storm
CYC-2042-NIO-203,Tej,Bay of Bengal,2042-05-08T12:00:00Z,10.75,83.96,103.7,948.7,63.28,23.77,1,Extremely Severe Cyclonic Storm
CYC-2042-NIO-203,Tej,Bay of Bengal,2042-05-08T18:00:00Z,11.07,83.81,107.3,951.9,60.1,23.22,1,Extremely Severe Cyclonic Storm
CYC-2042-NIO-203,Tej,Bay of Bengal,2042-05-09T00:00:00Z,11.4,83.79,114.7,944.9,67.06,9.55,1,Extremely Severe Cyclonic Storm
CYC-2042-NIO-203,Tej,Bay of Bengal,2042-05-09T06:00:00Z,11.65,83.84,122.1,933.2,78.76,22.81,1,Super Cyclonic Storm
CYC-2042-NIO-203,Tej,Bay of Bengal,2042-05-09T12:00:00Z,11.97,83.77,113.7,942.9,69.15,21.57,1,Extremely Severe Cyclonic Storm
CYC-2042-NIO-203,Tej,Bay of Bengal,2042-05-09T18:00:00Z,12.2,83.6,100.8,947.6,64.38,14.49,1,Extremely Severe Cyclonic Storm
CYC-2042-NIO-203,Tej,Bay of Bengal,2042-05-10T00:00:00Z,12.57,83.52,88.7,957.9,54.14,19.79,1,Very Severe Cyclonic Storm
CYC-2042-NIO-203,Tej,Bay of Bengal,2042-05-10T06:00:00Z,12.9,83.38,75.5,969.4,42.56,10.76,1,Very Severe Cyclonic Storm
CYC-2042-NIO-203,Tej,Bay of Bengal,2042-05-10T12:00:00Z,13.11,83.37,64.1,975.1,36.92,9.53,1,Very Severe Cyclonic Storm
CYC-2042-NIO-203,Tej,Bay of Bengal,2042-05-10T18:00:00Z,13.45,83.24,48.7,982.1,29.91,12.49,1,Severe Cyclonic Storm
CYC-2042-NIO-203,Tej,Bay of Bengal,2042-05-11T00:00:00Z,13.67,83.23,36.2,990.5,21.52,18.05,0,Cyclonic Storm
CYC-2042-NIO-203,Tej,Bay of Bengal,2042-05-11T06:00:00Z,14.01,83.12,29.8,995.3,16.71,10.84,0,Deep Depression
CYC-2042-NIO-203,Tej,Bay of Bengal,2042-05-11T12:00:00Z,14.33,83.05,20.0,1004.3,7.72,9.66,0,Depression
CYC-2042-NIO-203,Tej,Bay of Bengal,2042-05-11T18:00:00Z,14.63,83.08,20.0,994.6,17.41,13.84,0,Depression
CYC-2042-NIO-204,Hamoon,Arabian Sea,2042-07-04T00:00:00Z,13.38,66.54,35.0,991.9,20.08,8.09,0,Cyclonic Storm
CYC-2042-NIO-204,Hamoon,Arabian Sea,2042-07-04T06:00:00Z,13.88,66.44,37.1,986.7,25.27,16.68,0,Cyclonic Storm
CYC-2042-NIO-204,Hamoon,Arabian Sea,2042-07-04T12:00:00Z,14.38,66.26,39.0,992.5,19.52,9.12,0,Cyclonic Storm
CYC-2042-NIO-204,Hamoon,Arabian Sea,2042-07-04T18:00:00Z,14.83,66.07,38.4,988.2,23.83,14.77,0,Cyclonic Storm
CYC-2042-NIO-204,Hamoon,Arabian Sea,2042-07-05T00:00:00Z,15.31,65.84,39.4,988.3,23.73,23.72,0,Cyclonic Storm
CYC-2042-NIO-204,Hamoon,Arabian Sea,2042-07-05T06:00:00Z,15.74,65.74,42.1,989.0,23.0,9.12,0,Cyclonic Storm
CYC-2042-NIO-204,Hamoon,Arabian Sea,2042-07-05T12:00:00Z,16.21,65.59,41.8,990.4,21.58,14.24,0,Cyclonic Storm
CYC-2042-NIO-204,Hamoon,Arabian Sea,2042-07-05T18:00:00Z,16.7,65.31,44.0,984.1,27.89,22.25,0,Cyclonic Storm
CYC-2042-NIO-204,Hamoon,Arabian Sea,2042-07-06T00:00:00Z,17.12,65.14,45.8,980.3,31.68,20.31,0,Cyclonic Storm
CYC-2042-NIO-204,Hamoon,Arabian Sea,2042-07-06T06:00:00Z,17.59,64.96,49.8,981.8,30.24,10.88,1,Severe Cyclonic Storm
CYC-2042-NIO-204,Hamoon,Arabian Sea,2042-07-06T12:00:00Z,17.97,64.85,57.2,985.0,27.02,9.21,1,Severe Cyclonic Storm
CYC-2042-NIO-204,Hamoon,Arabian Sea,2042-07-06T18:00:00Z,18.29,64.52,58.1,973.4,38.64,11.59,1,Severe Cyclonic Storm
CYC-2042-NIO-204,Hamoon,Arabian Sea,2042-07-07T00:00:00Z,18.63,64.43,52.3,977.0,35.02,16.46,1,Severe Cyclonic Storm
CYC-2042-NIO-204,Hamoon,Arabian Sea,2042-07-07T06:00:00Z,19.05,64.31,44.5,989.5,22.46,20.21,0,Cyclonic Storm
CYC-2042-NIO-204,Hamoon,Arabian Sea,2042-07-07T12:00:00Z,19.59,64.05,43.6,991.9,20.11,18.62,0,Cyclonic Storm
CYC-2042-NIO-204,Hamoon,Arabian Sea,2042-07-07T18:00:00Z,20.08,63.85,42.3,988.6,23.45,21.09,0,Cyclonic Storm
CYC-2042-NIO-204,Hamoon,Arabian Sea,2042-07-08T00:00:00Z,20.53,63.73,37.2,986.8,25.2,15.68,0,Cyclonic Storm
CYC-2042-NIO-204,Hamoon,Arabian Sea,2042-07-08T06:00:00Z,21.13,63.55,32.7,994.4,17.63,8.1,0,Deep Depression
CYC-2042-NIO-204,Hamoon,Arabian Sea,2042-07-08T12:00:00Z,21.74,63.48,29.2,996.5,15.52,16.39,0,Deep Depression
CYC-2042-NIO-204,Hamoon,Arabian Sea,2042-07-08T18:00:00Z,22.37,63.28,22.0,998.9,13.06,13.44,0,Depression
CYC-2042-NIO-204,Hamoon,Arabian Sea,2042-07-09T00:00:00Z,22.87,63.14,20.0,998.0,14.04,8.97,0,Depression
CYC-2042-NIO-205,Midhili,Bay of Bengal,2042-08-31T06:00:00Z,11.08,84.1,65.8,965.1,46.93,15.9,1,Very Severe Cyclonic Storm
CYC-2042-NIO-205,Midhili,Bay of Bengal,2042-08-31T12:00:00Z,11.66,84.16,105.5,951.4,60.59,15.46,1,Extremely Severe Cyclonic Storm
CYC-2042-NIO-205,Midhili,Bay of Bengal,2042-08-31T18:00:00Z,12.19,84.28,47.7,984.8,27.23,22.25,0,Cyclonic Storm
